Pathway,TCGA-05-4244-01A,TCGA-05-4249-01A,TCGA-05-4250-01A,TCGA-05-4382-01A,TCGA-05-4384-01A,TCGA-05-4389-01A,TCGA-05-4390-01A,TCGA-05-4395-01A,TCGA-05-4396-01A,TCGA-05-4397-01A,TCGA-05-4398-01A,TCGA-05-4402-01A,TCGA-05-4403-01A,TCGA-05-4405-01A,TCGA-05-4410-01A,TCGA-05-4415-01A,TCGA-05-4417-01A,TCGA-05-4418-01A,TCGA-05-4420-01A,TCGA-05-4422-01A,TCGA-05-4424-01A,TCGA-05-4425-01A,TCGA-05-4426-01A,TCGA-05-4427-01A,TCGA-05-4430-01A,TCGA-05-4432-01A,TCGA-05-4433-01A,TCGA-05-4434-01A,TCGA-05-5420-01A,TCGA-05-5423-01A,TCGA-05-5425-01A,TCGA-05-5428-01A,TCGA-05-5429-01A,TCGA-05-5715-01A,TCGA-35-3615-01A,TCGA-35-4122-01A,TCGA-35-4123-01A,TCGA-35-5375-01A,TCGA-38-4625-01A,TCGA-38-4626-01A,TCGA-38-4627-01A,TCGA-38-4628-01A,TCGA-38-4629-01A,TCGA-38-4630-01A,TCGA-38-4631-01A,TCGA-38-4632-01A,TCGA-38-6178-01A,TCGA-38-7271-01A,TCGA-38-A44F-01A,TCGA-44-2655-01A
SA_B_CELL_RECEPTOR_COMPLEXES,0.214525871,0.25644068,0.194484617,0.053460988,0.000305542,-0.199078175,-0.109570032,0.031815086,-0.017911317,-0.144014884,0.413198706,0.012734785,0.251243247,0.361433977,0.230489561,-0.420723735,0.226027424,-0.336077012,-0.119754338,-0.112573442,-0.039627017,0.184028835,0.290418478,0.182770297,-0.185603837,-0.320893173,0.476809399,0.099609502,-0.394416833,-0.179363631,-0.268836295,-0.393445563,-0.031776862,0.161156093,-0.454530015,-0.293896601,-0.196999136,-0.458923535,-0.141980807,0.368985417,0.070940149,-0.245811312,-0.001137252,-0.299027452,-0.2846489,-0.274279146,0.05898542,0.344624289,-0.230077822,0.129196892
SA_CASPASE_CASCADE,-0.021461029,0.012832111,0.369024724,-0.083388169,-0.18554169,-0.120746924,-0.465524353,0.342751111,0.319197056,0.166168221,0.00238365,0.252946483,0.080304382,0.39549684,0.566108749,0.491771423,-0.133826982,0.092108769,-0.42029799,0.150908253,0.219534841,0.191161781,-0.198201953,0.302339662,-0.295054049,0.062888482,0.416480286,0.38543556,0.320809878,0.0736954,0.200513965,0.093459659,-0.229331503,-0.153675652,-0.22590998,-0.115912515,0.119424076,-0.182588773,-0.043950389,0.1645489,-0.399254702,-0.338438837,-0.041116309,-0.126505031,-0.1161632,0.187261406,-0.036198575,0.250610824,-0.225217918,-0.123045874
SA_FAS_SIGNALING,0.244898672,-0.308103641,0.640452942,0.15344008,-0.480644292,0.411753865,-0.596738434,0.324903632,-0.053307966,0.231259715,0.456454678,0.300587716,0.143281957,0.14410704,0.453721505,-0.117373536,0.222418215,0.20447984,-0.740097613,-0.119183413,-0.160922805,0.404560748,0.18708001,0.080963986,0.113728676,-0.422428385,0.140667166,0.355046759,0.495760624,0.359246222,0.153623973,0.355224834,0.156671718,0.260651998,-0.069591118,0.481279239,0.608383642,0.020657,0.030321603,-0.091645829,0.103580055,0.110416841,0.487000621,-0.612589819,0.216130045,0.451951945,-0.279621321,0.362281193,0.334001948,0.36064395
SA_G1_AND_S_PHASES,0.235064187,0.113328733,0.165630022,0.08527855,-0.196274795,0.542621498,0.452364649,0.611710292,-0.056256323,0.427135639,-0.056438505,0.02315044,0.003795968,0.049567884,-0.246480118,-0.053948778,-0.126375704,0.27468909,0.474336522,0.144518329,0.049109049,-0.175438614,0.426919012,0.271130501,0.419718988,0.408857747,0.224796024,0.22824892,0.162590527,0.127586245,0.341198122,-0.091540559,0.143905906,0.193560053,-0.211337848,0.119360604,0.196938959,-0.089269864,0.388967905,-0.199710807,-0.230017627,0.655476541,0.178664234,0.26354055,0.251351831,0.200134617,-0.382116059,0.021751321,-0.288292617,0.066368033
SA_G2_AND_M_PHASES,0.349503956,-0.602605005,0.668678126,-0.348899286,-0.629524158,0.183373297,0.073777375,0.177205406,-0.371189328,0.219834119,-0.536007475,-0.275851863,-0.089515214,-0.49986561,-0.55879458,0.538637299,-0.214227078,0.177993248,0.053962734,-0.164409534,-0.222462061,0.599269402,0.534883561,0.428236533,0.009587543,-0.27164212,-0.095126354,-0.051829781,-0.019258204,-0.099794226,0.095671181,-0.264772431,0.192708456,-0.302200565,-0.631112103,0.354900552,0.190524742,0.320653751,0.432249911,-0.488968605,0.042670703,-0.036552347,0.491872327,0.084110159,0.309820092,0.168366209,-0.266561766,0.052527076,-0.224302482,-0.241593607
SA_MMP_CYTOKINE_CONNECTION,0.031014816,0.441338325,-0.10249916,0.425572107,0.39589754,0.255223771,-0.375758794,0.103005384,-0.263691935,-0.496914464,0.662254974,0.042017505,0.16615871,0.205305165,0.47041838,-0.174532746,0.574275811,0.109278276,-0.477855016,0.104506188,0.253998898,0.522570965,0.397870854,-0.278996445,0.362972057,-0.157758999,0.463514401,0.609281524,0.450046596,0.226517183,0.305530797,-0.088446195,-0.548616112,-0.160044031,-0.261753698,0.496902397,0.53590318,-0.174414698,0.088905149,0.586717053,0.2497542,-0.029579533,0.493529077,-0.381317772,-0.441144743,0.45569065,-0.067454719,0.663179456,0.426192046,-0.300244953
SA_PROGRAMMED_CELL_DEATH,-0.115139081,0.310388679,0.088282652,0.035273815,-0.361270617,0.267158252,-0.210966976,-0.021147743,-0.268016898,0.182224722,-0.059003418,0.425947126,0.358951699,0.011914037,0.061199042,-0.044902485,-0.283735672,0.246905269,0.108357607,-0.38402596,0.218783516,0.010966048,-0.17174568,0.276119377,0.362910953,0.280671724,0.207385847,-0.135416606,0.152288933,0.090238985,0.488318182,0.234458477,0.317307304,0.263144424,-0.18152865,0.260036168,0.171615078,0.316759401,0.211338592,0.181349058,0.19314277,0.403397073,0.131542214,0.103263809,0.462318388,0.254445611,-0.124445338,0.177731248,0.076461513,-0.051444617
SA_PTEN_PATHWAY,0.302081554,0.515344448,0.149289358,-0.100927855,0.580518358,0.119563746,0.011340315,-0.11639917,-0.12413962,-0.071690235,0.059769876,0.138967409,0.121925114,0.268369977,0.359228622,-0.082804583,0.261998055,-0.500836022,-0.489939587,-0.033745901,0.430280366,-0.014074933,0.335366586,0.180564518,-0.015486486,0.005704956,0.468440543,-0.032956272,-0.397777705,0.033836937,-0.112592996,-0.32283186,-0.209403192,0.221090363,-0.4619501,-0.300467794,-0.204622255,-0.610363394,-0.225707268,0.473854377,0.274419816,-0.203141588,-0.096745521,-0.255987671,-0.314816819,-0.099295187,0.397503784,0.45906206,-0.523272776,0.073756866
SA_REG_CASCADE_OF_CYCLIN_EXPR,0.187130395,-0.477828545,0.464788972,0.022882403,-0.553674394,0.344024639,0.496293049,0.617835204,-0.152326997,0.577608444,0.339146023,-0.27428816,-0.555509454,-0.438089656,0.219089899,0.282320212,-0.410701083,0.205405577,0.557630482,-0.044004613,-0.218589861,-0.323135474,0.277201426,0.182988265,0.076570097,0.257256299,0.091729866,0.207000843,0.236017682,0.226608805,0.308276047,0.336416483,-0.107501789,-0.365913799,-0.586740271,0.390927425,0.418000323,0.261983004,0.556212188,-0.524254832,-0.191597321,0.519426487,0.477328922,0.495343114,0.49450957,0.558711876,-0.422610625,-0.289482973,-0.401642616,-0.698055497
SA_TRKA_RECEPTOR,0.079577668,0.190986784,0.437471278,-0.009580064,-0.028935673,0.248091426,-0.027691513,0.090224943,-0.170014586,0.228932437,0.091631066,0.182050652,0.222136369,0.305491258,0.090301676,0.237941131,0.337786164,-0.036669075,-0.080081497,-0.399092396,0.034825175,0.164478554,0.366831803,0.511133057,0.494220951,0.205586004,0.325764092,0.064559813,-0.32552506,-0.295559686,-0.078725855,-0.399062761,-0.245296652,-0.246967136,-0.305480936,0.100689503,-0.134423578,-0.435291167,0.230476609,0.465476432,0.490275107,0.224975753,0.470740914,-0.075579705,-0.122023828,0.126835109,-0.042894832,0.411656609,-0.358121293,-0.047836734
SIG_BCR_SIGNALING_PATHWAY,-0.298617271,0.413908878,-0.062191961,0.217182687,0.011511415,-0.01214803,-0.117223154,-0.352587971,0.004212892,-0.184502888,0.039167553,0.110453696,0.209377408,0.337353609,0.491828202,-0.358566811,0.388178659,-0.275529647,-0.371714016,0.31605615,0.321330987,-0.032842097,0.062537621,0.185355879,-0.03850061,0.193070515,0.410731266,0.128097759,-0.201933785,-0.202440586,-0.028616236,-0.383132233,-0.319023126,0.162937124,-0.265436623,-0.146869154,-0.114917559,-0.445707756,-0.239207956,0.323482768,0.094333346,-0.129126062,0.085572219,-0.05377323,-0.40757708,-0.141352773,-0.104691027,0.51061572,0.020803171,-0.145544631
SIG_CD40PATHWAYMAP,0.111567643,-0.012243896,0.05059486,-0.332510882,0.121119614,-0.04056853,-0.187678754,0.166249145,0.135729656,-0.009186216,0.156839375,-0.040790542,-0.164875029,-0.073652138,0.036062365,-0.189543171,-0.100124648,-0.038530246,-0.261875109,0.104375147,-0.220801097,-0.060435643,0.109784645,0.036337749,0.123891155,0.18710071,0.035770332,0.006655038,-0.288741356,-0.287033615,-0.048742153,-0.220154039,-0.377464156,-0.38979577,0.0160781,-0.157644472,-0.022756863,-0.363336801,0.20984872,0.001361108,-0.241957664,-0.300129955,-0.19419659,-0.083394087,-0.007367357,-0.236489608,-0.206255029,0.189275424,-0.127955171,-0.179633738
SIG_CHEMOTAXIS,0.059562693,0.326496428,0.352481122,-0.003734258,0.071638177,-0.004441681,0.245857541,-0.284430276,0.164077418,-0.096921484,-0.0326025,0.154590219,0.018528447,0.320841196,0.306214513,0.211679386,0.325705195,-0.292287079,-0.283324579,-0.132953191,0.396909336,0.110950185,-0.043000342,0.33958509,0.165609117,0.227147455,0.220314432,0.100108004,-0.2872865,-0.290383019,0.119192398,-0.257103316,-0.243484297,-0.056856825,-0.213939715,-0.048398878,0.179534449,-0.353359465,-0.171669111,0.29422693,0.122055345,-0.091751676,0.213664669,-0.059094016,-0.173401468,-0.079706826,0.297983889,0.396202102,-0.435044343,-0.244901276
SIG_IL4RECEPTOR_IN_B_LYPHOCYTES,0.165943128,0.334780289,0.197678234,0.12313426,0.204004053,-0.112781774,0.281843203,-0.118059312,0.025001023,0.016296861,0.098572571,0.151309083,-0.08146229,0.261597736,0.439697229,-0.105017404,0.342519699,-0.41145637,-0.359721394,0.048039344,0.35651852,-0.059782014,0.152733452,0.200547443,-0.016083744,0.21340121,0.345197882,0.099398869,-0.424816395,-0.349440585,-0.103089729,-0.497404602,-0.363990084,-0.167805093,-0.471250432,-0.272188147,-0.127642373,-0.538636057,-0.300521804,0.282960648,0.18859026,-0.062136184,-0.009128146,0.151674208,-0.301091148,-0.390899491,0.230978292,0.40734197,-0.387104377,-0.253593425
SIG_INSULIN_RECEPTOR_PATHWAY_IN_CARDIAC_MYOCYTES,0.273760745,0.320282485,0.334713485,0.235571365,0.257699174,-0.120617254,0.184304529,0.018834374,0.131093624,0.143414169,0.020393875,0.081776549,0.257547458,0.265063879,0.243059122,0.066517006,0.121911748,-0.323622551,-0.101748756,-0.173066164,0.376246205,0.030095103,0.119727289,0.3480615,0.135571504,0.016955833,0.408473567,0.030579626,-0.329336421,-0.261184235,-0.033082729,-0.200239185,-0.174843745,-0.033026915,-0.171888628,-0.158131633,-0.060488648,-0.340124049,-0.062202399,0.292788267,0.25467993,0.122702651,0.141750677,0.021606169,-0.104073559,-0.092400823,0.403523778,0.321821579,-0.314457936,-0.099239653
SIG_PIP3_SIGNALING_IN_B_LYMPHOCYTES,0.121502951,0.478352103,-0.082948954,0.152715493,0.104629564,-0.242898408,-0.033975872,-0.340016893,0.061569378,-0.245685536,0.060954127,-0.011621263,-0.076629697,0.22679103,0.544531056,-0.369128618,0.262514189,-0.363056001,-0.461125027,0.231481297,0.201798312,0.040503497,-0.015006599,0.296885214,-0.16089344,0.096949013,0.46024616,0.019670868,-0.210379316,-0.025805237,0.085739742,-0.290768455,-0.448931737,0.138955391,-0.21040955,-0.119140006,-0.105234585,-0.478518141,-0.157688651,0.48739808,-0.010451907,-0.040116366,0.054302314,-0.311499014,-0.350349519,-0.134651476,0.079238725,0.480137045,-0.123338109,-0.181356986
SIG_PIP3_SIGNALING_IN_CARDIAC_MYOCTES,0.20984471,0.334172127,0.229625664,-0.006538669,0.118458707,-0.118255145,0.126872108,0.005895798,0.196585301,0.074637302,0.159330944,0.133768965,0.163874289,0.144464323,0.323195265,0.0009428,-0.005068404,-0.286793919,-0.165065797,-0.096449352,0.315651693,-0.032822718,0.186887395,0.372919532,0.076155624,0.166006759,0.269419498,0.036892459,-0.252441942,-0.198391582,0.006661887,-0.256818489,-0.197948606,-0.021530008,-0.231740738,-0.087448251,0.018986425,-0.287693403,0.088381262,0.18565908,0.062551316,0.004234066,0.187941832,0.125734538,-0.075379796,-0.019926133,0.352705445,0.235530234,-0.300292567,-0.152379434
SIG_REGULATION_OF_THE_ACTIN_CYTOSKELETON_BY_RHO_GTPASES,-0.282414092,0.113992572,0.670449999,0.206501738,-0.162919731,-0.076004097,0.362503917,0.18307534,-0.057383218,-0.195991001,0.151009632,0.283656577,0.228043496,0.086584585,-0.025153004,0.269718749,0.37899738,0.161272216,0.09426036,-0.414838814,0.348673322,0.007121905,-0.02504727,0.318383272,0.348900067,0.13039123,0.084410804,0.209128056,-0.332576837,-0.353143773,-0.105585447,-0.011739512,0.066715687,-0.079676167,-0.233370955,0.245571944,0.474568406,-0.015264534,0.189229932,0.07044733,0.359231424,0.211940325,0.52707253,0.214017674,0.287109237,0.313827993,-0.005243537,0.311951246,-0.279126374,0.182096941
WNT_SIGNALING,-0.308526633,0.013822133,-0.078842775,0.076135746,0.235936489,-0.084586977,-0.025663855,-0.191863813,-0.006200045,-0.419533204,-0.284533498,0.304811413,0.036320279,0.212950448,0.119969024,-0.107957207,0.133091308,-0.125280509,-0.072291677,-0.078121925,0.13987088,-0.168516366,-0.198322416,-0.122324928,0.166280416,0.210908945,-0.079288263,-0.115731874,-0.343127608,-0.273506545,-0.28913548,-0.413442216,-0.154881991,-0.206364492,-0.023203703,-0.264036776,-0.285993006,-0.199452604,-0.192973543,0.06597891,0.273311154,-0.014775436,-0.089472624,0.043291111,-0.299481288,-0.295408411,0.249524448,0.329828566,0.039337251,-0.00136459
BIOCARTA_41BB_PATHWAY,0.152854538,0.297342167,0.297532115,-0.261637906,-0.254220407,0.065405433,0.07072667,0.126801321,0.321772205,-0.389990782,0.531990637,-0.196834056,-0.326199666,-0.118640799,-0.070537101,0.002242364,0.39699758,-0.085135911,-0.33305218,0.156091115,-0.432490629,0.45825436,0.273288084,0.524542885,-0.06268921,0.01115123,-0.005869112,0.270960908,-0.084269546,-0.235554115,0.140854025,-0.061760776,-0.094678216,-0.083402777,-0.261097497,-0.195950838,0.226048338,-0.414171293,-0.108757341,0.000755694,-0.138903932,-0.250019241,-0.02893877,-0.001962241,-0.334640476,-0.172708478,0.020012042,0.232101033,-0.326059076,-0.133134982
BIOCARTA_ACE2_PATHWAY,-0.182706391,-0.26386326,-0.430690507,-0.093883048,0.372718064,0.136183891,0.083552043,-0.386310686,0.286030027,-0.491923135,-0.323280179,-0.029210007,-0.022449907,0.335668035,-0.303447313,-0.226096465,0.358946245,-0.316313415,-0.296774524,-0.163799278,0.058940704,-0.668690767,-0.461310396,-0.524597129,0.095135393,-0.217878104,-0.25709712,0.265010926,0.411011098,-0.160437626,0.268651076,-0.288167248,-0.483878189,-0.027484912,-0.28171666,-0.123608053,-0.551268848,-0.13907878,-0.407067825,0.615814473,0.499974182,-0.223546391,-0.252372628,-0.438624133,-0.476403551,-0.093930344,0.237403435,0.639917597,0.368569752,0.330905426
BIOCARTA_ACETAMINOPHEN_PATHWAY,0.116552175,0.629589535,-0.166260713,-0.068320437,-0.656415769,-0.599815705,0.204141429,0.677800751,-0.197006778,-0.665944971,-0.32174781,0.259098323,-0.191687357,0.729710824,-0.127779115,-0.03907763,0.58737032,0.628236355,-0.080625888,-0.052287333,0.198870608,0.340018756,-0.029860171,-0.50374803,0.148967985,0.656949326,-0.296075546,0.017624266,0.387247304,-0.122017611,-0.157018884,-0.314973784,0.028914791,-0.468565619,-0.531889941,0.666170952,-0.363170623,-0.217340228,0.284466334,0.39530724,0.577639201,-0.494181326,0.161273353,0.250377472,-0.021276185,-0.148852063,0.437430599,0.288352508,0.560847993,-0.68895068
BIOCARTA_ACH_PATHWAY,-0.265684246,0.319576415,0.022398631,-0.052631579,-0.199549649,-0.267220367,-0.274024628,-0.404932833,-0.015409122,0.159698355,0.006103791,0.562068591,0.213149341,0.302087446,0.586197182,-0.195796823,0.492986282,-0.387880958,-0.194329435,0.2996856,0.240972043,-0.173104755,-0.099844674,0.17209259,0.186226071,0.27577304,0.185657649,-0.240386295,-0.179521942,-0.002632385,-0.11285952,-0.372750634,-0.198946103,0.053110372,-0.500409199,-0.078520509,0.025064341,-0.14276424,0.047070032,0.148163167,0.310773361,-0.113883908,0.183498483,-0.114093325,-0.219494068,-0.387461652,0.296693065,0.37449187,-0.02884566,-0.2252999
BIOCARTA_ACTINY_PATHWAY,0.148210851,-0.598434825,0.219079403,-0.031859443,0.164880922,0.27723045,-0.359183822,0.473156253,0.35063277,0.451530328,0.011559673,0.266782271,-0.112843687,0.005160531,-0.050206291,0.45732046,0.336100191,0.090072393,-0.040052246,-0.276120014,0.274482108,-0.406548987,-0.368328843,0.390897164,-0.347393667,0.109559074,0.206105276,0.022219979,-0.224216746,0.048436493,-0.54321892,0.284464324,-0.131659597,-0.125410066,-0.190785398,0.256825574,0.041238817,0.346293535,-0.175708102,-0.085909452,0.197665424,0.169448758,0.390203836,-0.245274628,0.514920348,-0.071681882,0.379076443,-0.001138233,-0.393976308,0.177475726
BIOCARTA_AGPCR_PATHWAY,-0.348379548,-0.059215809,0.19960178,-0.119425889,0.472579245,0.013150919,-0.123142047,-0.052996406,0.262244972,-0.520445725,-0.284256141,-0.237122613,0.287637518,0.110328735,0.174971262,0.036192092,0.355449345,-0.519060043,-0.14449824,0.385437974,0.330807783,0.249006568,0.01102121,0.436756969,0.04432208,0.569706249,0.260465919,-0.318898611,-0.305073465,0.279923518,-0.626883125,-0.071684209,-0.196855286,-0.321405695,0.032339142,-0.155553574,-0.024204573,-0.490169526,-0.51382757,0.221134024,0.118670184,0.040833097,0.090974265,-0.58189633,-0.18068807,0.233906009,0.036948265,0.275741206,-0.072254148,0.020855762
BIOCARTA_AGR_PATHWAY,-0.085546715,-0.124640295,0.131670527,0.000449277,0.228302899,-0.349254082,-0.243078782,0.100059217,0.040648385,-0.309658593,0.117339644,0.348222201,0.314931083,0.252084735,0.328258509,-0.001801544,0.313315247,0.062039954,-0.158944371,-0.034297513,0.161669098,-0.321275551,-0.291835378,0.152756282,0.008828598,0.126942748,0.467154361,0.060036696,-0.507917751,-0.334276647,0.027483995,-0.474693244,0.186263762,-0.105074096,-0.414199192,-0.170531181,-0.24078885,-0.333603577,-0.064624207,0.048358824,0.20889326,0.000777381,0.237692638,-0.19650819,-0.368508773,-0.304705282,0.255294944,0.175440073,-0.01017337,-0.181714473
BIOCARTA_AHSP_PATHWAY,0.243691078,-0.534297418,0.018201551,0.085144834,0.501058821,0.407694656,0.065419156,0.092648917,-0.003816208,0.084707299,-0.05515436,-0.30136976,0.335466365,0.168453124,-0.187683335,0.198965991,0.299747159,0.19275481,0.601343529,0.161731405,-0.050776135,0.286653318,-0.107668674,-0.032700693,0.213079001,0.008293284,-0.074977916,-0.152017758,0.052168638,0.552531274,-0.064461443,0.604369677,0.375329012,-0.147212074,0.319966148,0.122010042,0.353494183,0.045537606,0.52919195,0.462569506,0.05116663,0.491791628,0.523862286,-0.005093103,0.522970015,0.475396119,-0.439184639,-0.245087345,0.301994288,0.57584765
BIOCARTA_AKAP13_PATHWAY,-0.512358593,0.090066373,-0.182419158,0.204839098,0.648532546,0.007450507,0.17536796,0.43068569,0.329998245,-0.204352248,-0.298796102,0.217096404,0.502628948,0.288313033,-0.07233911,0.121481345,-0.163836911,-0.15908959,0.216248111,-0.224697987,0.464027488,0.302974336,0.101673293,0.063671607,0.329468471,0.240614284,0.3438426,-0.466414089,-0.075940574,-0.105520929,-0.254586786,0.111850098,-0.012344786,-0.015872085,0.482623852,0.112479096,-0.10930042,-0.312530739,-0.249131468,0.27210668,0.253206245,0.249190229,-0.032290896,-0.223394643,-0.188301137,0.239515109,-0.021248587,0.403272953,-0.004976443,0.499432009
BIOCARTA_AKAP95_PATHWAY,-0.008418546,-0.242580078,0.339859195,-0.419412779,-0.049995866,0.018527725,0.354185474,0.515228786,0.098173444,0.185183948,0.007127247,-0.053873924,-0.081088024,-0.511694387,-0.397920827,0.431621519,-0.180274944,0.294092348,0.284203065,-0.005060064,0.621651028,-0.052034382,0.23928503,0.296260793,-0.524873122,-0.135132695,-0.040259975,-0.040690363,0.137100779,0.063721585,0.177015019,0.291832435,0.415911696,-0.282022215,0.15192363,0.159546938,0.181177023,0.197331215,0.136914869,-0.247023095,-0.38920889,-0.042110335,-0.002978877,0.238853823,-0.066662088,0.32532172,-0.213608514,-0.193594226,-0.368790898,-0.037932742
BIOCARTA_AKAPCENTROSOME_PATHWAY,-0.056966637,-0.389891234,0.366733576,-0.435925327,0.295073728,0.015903386,0.198661987,0.326271713,0.155124317,-0.002750041,0.144207985,-0.06469617,0.101897539,-0.15075837,-0.071013181,0.319554469,-0.231303595,-0.242644857,0.135946616,-0.236979329,0.528937798,0.051039642,-0.136854732,0.488913416,-0.345662953,0.110450923,-0.007928242,-0.144568599,-0.307648876,-0.030448391,-0.060307812,0.308365299,-0.038079984,-0.193473963,0.209426086,0.039846782,0.141934785,-0.023975767,0.058696886,0.115538995,-0.158685347,0.032949005,0.24731555,-0.049771584,-0.151914639,0.190366215,0.04569805,-0.120591511,-0.269437905,0.13897468
BIOCARTA_AKT_PATHWAY,0.030258713,0.370787178,0.132360929,-0.248090455,0.280922031,0.027049173,0.286870846,-0.085506488,0.143532931,0.018373095,-0.169118415,0.400794475,0.29434191,-0.178287924,0.165214462,-0.021827748,0.316093276,-0.307091316,-0.402787387,0.178934735,0.417917488,-0.035758908,0.182859012,0.351909132,0.099802461,0.125114007,0.461653798,-0.065519169,-0.171014936,-0.17355726,-0.011136451,-0.37125989,-0.207852281,0.088921371,-0.130496193,-0.2437152,-0.092106654,-0.36318166,-0.131492724,0.317466952,0.472780306,-0.012167385,0.338248269,0.074112199,0.017628609,-0.44448928,0.226659811,0.359724222,-0.1541366,0.164181802
BIOCARTA_ALK_PATHWAY,-0.324134239,0.224494897,0.005287092,0.195028462,0.1422053,-0.423746851,-0.150604343,-0.416944146,0.372198672,-0.423552057,-0.290252214,0.331546906,0.248793678,0.432114015,0.082994164,0.066122642,0.336594311,-0.226402656,-0.238333101,-0.273655188,0.143445577,0.413548231,-0.042442283,0.163613677,0.345998031,-0.189277737,0.265405376,-0.27516363,-0.393341274,-0.29003109,-0.239441422,-0.401933151,0.008114988,-0.254590256,-0.152606807,-0.182697655,-0.161962363,-0.383122144,-0.435981738,0.332196155,0.412461982,-0.062203947,-0.093194197,-0.099728961,-0.16263984,-0.273893525,0.275320451,0.34387767,0.081735701,0.31148349
BIOCARTA_ALTERNATIVE_PATHWAY,-0.009880339,0.270641945,-0.525817925,-0.445433809,0.490763229,-0.179857838,0.217863375,0.143670686,0.780715922,-0.460830402,-0.244907692,0.050718477,0.354821799,0.242557297,0.530207541,-0.202227649,0.462187757,0.233745296,0.227242636,0.623919847,0.028342908,-0.189720777,0.111687868,-0.661053835,0.467089185,0.066810776,0.320854052,-0.007278786,0.568428534,0.162931403,0.640543649,-0.165569957,-0.289864723,0.06196092,0.477234062,0.011190326,-0.40636772,-0.444253261,0.073785267,0.532713654,0.385991246,-0.232771801,-0.418600075,-0.782050112,-0.086982323,-0.090703765,0.327870211,0.632869738,0.613392293,0.451303594
BIOCARTA_AMAN_PATHWAY,-0.220614999,0.174813609,-0.427877212,0.41326288,0.18497314,0.162177088,-0.168428144,-0.237728814,0.172325694,-0.187540823,-0.412669009,0.120930638,0.50393315,0.105587157,0.45017963,-0.410116739,0.274202273,0.085229911,0.027037221,0.223165553,-0.107918814,0.003147992,-0.416481447,-0.349358047,-0.371906302,0.303868941,0.345431706,-0.184102721,0.185831949,-0.142676886,0.185823928,-0.294228467,-0.289340858,0.430273612,-0.197907585,-0.145177677,-0.32657945,-0.373279624,-0.560824832,0.175030236,0.233932845,0.141671969,-0.131966974,-0.453989671,-0.439040551,-0.305911298,0.031429927,0.370418936,0.297183539,-0.197129837
BIOCARTA_AMI_PATHWAY,-0.551776614,-0.404675715,-0.355919163,0.211568417,0.007681131,0.061377616,0.628846788,-0.095791868,0.544332964,-0.544083244,-0.639805638,-0.109951907,0.215161915,-0.15303104,-0.321491798,0.29920473,0.524267568,0.385986336,0.125725786,0.149393171,-0.003940876,-0.522688008,-0.30532699,-0.39197348,0.026415416,-0.093030042,-0.230431347,0.132904434,0.35089795,-0.410463222,0.526907927,-0.254134469,-0.298911432,0.095899484,-0.281657291,-0.145653929,-0.452311679,0.076157357,-0.560876616,0.37564097,0.529614248,-0.256537009,-0.121649584,-0.604532378,0.011550941,-0.018751844,0.071891637,0.518497779,0.374240835,-0.283146676
BIOCARTA_ARAP_PATHWAY,0.156075058,0.465072904,-0.100803902,-0.149548018,-0.026529759,-0.267922744,-0.302132853,0.195158149,0.358599218,-0.22680567,0.07217872,-0.197373241,-0.015974829,0.052222005,-0.033485756,-0.090545843,0.09318804,-0.263105802,-0.505194146,0.063029078,0.179752578,0.201701027,-0.176480405,-0.017207835,-0.462343796,0.061420368,0.537291851,0.172057654,-0.377576875,-0.42095926,-0.28718433,-0.49156335,-0.273693727,0.122000909,-0.337450808,-0.513882447,-0.46993687,-0.54886044,-0.215744803,0.304500455,-0.232774945,-0.41283583,-0.053626247,-0.327861142,-0.414042074,-0.394201178,0.107205318,-0.053214423,0.016359042,-0.424898178
BIOCARTA_ARENRF2_PATHWAY,0.059900133,0.114660766,0.20288898,-0.157600151,0.227741649,0.068168895,0.147375328,-0.027635922,-0.086882396,-0.196291303,0.306508867,0.031681244,0.434871382,0.307385974,-0.046296846,-0.013633161,0.096772895,-0.049153508,-0.235531481,0.046610711,0.001664472,0.291199218,-0.065271937,0.005627409,0.263525699,-0.187579134,0.39218007,0.035252789,-0.298255157,0.007019695,0.303324198,-0.054358699,0.268222945,-0.110190456,-0.195009319,-0.16071964,-0.186332028,-0.058959107,-0.019589125,0.290582605,0.336706116,0.13636591,0.11510758,-0.384524027,-0.269100819,-0.044126462,-0.100717231,0.413889752,0.045360826,0.147755188
BIOCARTA_ARF_PATHWAY,-0.236541914,0.216039778,0.156706647,0.309872346,0.149689153,-0.054060263,-0.000642652,0.211867996,-0.016294749,-0.041690926,-0.009440365,-0.262861672,-0.126586843,0.272719833,0.082211359,0.205586588,0.117289412,-0.038056406,0.069744114,0.286391151,0.135916525,-0.301214149,-0.038739918,0.42078116,0.229177405,-0.111265643,0.143431067,0.202388476,-0.137902735,-0.319154983,-0.045188799,-0.036751125,0.070093099,-0.276854988,0.147489023,0.021379743,0.159000564,0.020662744,0.11389933,0.121917424,0.067786467,0.088162202,-0.154836063,0.339684515,0.082379207,-0.154918198,0.026654948,0.222351378,-0.269200043,-0.114380505
BIOCARTA_ASBCELL_PATHWAY,0.110860341,0.000517463,0.3830687,0.672844717,-0.522324933,0.511110225,-0.63926116,0.114002818,-0.581110886,0.038548343,0.173250253,-0.013336448,0.505200585,-0.481900018,0.604637856,-0.487665979,0.632560304,0.325588624,-0.664751729,0.404353957,0.106225754,0.750347253,0.209510342,-0.175694401,0.296950148,-0.336381204,0.297231494,0.709021231,0.78676537,0.664116904,0.524150558,0.216355688,-0.357119606,-0.313576677,0.031145617,0.700713696,0.645675255,0.113658933,0.392552228,0.627767961,0.379119865,-0.320397227,0.735501398,-0.568876653,-0.21025935,0.492879675,-0.593984561,0.720592218,0.562697481,0.540566222
BIOCARTA_AT1R_PATHWAY,0.205131429,0.440959361,0.340046423,0.072103604,0.112304872,0.020791391,0.163328,-0.080441415,0.130396584,-0.037106006,0.221021933,0.248225609,0.387043503,0.365110608,0.07292654,0.017908126,0.336584804,-0.230348031,-0.070510444,-0.030284408,0.169619387,0.130500192,0.091002612,0.265478935,0.172102039,-0.094477657,0.372465996,0.005607404,-0.188589691,-0.156569729,-0.1240024,-0.30020534,0.056644545,0.007899133,-0.464206691,-0.082042651,0.144975152,-0.353557927,0.009598634,0.345723696,0.342395819,0.218035838,0.166316763,-0.283677763,-0.208081877,0.078536725,0.091716268,0.381908624,-0.314484158,-0.02743693
BIOCARTA_ATM_PATHWAY,0.211756705,-0.284714353,0.146351218,-0.166982407,-0.468615042,-0.367228014,0.147157358,0.281029801,0.022538253,0.042188936,0.261852948,-0.364527082,-0.425186028,-0.1551817,-0.185481044,0.229938494,-0.134766401,0.12103209,-0.254324744,0.188512993,-0.116798487,0.324740898,0.469649721,0.362409088,-0.169489219,-0.064564352,-0.232245065,0.152657266,-0.04471788,-0.435864245,-0.192646279,-0.313316862,0.168762258,-0.391133134,-0.393444416,-0.235615493,-0.057326826,-0.358231579,0.058467881,-0.281431246,-0.330291873,-0.044703574,0.032013744,0.276916211,-0.248759371,-0.007686892,0.17485779,0.085631158,-0.250270704,-0.255251993
BIOCARTA_ATRBRCA_PATHWAY,0.233388371,-0.442012475,0.067587753,-0.15417837,-0.39475591,-0.286868224,0.110260024,0.098576117,0.279176721,0.225090648,0.140919367,-0.281715253,-0.639747411,-0.11613776,0.178071535,0.403588859,-0.649409794,-0.079421107,0.400564309,0.434416672,0.059336614,0.318011975,-0.014790653,0.397873208,-0.447428277,-0.42707932,-0.331385553,-0.1244214,0.156885944,-0.240734394,-0.146065491,0.240873135,0.008000088,-0.317019644,-0.260845851,-0.316778146,0.005508764,0.069837509,0.3520332,-0.650351633,-0.607571213,-0.336818358,-0.132442063,0.424226189,0.166332881,-0.00309486,-0.011716523,-0.428709954,-0.604910317,-0.535958589
BIOCARTA_BAD_PATHWAY,-0.366431619,0.28094959,-0.137623002,-0.12420402,0.27109605,0.051418551,0.244841746,-0.346255098,-0.019909111,-0.266734174,-0.193953713,0.183516021,0.314469907,0.199944559,0.314270162,-0.189126748,0.481430804,-0.511517989,0.119084853,0.039217191,0.320248119,-0.181307445,-0.248771259,0.102943927,0.346825224,0.239645177,0.201036087,4.59E-05,-0.152434928,0.087222757,-0.247028979,-0.03857642,-0.117555272,0.292090434,-0.024396365,-0.110272034,-0.203576545,-0.381197473,-0.334396843,0.553399663,0.343720548,0.23077109,0.228539529,-0.376529474,-0.261785439,-0.163780933,0.140642274,0.443460367,0.038324496,0.282238517
BIOCARTA_BARD1_PATHWAY,0.060463857,-0.61139587,0.463052842,-0.031495352,-0.462463826,-0.005956141,-0.021207472,0.118102064,0.351804305,0.704397254,0.310841013,0.004385229,-0.59021995,-0.114575228,-0.06506633,0.343195583,-0.774027615,0.124314842,0.26045196,0.27497359,0.27045699,0.271965351,-0.134915621,0.450622076,-0.187669952,-0.543768458,0.215108072,-0.215061817,0.144301056,-0.585777457,0.34378596,0.32504099,0.129681437,-0.361778221,-0.408246879,-0.260250021,0.184371873,0.333276321,0.37823671,-0.755956439,-0.709378762,-0.387609894,0.07733959,0.628102157,0.553279708,-0.107347603,-0.409625923,-0.469769161,-0.709625467,-0.695923143
BIOCARTA_BARRESTIN_PATHWAY,-0.230342281,0.025168737,-0.150586781,0.031406371,-0.14229176,0.415599178,-0.118702188,-0.396748639,0.201133682,0.169551835,-0.109051301,-0.062220036,-0.175475857,0.180471652,0.780796945,-0.087682402,0.402591734,-0.302512845,0.15636903,-0.167652566,0.521554166,-0.178282327,0.256169048,0.158069581,0.415181722,0.564011152,0.166781229,-0.111440936,-0.319364933,-0.520213339,-0.136761895,-0.367042166,-0.39448034,-0.371891143,-0.401549801,-0.272807481,-0.248252748,-0.393726035,-0.391094724,0.151177837,0.199238431,-0.380216506,0.191296169,-0.438064873,0.322030184,0.048140968,0.338519468,0.219534212,-0.586856457,-0.522627957
BIOCARTA_BARRESTIN_SRC_PATHWAY,0.054161499,0.100293931,0.02287219,0.18187864,0.089787537,0.321287215,0.094877831,-0.286532173,-0.065119225,0.246555086,0.057767868,-0.184990899,0.246944094,0.151467649,0.519967483,-0.403513308,0.442407321,-0.404722692,0.385566154,-0.027288676,0.026556963,0.064787075,0.248127856,-0.042818016,0.192525626,0.379054808,0.208248183,-0.265513344,-0.115818931,-0.274533878,-0.16528795,-0.283232879,-0.377511965,-0.117674875,-0.417523896,-0.055887488,-0.066391328,-0.253737363,0.017541635,0.437434391,0.138707705,-0.096489727,0.327470563,-0.420809996,-0.071039963,0.163017817,-0.301736917,0.186541053,-0.363866698,-0.454338734
BIOCARTA_BARR_MAPK_PATHWAY,0.129602018,0.03081652,0.038529994,-0.0687974,0.06088439,0.334581763,0.110282971,-0.295350893,0.109806813,0.22279995,-0.121144238,-0.175237942,0.107835139,0.274397595,0.569724125,-0.396705989,0.464637417,-0.445734647,0.383873014,-0.06385455,0.170950645,-0.089578302,0.276880621,-0.063065973,0.25238596,0.370127305,0.058694593,-0.392958333,-0.295862368,-0.319173512,-0.150619511,-0.220755591,-0.287068088,-0.18067691,-0.511902001,-0.249293328,-0.333150635,-0.468450036,-0.071720504,0.245061807,0.148642846,-0.06072405,0.266038475,-0.503382194,-0.081942369,0.161505756,-0.040119632,0.192369062,-0.627747679,-0.521057269
BIOCARTA_BBCELL_PATHWAY,0.158219879,-0.025100046,0.315960229,0.64502815,-0.564070681,0.497269826,-0.656015886,0.122225522,-0.514577407,0.013292403,0.093441827,-0.088537243,0.535221131,-0.50878188,0.600527046,-0.490457223,0.617874657,0.336492463,-0.743313748,0.435883705,0.108135678,0.74005246,0.397363196,-0.294182076,0.042874562,-0.354363925,0.256775107,0.667649265,0.777958299,0.630815404,0.467952061,-0.007868115,-0.362925948,-0.301889201,-0.102807113,0.633407202,0.616423643,-0.011011824,0.217778795,0.497815406,0.39034762,-0.390702194,0.721175196,-0.608989981,-0.23880542,0.340550989,-0.578357972,0.720462136,0.606369491,0.61763405
BIOCARTA_BCELLSURVIVAL_PATHWAY,0.007380037,0.127520411,0.326589303,-0.370714472,0.063727228,-0.301751208,-0.016052454,-0.078022711,0.210935972,0.095195442,-0.095673363,0.052764312,0.324192169,0.296932829,0.194943221,0.257496338,0.206940569,-0.079032365,-0.190137659,-0.229192585,0.36653434,-0.230604692,-0.036646114,0.441388773,0.13154403,0.147536017,0.548717607,-0.184866818,-0.075102731,-0.209473012,-0.00454859,-0.120571434,0.149714038,0.027619093,-0.216657068,-0.067798988,-0.068758725,-0.016119145,-0.02658442,0.001647178,0.277869477,-0.021184961,0.217907231,0.059837123,-0.042173767,-0.089747394,0.366805765,0.401521562,-0.495255094,-0.033911179
BIOCARTA_BCR_PATHWAY,0.082907445,0.463886851,0.370344933,0.308862191,0.03247231,-0.13088094,-0.013185899,-0.195358331,-0.006343392,-0.200222849,0.226985217,-0.098227459,0.226102354,0.204006631,0.051575491,-0.205558659,0.354532154,-0.131068925,-0.173909765,-0.001302734,0.149557513,0.231307184,0.24500095,0.396042751,0.259421843,-0.098106141,0.310999379,0.114225924,-0.075772265,-0.04433312,0.033337874,-0.239519435,-0.172811934,-0.130571792,-0.397836178,0.045225448,0.277675912,-0.368444402,-0.197093451,0.329076861,0.328866022,-0.017796628,0.20726891,-0.307731132,-0.313188679,0.06988214,-0.103536333,0.506504249,-0.09845447,0.008504931
BIOCARTA_BIOPEPTIDES_PATHWAY,0.038715518,0.435536267,0.220377153,0.121309874,0.158546289,0.000960301,0.083883635,-0.18983519,0.036891905,0.024374532,0.154253409,0.048333255,0.340177745,0.325934289,0.147078695,0.051248337,0.232492181,-0.138956278,-0.032623128,-0.183398562,0.1574303,0.235620476,0.256933902,0.252685201,0.380751533,-0.190736111,0.345339651,-0.117268748,-0.060187084,-0.308582649,0.031456122,-0.2343652,-0.167776008,-0.027176109,-0.346646872,-0.095853235,0.008292649,-0.322478561,0.221805341,0.434338478,0.283725681,-0.079792007,0.193039496,-0.187150103,-0.260180938,0.134576031,-0.110172922,0.414226335,-0.247413608,-0.162198526
BIOCARTA_BLYMPHOCYTE_PATHWAY,0.280032073,0.048122066,-0.190309872,0.687518571,-0.404106388,0.210886752,-0.50659645,-0.113308053,-0.680209462,-0.474654864,0.411652207,-0.023654749,0.155509797,-0.113947865,0.627339528,-0.562567714,0.532876036,0.379373746,-0.62663608,0.278717633,-0.008631765,0.445917867,0.17146142,0.128144625,0.319531059,-0.02708559,0.148877096,0.638803653,0.712287504,0.653425806,0.380399445,-0.00354551,-0.655221489,0.187910498,-0.209913326,0.583305506,0.429711496,-0.072679668,0.083333333,0.571666392,0.241348943,-0.04050678,0.628156297,-0.546060792,-0.333181665,0.36971791,-0.472320324,0.727067533,0.479220172,0.29436345
BIOCARTA_BOTULIN_PATHWAY,-0.857125477,-0.489520452,-0.614950529,0.269111704,0.089374139,-0.717506487,-0.602701956,-0.294559639,0.081520181,-0.065048719,-0.156469631,-0.018780717,-0.306631103,0.531516323,0.226933181,-0.03883387,-0.725649993,0.532249022,-0.267611624,-0.161840001,-0.155254939,-0.689549998,-0.528515217,-0.713473381,-0.319022393,0.439699276,0.363039168,-0.289082988,-0.095978063,-0.567374604,-0.336679805,-0.329538039,-0.432398862,-0.050117275,0.661466905,-0.459400131,-0.086490193,0.389035583,-0.227139737,-0.209280955,0.454489075,-0.833315464,0.218624797,-0.003327154,0.12879325,-0.395102656,0.392312779,0.220584796,0.657524359,-0.125680765
BIOCARTA_BTG2_PATHWAY,-0.224562857,0.190910964,0.184975596,-0.000353972,0.067433276,-0.130179652,0.230497569,-0.113605097,-0.299093514,-0.51059688,-0.373359683,-0.213426521,0.140432567,0.231474964,0.025870309,-0.088497874,0.430999948,0.157657881,0.053985736,-0.197340171,0.225591939,0.430130053,-0.396934505,-0.11663277,-0.026967091,0.131244719,-0.36545422,-0.023487711,0.077723733,0.063393975,-0.32371008,0.067479198,0.342980257,0.206272601,0.115135943,0.248918648,-0.159082445,0.381299522,0.169303047,-0.447224577,0.057119918,0.105460146,0.23774675,0.037536652,-0.003648994,0.161696577,-0.386383552,0.120002302,-0.219763661,0.155177921
BIOCARTA_CACAM_PATHWAY,0.042899801,0.358771433,0.601268808,0.485737897,0.015871563,0.378544711,0.215985229,-0.33628062,-0.23359355,0.153207429,0.038313425,0.172263028,0.569711872,0.018580097,-0.089688223,-0.15260943,0.401181703,-0.140229729,-0.229775755,0.101017707,0.552027092,0.141584667,-0.241771723,0.456665279,0.444130429,0.258957498,0.471534327,0.449030167,-0.081827041,0.030884357,-0.070055635,0.21365459,-0.201653336,0.45780478,0.006989468,0.518115043,0.664251483,0.023791543,-0.071610122,0.306927392,0.557211215,0.308969162,0.412343647,0.087372507,-0.081003271,0.082004588,-0.344853156,0.392047913,0.180534636,-0.090309251
BIOCARTA_CALCINEURIN_PATHWAY,-0.155160595,0.492638789,0.305006275,0.197669344,0.19100107,-0.320657906,-0.236007242,-0.451515049,0.295104164,-0.12828249,-0.28419567,-0.170010509,0.299527912,0.263191854,-0.036485942,0.103407135,0.42885227,-0.336905394,-0.521238437,0.025363376,0.394697254,0.23015675,0.166241548,0.60547153,0.452379034,-0.196232529,0.384545383,-0.021572874,-0.361856218,-0.236499008,-0.269031915,-0.317768264,-0.144994386,0.014751099,-0.383586796,-0.218067753,-0.010599936,-0.263300772,-0.353414984,0.428887299,0.474236831,-0.100842685,0.192998214,-0.21555865,-0.39769248,-0.151211872,0.053585622,0.62294147,0.206695681,-0.181803611
BIOCARTA_CARDIACEGF_PATHWAY,0.030223746,0.096638314,0.385721289,-0.209630791,0.360325423,-0.122586364,-0.399798473,0.067717101,-0.045589325,-0.417436534,0.296934665,-0.23579686,0.239439525,0.290839958,0.132452373,-0.005730526,0.395887164,-0.16608899,-0.446913885,-0.358920949,-0.149446767,0.143863532,-0.289605981,0.026206694,0.036515935,-0.233976101,-0.08376277,-0.24196329,-0.162379362,-0.22958229,-0.265100866,-0.164861056,-0.123582631,-0.050634218,-0.388701065,0.061002995,0.125393143,-0.39797223,0.057541377,0.498329851,0.389611847,-0.213225461,0.292836029,-0.376779546,-0.313008261,0.137775886,-0.127924869,0.529985577,0.177027482,0.183752978
BIOCARTA_CARM1_PATHWAY,-0.401089934,0.416614767,0.108747432,0.118533899,0.498036391,-0.399977304,-0.06590232,-0.171469714,0.397360343,-0.347374154,-0.02064238,0.288578115,0.024711042,0.470529304,0.529787379,0.138428502,0.223211599,-0.632774361,-0.303554034,-0.174242061,0.373971332,-0.029701183,0.305929092,0.637956465,-0.046492733,-0.19750885,0.184277934,-0.177924131,-0.588217224,-0.256525401,-0.54149236,-0.246638604,-0.319336906,-0.242054373,-0.191962668,-0.487424479,-0.415378312,-0.684690025,-0.41380734,0.392239053,-0.114215348,-0.344878511,-0.078031507,-0.142545407,-0.506245207,-0.322385188,0.449713608,0.502522281,-0.485145609,0.08809112
BIOCARTA_CARM_ER_PATHWAY,0.329762122,0.273389919,0.046934587,-0.167145947,0.322027167,-0.071851308,0.125381809,-0.00251253,0.026403733,0.226921659,0.087990442,-0.025562752,-0.372725864,-0.033812955,0.178490602,0.264490648,-0.143362096,-0.061802618,-0.409549141,-0.139411541,0.292392882,-0.323713762,-0.058107752,0.329885968,-0.329786458,0.239367005,0.27088417,-0.021365825,-0.460924363,-0.374452666,-0.412394774,-0.254763877,-0.395232386,0.050621176,-0.169369706,-0.450257387,-0.24407585,-0.327704856,-0.203082615,-0.142749451,-0.323909662,-0.169966177,-0.120402387,0.251742419,-0.251910863,-0.308098747,0.479645581,-0.214791582,-0.452498062,-0.220207705
BIOCARTA_CASPASE_PATHWAY,-0.147000398,0.072963922,0.348321052,-0.196750105,-0.339922631,-0.350212342,-0.391610276,0.250583708,0.088716689,0.236165698,0.07680325,0.345025752,-0.025642777,0.369059604,0.491275769,0.329109226,-0.137564018,0.129944044,-0.41794585,0.00816936,0.120769519,0.340658057,-0.140918948,0.119323488,-0.153833945,-0.234768493,0.24423557,0.368370023,0.215038052,0.144293861,0.30888864,0.257550599,0.036340816,0.0206082,-0.282641049,0.065798728,0.295119994,-0.04480471,0.020145112,-0.279455605,-0.34651667,-0.330994335,-0.032403005,-0.218534956,-0.070047702,0.125619889,0.416405841,0.27703217,-0.394173099,-0.28976129
BIOCARTA_CB1R_PATHWAY,-0.286410612,-0.553578069,-0.097011546,0.377968169,0.048143461,0.10361869,-0.30814178,-0.323387164,-0.474105807,-0.3753792,-0.533963996,0.259382206,0.506316137,0.088981139,0.611999251,-0.135982774,-0.307864484,0.162454738,-0.190243537,0.063039343,0.393953285,-0.078278706,-0.335871358,-0.539686341,-0.452550597,0.055436294,0.228364844,0.509432361,-0.021543155,0.229657206,-0.034298615,-0.390764466,0.226515299,0.019673315,0.313826142,-0.021157386,-0.590917484,-0.172832949,-0.040199781,0.239653864,-0.251563169,0.072451839,-0.315310791,-0.202734401,-0.114987757,-0.245695515,-0.052416918,0.408930831,0.406476056,0.47912933
BIOCARTA_CBL_PATHWAY,-0.039241714,0.375025307,0.248538488,0.163478873,-0.006316222,-0.297025686,-0.58569557,0.241634365,-0.070919997,-0.33532849,0.460660551,0.183966874,0.11838056,0.394327258,0.550257971,-0.125848168,0.188213765,-0.218199322,-0.437527548,-0.293573794,0.067770511,0.360821958,0.160416005,0.423943642,-0.09552057,-0.397692431,0.31664401,0.253394326,-0.312170122,-0.294600939,-0.263520065,-0.215122462,-0.351442525,-0.292811629,-0.386573126,-0.03803029,0.381597347,-0.401213051,-0.034759841,0.397230196,0.365289116,-0.478851276,0.588567869,-0.552967777,-0.216548672,0.35535163,0.27469002,0.52026813,-0.073067032,-0.474183314
BIOCARTA_CCR3_PATHWAY,0.015259845,0.067239416,-0.047671627,-0.122581007,0.246973145,0.339316767,-0.382562789,-0.148188526,0.106178945,0.065821756,0.029894133,0.174953802,0.383543696,0.310988887,0.382945107,-0.213027111,0.40498474,-0.324274021,-0.009057629,0.151219886,0.0449699,-0.048500024,-0.145278451,0.148572817,0.012731622,-0.173685759,0.465673286,-0.333444394,-0.100532271,-0.184652537,-0.312506372,-0.197453438,-0.146966594,0.012740226,-0.325159124,-0.268848558,-0.143853227,-0.279548673,0.007537834,0.174289492,0.271974343,-0.000146133,-0.009334257,-0.490858734,-0.163993565,0.261284831,-0.291770211,0.377891143,-0.292927322,-0.02945687
BIOCARTA_CCR5_PATHWAY,-0.227591168,0.354935348,0.354757131,0.475306608,0.158292804,-0.396004458,-0.154235311,-0.296869741,-0.369123111,-0.448541402,0.08282314,-0.144200917,0.352382199,0.241471211,0.177883713,-0.273217791,0.458371886,-0.117464627,-0.321534783,-0.039461657,0.233115138,0.323847436,-0.138715496,0.278888427,0.381339283,-0.350212533,0.521000084,0.319512455,-0.054790713,0.078888967,0.264990163,-0.157843062,-0.198197154,-0.207181741,-0.461159351,0.175402997,0.317698601,0.150302592,-0.089801266,0.570531968,0.377482809,-0.222707695,0.261101766,-0.242894382,-0.343355801,0.025464038,-0.385626307,0.613948794,0.373713583,-0.201038002
BIOCARTA_CD40_PATHWAY,0.391886514,0.166885009,0.154105035,-0.002013948,0.232610278,0.06840609,-0.352638657,0.294402407,0.102447316,-0.207888166,0.261977019,-0.105851239,-0.274219078,-0.166158933,0.185945239,0.358060651,0.169718875,0.006731974,-0.604469459,0.066919534,-0.079653211,0.284918451,0.311326901,0.218406847,-0.396258525,0.104052822,0.35475496,0.371939665,-0.041074705,-0.199271205,-0.102098719,-0.512340209,-0.259142251,-0.31619717,-0.160722936,-0.333414179,0.118215479,-0.555707652,-0.25768677,0.148780574,-0.446073895,-0.486232081,0.184469173,-0.023629669,-0.057230191,-0.470982828,-0.093823256,0.594042829,-0.041334907,0.299389739
BIOCARTA_CDC25_PATHWAY,0.056764856,-0.664691694,0.635517484,-0.370829454,-0.762975651,-0.025265023,0.2357123,0.144625915,-0.256100868,0.474197982,-0.064477799,-0.331119391,-0.330926007,-0.425979348,-0.256623015,0.418137235,0.044116545,-0.258095802,0.436788948,0.020782065,-0.032220217,0.556476943,0.207400722,0.435737738,-0.40354285,-0.060394532,0.273319374,-0.332342163,-0.087612994,-0.300204002,-0.128193484,-0.141165534,0.045642713,-0.228828665,-0.828723852,0.111868128,0.436816502,0.257656012,0.4493366,-0.680419998,-0.241098231,-0.25708054,0.173015896,0.358878409,0.337445859,0.290281067,-0.344932808,-0.321155744,-0.318197588,-0.571721995
BIOCARTA_CDC42RAC_PATHWAY,-0.13975622,-0.215777266,0.458186704,0.305819572,0.355361301,-0.475115722,-0.149904938,0.070999016,0.402939209,-0.174994955,0.010387292,0.672021661,0.659698113,0.661842185,0.482049175,-0.447994238,0.354929545,-0.387648451,0.093469401,-0.092642369,0.604220401,0.080883614,-0.346863291,0.759820054,0.422981426,-0.065313563,0.590878053,-0.217456517,-0.234530046,0.284296029,-0.093005729,0.345469759,0.642896814,0.214544898,-0.180077076,0.39320527,0.361158039,-0.196967094,-0.023827053,-0.024720567,0.59809756,0.428254139,0.481347355,-0.514787912,0.203883807,0.197269754,0.450044026,0.50077172,-0.195188851,0.231576905
BIOCARTA_CDK5_PATHWAY,0.35905192,-0.036444683,0.332202422,-0.516448638,0.228001551,-0.388541705,0.041916873,0.284900023,-0.257540725,0.072444334,0.465694105,0.00032565,0.25653767,0.421331308,0.089984974,-0.085825448,0.271452208,-0.291942204,0.353527454,-0.415535079,-0.460661277,0.118598374,-0.100624655,0.061527715,0.406673111,-0.337951303,-0.159383133,-0.464172724,-0.268068586,-0.017602077,-0.558780095,-0.206015933,-0.056270226,-0.195816015,-0.099327605,0.144275912,0.006754002,-0.112099104,0.451689676,0.108075195,0.102567703,0.307760148,0.285434724,-0.194070277,-0.315457957,0.406347591,-0.268554521,0.230915194,-0.105652204,-0.079946526
BIOCARTA_CDMAC_PATHWAY,0.242860642,0.123565048,0.323207714,-0.208935251,0.37981836,0.066713506,-0.028399606,0.221856964,-0.021464662,-0.506794758,0.447331868,-0.104954076,0.343864441,-0.087673762,0.217014929,0.016569263,0.388733177,-0.06242619,-0.334250092,0.105453602,-0.230962283,0.324586919,0.092128125,0.20136248,-0.217425118,-0.03859609,0.369154783,-0.226959841,-0.27378983,-0.303222334,-0.096173288,-0.297825629,-0.00409373,-0.366818688,-0.531528923,0.015118768,0.252712784,-0.525376096,0.127840573,0.301672059,-0.033782921,-0.200521139,0.186460286,-0.037311768,-0.086065204,0.071031745,-0.42776829,0.420123845,-0.101987374,-0.119569708
BIOCARTA_CELL2CELL_PATHWAY,-0.12466832,0.530393311,0.477373135,0.316820511,0.265389786,-0.470191732,0.00030668,0.39597129,-0.013837193,0.001998597,0.023688925,0.039995295,0.637487591,0.49924314,-0.292362942,0.317105717,0.636225667,-0.344364159,-0.247127694,-0.48188535,0.487408434,0.219113798,0.210076711,0.20378153,0.401606097,-0.522028704,0.707777015,0.352818506,-0.579954833,-0.491742623,-0.203509285,-0.520167723,0.202775145,0.449849043,-0.411098679,-0.268729892,0.172397563,-0.613572782,0.277612,0.480164471,0.578670173,-0.127244833,0.66063647,-0.362794595,-0.487178478,-0.096524157,0.11065444,0.143646535,0.241916102,0.050681072
BIOCARTA_CELLCYCLE_PATHWAY,-0.030185242,-0.368218545,0.450835303,-0.003221781,-0.498156194,0.315248352,0.038817904,0.361436453,-0.316841318,0.202078605,-0.006633141,-0.243649642,0.000551794,-0.307707091,-0.24767611,0.312758672,-0.26584752,0.22343112,0.316791955,-0.191972825,-0.247802184,-0.157908913,0.254794365,0.241178935,0.140043177,-0.007610633,0.106913692,0.154658759,0.158980263,0.076948774,0.380189745,0.180296775,0.124842184,-0.490321594,-0.381066934,0.404045536,0.33019237,0.347821641,0.477185192,-0.141715049,0.142554851,0.138385406,0.360804738,0.172450768,0.340849177,0.451116789,-0.480209741,0.128471967,-0.142154331,-0.450225974
BIOCARTA_CERAMIDE_PATHWAY,0.32921315,0.296488115,0.07410245,-0.218836032,0.283731114,0.235144803,0.301447476,0.105623119,0.393818089,0.337045607,0.285617177,0.188075966,0.172602634,0.239869181,0.100022236,0.03048935,0.3125752,-0.031480215,-0.037329827,0.209845545,-0.232508496,0.237411237,0.147529275,0.20353613,-0.056060564,0.020948144,0.284723443,0.096081415,-0.283369138,0.030736264,0.11106904,-0.160861319,0.18181009,0.382175617,-0.086422951,-0.154421503,-0.105252125,-0.465691981,0.004721919,0.098806425,0.184624444,0.218860228,0.243368349,-0.130507336,-0.116780969,-0.117903325,0.04587436,0.18580091,-0.322060479,0.098247352
BIOCARTA_CFTR_PATHWAY,-0.602898265,0.099327788,0.213942222,-0.36411835,0.452825284,-0.431733738,0.08551936,-0.232444767,0.393680006,-0.059904781,-0.413472471,0.178986093,0.494311486,0.21049584,0.447565751,0.04105643,-0.023899706,-0.282651802,-0.008192404,-0.216523392,0.479556538,-0.100521116,0.072991617,0.14789067,0.207630793,0.261351969,0.311281205,-0.238101763,-0.344842703,0.146467222,-0.505579458,-0.164956628,-0.177603791,0.153131826,-0.091878027,-0.165597684,-0.429029867,-0.270915768,-0.414304726,0.451234067,-0.074811046,0.04363177,-0.057433551,-0.548876835,-0.337023184,0.104869329,-0.074873796,0.52767471,0.203332574,0.46837227
BIOCARTA_CHEMICAL_PATHWAY,-0.317219543,0.459799585,-0.033763317,-0.180203585,-0.129554053,0.109636462,-0.175547715,0.011139325,-0.012219395,0.074841054,0.012767593,0.121941987,0.165673458,0.368130268,0.365218161,0.278383437,0.148482233,0.041699947,-0.387372034,0.260597859,0.434315823,0.435150909,-0.212804511,0.15879211,0.199747377,0.552183786,0.262386445,0.108329727,0.123796179,-0.043142969,0.175991584,0.095633346,-0.037825301,0.17632369,-0.275604967,0.036399727,-0.085335846,0.071128472,0.263428938,0.046078305,0.196150203,0.109742764,0.281944072,0.317698924,0.04679267,0.095328868,0.024857954,0.334134877,-0.300029924,-0.161975568
BIOCARTA_CHREBP_PATHWAY,-0.267131153,-0.179036087,0.048453765,-0.247156243,0.364168994,0.203471647,0.080465938,0.072245679,0.428957309,-0.222847849,-0.220408653,-0.053022331,0.35460084,-0.207736516,-0.011093066,0.216197685,-0.328267073,-0.007109448,0.085728859,0.448550435,0.273779402,-0.269739587,0.407828443,0.227446693,-0.009246386,0.243623936,-0.269218668,-0.205865789,-0.173224513,0.138085171,-0.156192649,0.141486716,0.114873575,0.099050654,0.423077261,0.131562715,0.097655162,0.062811539,-0.315484455,0.02762727,-0.111916101,0.242656259,0.094841542,-0.434775283,0.06802887,0.143464567,0.070352519,-0.200986153,-0.169172159,0.418735343
BIOCARTA_CIRCADIAN_PATHWAY,-0.005775131,-0.165243333,-0.494096094,-0.368317106,0.771723762,-0.534908574,-0.032919151,0.029919378,0.450116813,0.09474824,-0.364297869,-0.11344572,-0.184876779,-0.38570662,-0.013623315,0.182511689,0.032371931,-0.327312151,-0.122563009,0.247223171,-0.313928725,-0.484854943,-0.127261726,0.161422336,-0.35668679,0.01722473,-0.193675541,-0.236025672,-0.588219105,-0.299173806,0.092764454,-0.698793891,-0.529505506,-0.572868481,0.389565398,-0.651195207,-0.500097766,-0.698461428,-0.489606427,-0.155340578,-0.379098229,-0.415605151,-0.414657003,-0.06875986,-0.106478975,-0.564184244,0.676549127,0.006528746,-0.18284345,0.053906393
BIOCARTA_CK1_PATHWAY,0.010575969,0.032028228,0.318239581,-0.308536587,0.379956423,-0.276846949,-0.037758338,0.227119781,0.190275765,-0.473447174,-0.107225672,0.267456988,0.356895724,0.073375088,0.336833773,0.074019874,0.154424304,-0.229058306,-0.094426197,-0.177634496,0.346770891,0.095239694,-0.128489586,0.31702556,0.261288574,-0.356970464,-0.091235332,-0.45452507,-0.402876988,-0.194410931,-0.435345619,-0.002079989,-0.115335139,-0.005381641,0.082603017,0.067027961,-0.003338101,-0.381224364,-0.424137008,-0.045810203,0.174102229,0.079046593,0.136344656,-0.453000332,-0.221164832,0.330016485,0.267822076,0.409430266,-0.084978761,0.545686308
BIOCARTA_CLASSIC_PATHWAY,-0.439934589,-0.022944709,-0.298087975,0.124626903,0.271694632,0.195084527,-0.013815073,-0.165916012,0.064997544,-0.034518319,-0.387111992,0.317119106,0.397456396,0.34131457,0.440560658,-0.39712675,0.483296909,-0.132460497,-0.301582228,0.559699482,0.304801146,-0.301002206,-0.167134241,-0.521505126,0.473281487,-0.149176661,-0.312467609,0.549536562,0.548289678,0.036340472,0.528615894,-0.386789099,-0.639166807,-0.139160961,0.292502182,0.303848322,-0.175245659,-0.003882619,0.212615774,0.656257365,0.551126769,-0.279884189,0.221881706,-0.714672686,-0.462882053,-0.214616117,-0.065585527,0.687035491,0.597215055,0.236238143
BIOCARTA_COMP_PATHWAY,-0.239548938,-0.079002093,-0.396870105,0.071432636,0.429162945,0.121960618,-0.075123634,-0.030984712,0.230590789,-0.014551452,-0.18884839,0.223797708,0.28829913,0.14655609,0.434532136,-0.346788371,0.420529487,0.084230256,-0.085721759,0.509285803,0.234554136,-0.346220472,0.023099401,-0.53551739,0.376806127,-0.107732382,-0.054524164,0.348257094,0.443248624,0.023824947,0.568117217,-0.333128816,-0.55788751,-0.228361546,0.253121496,0.242529548,-0.264232061,-0.141269985,0.165052802,0.646301727,0.432615668,-0.343924896,-0.005404556,-0.679118152,-0.443175031,-0.146907099,-0.04846152,0.629617284,0.594131974,0.206718659
BIOCARTA_CPSF_PATHWAY,0.349221824,-0.063965654,0.476576413,-0.648480329,-0.055820451,0.305606686,0.686704576,0.114767233,-0.323109577,0.448973909,-0.012204486,0.0661067,-0.696445297,-0.453627947,-0.531248901,0.635219474,-0.490858309,-0.236432472,0.38852031,0.024360184,0.192614712,-0.475560213,-0.014716572,0.268586506,-0.597549091,0.108859084,-0.337156861,-0.639407889,0.098464979,-0.053925958,-0.243962348,0.232294449,-0.516040985,-0.040186576,-0.295694557,-0.451940885,0.121589806,0.279484153,0.585824633,-0.685300627,-0.417456853,-0.378264034,-0.579733963,0.643773643,-0.005220701,-0.116727724,0.176298361,-0.636162395,-0.693655722,-0.441344684
BIOCARTA_CREB_PATHWAY,-0.180048379,0.367277344,0.327856682,0.123633686,0.385880032,-0.114781031,-0.14878716,-0.243302597,0.004726963,-0.1356239,-0.042468513,0.360198766,0.266319738,0.285582209,0.405596846,0.024951608,0.15126835,-0.4695407,-0.030301039,-0.026040391,0.355533569,-0.018171067,0.054849799,0.461855402,0.209978814,0.033582093,0.490645754,-0.293270382,-0.406634702,-0.135004811,-0.269565485,-0.148154195,-0.22228182,-0.024005526,-0.282718164,-0.191824174,-0.156212875,-0.374228941,-0.281881679,0.336735353,0.207531193,0.070029507,0.193724392,-0.247743097,-0.310343179,-0.223907686,0.360075839,0.456345547,-0.340431634,0.078170076
BIOCARTA_CREM_PATHWAY,-0.094905161,-0.123285211,0.633592428,0.023008103,0.404002431,-0.362721024,-0.040863963,-0.035819067,0.143088217,0.008774076,-0.339359613,-0.618273271,-0.451503546,-0.14453266,-0.11127091,0.329213694,0.526908054,0.223851139,0.445560344,-0.176691251,0.811795399,-0.670289214,0.103958464,0.104729546,0.641886649,0.385551397,-0.536277939,-0.123301431,0.458912498,0.041362437,0.164282751,0.26430719,-0.220836762,-0.576250312,0.17581199,0.33751985,-0.021073599,0.428519154,-0.293339424,0.514399404,0.296892343,-0.359428559,0.068008924,0.017405587,0.404064017,0.076314835,0.226278645,0.419026449,-0.435686541,0.417500362
BIOCARTA_CSK_PATHWAY,-0.400486547,-0.150354369,0.247901802,0.425784106,-0.166863727,0.373522763,-0.47060072,0.0032141,-0.213001317,-0.361436761,-0.140702712,-0.26505776,0.262325331,-0.264745064,0.586858603,-0.222941185,0.539230899,0.064363961,-0.53844838,0.388683026,0.315682977,0.303220777,-0.183478702,-0.003325162,0.055389963,0.13578616,0.233720301,0.4339445,0.414307629,0.195724238,0.218345678,-0.404213622,-0.438035736,-0.414334963,-0.133703555,0.298441166,0.320994767,-0.391935134,-0.421383123,0.221521257,0.02100853,-0.409226195,0.402736824,-0.499522623,-0.358673659,0.082789333,-0.404804562,0.751315995,0.278033773,0.336100864
BIOCARTA_CTBP1_PATHWAY,-0.212229778,0.408269181,0.579720011,-0.296780239,-0.111466514,0.06571787,0.292437412,0.220930542,-0.246146434,0.027411152,-0.108230586,0.158977003,0.092955152,-0.473573464,-0.416308463,0.226059369,0.024363711,-0.219146148,-0.592138883,-0.489796184,0.360214886,-0.178610593,-0.319479688,0.508105709,0.329313217,0.057979493,0.268679019,-0.533332153,-0.670483019,0.227172692,0.109405826,-0.009678547,0.202082738,0.184651561,-0.373134635,0.059598382,-0.050082751,0.112656933,-0.303536909,-0.51399001,0.361682827,0.443157811,0.422761206,0.115251643,0.41284339,0.164854018,0.461193269,-0.159238307,-0.34030357,-0.099507275
BIOCARTA_CTCF_PATHWAY,-0.173363343,0.50188065,0.007081181,-0.101276344,0.139433855,-0.321390313,-0.111602647,0.012998501,-0.183590584,-0.278435399,-0.310134109,-0.068841686,0.068618993,0.292069373,0.234806008,0.164073268,0.353495396,-0.151367563,-0.385269462,-0.044858051,0.287975779,0.01097991,-0.151839447,0.39467082,0.335147761,0.0958429,0.214814932,0.157835436,0.10290743,-0.205923107,-0.29015789,-0.433224128,-0.25773498,-0.373307332,-0.10752791,-0.229542754,-0.088828183,-0.116429207,-0.181317357,0.152200857,0.4907125,-0.128795205,0.026536825,-0.201060139,-0.371640638,-0.172408924,0.247760925,0.548316498,0.03899133,0.316872897
BIOCARTA_CTLA4_PATHWAY,-0.148576417,-0.149681079,0.231974577,0.56035591,-0.575250675,0.502964264,-0.511743943,-0.147009074,-0.508021257,-0.306029065,-0.006426636,-0.108482535,0.169505402,-0.541233391,0.566967137,-0.260713173,0.658673576,0.230315416,-0.696193569,0.417554854,0.466929157,0.350391515,-0.36520976,0.149254122,0.218222679,-0.072809395,0.25541815,0.441449218,0.674399345,0.400020186,0.635603461,-0.28644702,-0.490844356,-0.711031949,-0.341536088,0.48547922,0.521804383,0.004778364,-0.047515808,0.352927426,0.234460853,-0.554835353,0.426555259,-0.398257184,-0.330251961,0.288151924,-0.334334097,0.737982464,0.325304162,0.218608853
BIOCARTA_CTL_PATHWAY,-0.18164376,-0.5076574,0.493478196,0.410398712,-0.691752669,0.583639437,-0.652304193,0.298657238,-0.492419529,-0.466908831,0.080451467,-0.224142441,0.454255976,-0.437944813,0.62802102,-0.320012372,0.647952274,0.505842773,-0.736338739,0.561566552,-0.19214894,0.558842931,-0.062984246,0.108562426,0.198920579,-0.093657216,0.456595798,0.588010064,0.743592851,0.366618565,0.659216671,-0.319921224,-0.524217957,-0.512765107,-0.290660119,0.599614096,0.746396071,0.179656654,0.320755936,0.153683718,0.118974728,-0.700772919,0.580721755,-0.679838505,-0.401633937,0.315274545,-0.593999834,0.777878104,0.58814123,-0.137786245
BIOCARTA_CXCR4_PATHWAY,-0.245648081,0.272780207,0.140873929,0.156874711,0.427208483,-0.265438219,-0.315069047,-0.109103615,0.253768172,-0.085186758,-0.224574573,-0.130784908,0.434054616,0.307510966,0.408739925,-0.120905163,0.262956925,-0.353689215,-0.31050273,0.182223177,0.223611507,0.168760706,-0.148488129,0.04716584,0.045171199,-0.173962154,0.51219101,0.019453418,-0.355624723,-0.091930061,-0.203675987,-0.415002401,-0.014292189,-0.077332188,-0.482948749,-0.317575665,-0.320476152,-0.34356479,-0.099689405,0.478338782,0.37404427,-0.23165294,0.172931351,-0.23604672,-0.320742074,-0.373662996,-0.011085724,0.422466494,-0.041422732,-0.148084035
BIOCARTA_CYTOKINE_PATHWAY,-0.411826142,-0.254233271,0.336414614,0.556440658,-0.355230969,0.28494124,-0.138833449,0.398872111,-0.525858959,-0.331811196,0.443106128,0.10282125,0.29677361,-0.526986453,0.398551595,-0.28893631,0.15040461,0.421815998,-0.036221461,0.058696406,-0.49305435,0.040047606,0.088797333,-0.037371088,-0.12881808,0.010865196,0.294297878,0.619518726,0.634046936,0.324266255,0.24586351,0.29672356,0.167905513,-0.485780974,0.170713289,0.615196388,0.711662678,0.117491366,0.422664765,0.50276983,-0.211660519,-0.467076267,0.370024032,-0.356609686,0.371229147,0.423800362,-0.477494259,0.376670928,0.557546061,0.209272972
BIOCARTA_D4GDI_PATHWAY,-0.006119481,0.380685753,0.394280802,-0.108823544,-0.322611,-0.09621213,-0.351237249,0.246736531,-0.19428848,-0.097674008,0.331237922,0.444466239,-0.094503944,0.302185879,0.460253912,-0.029717614,0.339841038,-0.124492138,-0.572288814,-0.362576272,0.4224971,0.263256188,-0.425044106,0.147663243,0.118221491,-0.076473955,0.186036189,0.222926904,0.299228783,0.26661861,0.41729098,-0.073015572,-0.249375207,0.09090648,-0.528760359,0.167315493,0.187838489,-0.114065518,-0.316903956,0.004601894,0.024137024,-0.120130388,0.005628796,-0.369419472,-0.013090586,0.097778982,0.176743035,0.473033675,-0.305632792,-0.250770982
BIOCARTA_DC_PATHWAY,-0.032907279,-0.072452987,0.227891956,0.692154488,-0.413221599,0.499166321,-0.388722285,-0.054111315,-0.690305772,-0.364405816,0.619214802,-0.086848988,0.355073342,-0.406898269,0.564541082,-0.236597396,0.610247696,0.407628003,-0.45399895,0.257410506,-0.182973088,0.479743028,-0.09080155,-0.222287112,0.303155888,-0.010562427,0.297560137,0.682842311,0.75886973,0.459137348,0.452069867,-0.14716652,-0.62495579,-0.243673866,-0.319982,0.664429047,0.693675327,0.083571635,0.159799786,0.425291124,0.216140322,-0.460264829,0.63935466,-0.632881276,-0.202303441,0.513812206,-0.617215783,0.639558121,0.549878126,-0.414198315
BIOCARTA_DEATH_PATHWAY,0.068721762,0.16978716,0.222191478,-0.21627188,-0.18570024,-0.183763989,-0.492894006,0.27775197,0.386940777,-0.098923953,0.152271388,0.254096584,-0.041931149,0.217569268,0.331165322,0.140991398,-0.074009134,0.054762544,-0.434433402,0.085323638,-0.173799175,0.17321678,0.104348447,0.108107524,-0.165668166,0.043590837,0.367183168,0.279397298,0.155332178,0.068504723,0.248775923,0.15040368,0.155107944,-0.042343329,-0.24402938,-0.010520659,0.130573381,-0.364344306,-0.18481745,-0.131985098,-0.330431981,-0.270013755,-0.203330764,-0.074133262,0.013112608,-0.105563122,0.409093573,0.005643109,-0.150606294,0.025385042
BIOCARTA_DICER_PATHWAY,0.373631489,-0.10059408,-0.846341243,-0.409776009,0.405070994,-0.403780066,-0.348033572,-0.630200769,0.640710999,-0.436328044,-0.412378717,0.204394434,-0.729766309,0.098026917,0.519444194,0.259877101,-0.172443466,-0.779416614,-0.532237541,0.156086672,0.45589268,-0.57777217,0.155572016,0.763060543,-0.795001353,0.108725074,0.593819774,-0.537706799,-0.763212465,-0.817956433,-0.692933418,-0.76062438,-0.758188216,-0.692905271,-0.290472381,-0.931697194,-0.601890747,-0.666059474,-0.707836656,0.203765984,-0.658215285,-0.249622876,-0.707479924,0.545222304,-0.683298746,-0.732548165,0.799152356,-0.492845931,-0.489687558,-0.676977222
BIOCARTA_DNAFRAGMENT_PATHWAY,-0.615878669,-0.296581457,0.1815004,-0.418943857,-0.345614026,-0.177422234,0.391092765,-0.118628393,0.129783331,0.045764709,-0.067974068,-0.392303614,-0.017292036,-0.186861192,0.149140852,0.367602961,-0.115601414,-0.102995159,0.149250328,0.307383703,-0.00898939,0.015938911,-0.376154686,0.581689512,0.031480437,0.08618877,0.188565302,-0.143415632,-0.003409199,-0.024369532,0.123414034,0.452184717,0.073923483,-0.216489967,-0.270740224,0.204609371,0.455319284,0.295403506,0.136289028,-0.408710057,-0.195115487,0.231839503,-0.016703216,0.411830068,0.070768585,0.221869862,-0.254312019,-0.125929822,-0.592592002,-0.38859565
BIOCARTA_DREAM_PATHWAY,-0.461975628,0.160553339,0.335998935,-0.117551463,0.597097261,-0.151648498,0.107178846,-0.354104222,-0.130847002,-0.191207254,-0.070345719,0.213631385,0.216866232,0.402819612,0.132665768,-0.078467007,0.303234288,-0.307455748,0.144187121,0.045738674,0.097135911,-0.07936078,0.026024985,0.162386118,0.037138695,-0.018930355,-0.130512154,-0.181088352,-0.271458574,0.33089138,-0.108738783,0.234915392,-0.059196359,-0.167231292,-0.313511185,0.208487085,-0.025373812,-0.31286591,-0.386979742,0.454350562,0.390294226,0.177820654,0.274140713,-0.269665784,-0.111509473,0.328938591,0.072574987,0.493381617,-0.094017595,0.348314059
BIOCARTA_DSP_PATHWAY,0.167224195,0.036611213,0.373289294,-0.137370727,-0.110182393,-0.305828566,0.40746745,0.373635775,0.067351269,-0.392673857,0.011754731,-0.236458721,0.122797242,0.310693043,-0.422323977,-0.292578854,0.588646778,0.467433366,0.504029591,0.114548225,-0.398966442,0.046724788,-0.068653628,0.021154172,0.70027293,0.11166329,0.051981662,-0.009134231,-0.030646412,0.099635695,0.443399311,-0.310543843,0.172567054,-0.145888146,-0.141317562,0.307662084,0.247166424,-0.200616464,0.021133916,0.173661883,0.047833987,0.243727072,-0.179889356,-0.29347903,0.092165541,-0.007044682,-0.009414777,0.346199335,-0.131572844,0.172931351
BIOCARTA_ECM_PATHWAY,0.055421244,0.363197241,0.381149003,0.148107104,0.443813453,0.022705422,0.105077866,-0.003973755,-0.010984366,-0.153245041,-0.157181981,0.151479582,0.463711619,0.332014996,0.20152128,0.235732135,0.365673387,-0.354115289,-0.128411096,-0.149987112,0.47687742,0.078276873,0.074309721,0.540629885,0.243574254,0.039263575,0.630501878,-0.086540932,-0.293813526,-0.266139291,-0.204041108,-0.418900714,0.109924439,-0.117217283,-0.416327703,-0.148548725,0.022462123,-0.489866669,0.109904112,0.401173198,0.457823715,0.2300711,0.327725321,-0.422265312,-0.166922677,-0.186995361,0.157629761,0.423979381,-0.422271726,0.131764353
BIOCARTA_EDG1_PATHWAY,-0.031817155,-0.029695572,0.125750538,0.426007396,0.159320281,-0.135084538,-0.040450432,-0.014976173,0.13443234,-0.105471759,0.084877076,0.32408194,0.32818945,0.428814453,0.12759694,-0.288658523,0.525244208,-0.141104702,-0.067947934,-0.225149694,0.389196293,-0.110574236,-0.149429638,0.06577847,0.398374502,0.177431712,0.318619173,-0.323112103,-0.248717271,-0.117738019,0.051221348,-0.248306427,-0.185092832,0.10827653,-0.331303776,0.092592272,-0.001355381,-0.390564465,-0.222485088,0.431874037,0.601427673,0.140265353,0.444632815,-0.572185251,-0.174045083,0.011126015,0.246759683,0.37399842,-0.103362187,-0.029096823
BIOCARTA_EEA1_PATHWAY,0.13148545,-0.36799048,0.013671305,-0.046246719,-0.254902931,-0.048232456,-0.133591166,0.403442792,0.318237573,0.133856476,0.401970571,0.564450057,-0.300318364,0.151270523,0.456855849,0.500968221,0.185277176,0.438542786,-0.007526731,-0.238478773,0.385540649,0.259468924,-0.099713224,0.221237895,-0.260134446,0.189606311,0.343471429,-0.001715899,0.002402767,-0.306345528,-0.28664258,-0.298589356,-0.172922174,0.119092332,-0.365443661,-0.569039576,-0.193354213,-0.331310237,0.301447576,0.154882332,-0.081732667,-0.320445943,0.034744157,-0.083726494,-0.307734344,-0.159577916,0.167721213,-0.297488635,-0.281700054,-0.108992464
BIOCARTA_EFP_PATHWAY,0.203115206,-0.136298142,0.302359718,-0.050618179,-0.161611417,0.178617519,0.140437718,0.615095636,-0.292341492,0.044348033,0.428257207,0.023302221,-0.125934104,-0.097482479,-0.22903819,0.17440789,-0.276375568,0.352361472,0.238374864,0.15536017,0.101802945,-0.084103318,0.021783504,0.421563,0.273771987,-0.334804625,-0.176441846,0.562488647,0.109436699,-0.118280341,0.192759964,0.446084544,0.116250199,-0.036855184,0.135090673,0.609791262,0.342927673,0.291204995,0.604512549,-0.269062794,-0.251336983,-0.002103767,0.441714702,0.253705754,0.310758353,0.464341512,-0.139749433,-0.246790736,-0.501211466,-0.069545255
BIOCARTA_EGFR_SMRTE_PATHWAY,0.526997291,0.268558028,-0.0229314,-0.282821141,0.560190987,-0.030864232,0.026986002,0.518762139,0.467626419,-0.212775875,-0.184788308,0.56345271,0.178321865,-0.117785981,0.718271759,0.176371399,-0.121603322,-0.362543444,-0.311433951,-0.204778159,-0.222977968,0.490545465,0.343413469,0.023402492,-0.041566296,-0.302433374,0.437743169,-0.147166184,-0.556351948,-0.311691637,0.095159861,-0.356719245,-0.416337743,0.067577564,-0.277305454,-0.42676901,-0.581053394,-0.710580456,-0.379636573,0.545783948,-0.165929403,-0.332310273,-0.332701176,-0.505785442,-0.605970236,-0.496866921,0.628371932,0.500524865,-0.358091754,0.133749687
BIOCARTA_EGF_PATHWAY,0.243796917,0.51707523,0.422988268,-0.101550529,0.282420386,-0.037136426,-0.351888776,-0.094915617,0.141059594,-0.171551326,0.197932113,0.148949659,-0.089178531,0.090382997,0.332531742,0.255182059,0.26116784,-0.166484176,-0.226061742,-0.185623219,0.219482192,0.214224699,0.2080776,0.416807873,0.015176071,-0.031708197,0.424153278,0.207390629,-0.425673166,-0.458962967,-0.097699483,-0.396886841,-0.34344023,-0.193295032,-0.472032789,-0.250219027,-0.070324346,-0.472944771,-0.164776264,0.357620071,0.268581085,-0.233808422,0.013687434,-0.106590999,-0.345676888,-0.340725791,0.245402665,0.482445695,-0.366334571,-0.033212785
BIOCARTA_EICOSANOID_PATHWAY,-0.292665807,-0.251618393,-0.297147678,-0.037654731,0.142441756,-0.007250111,0.167081927,-0.092252762,-0.284267362,-0.466731059,0.035884158,0.006637481,0.224969409,0.444066292,0.0328053,-0.361773243,0.566779462,0.168762974,-0.107188309,-0.239747041,-0.118173435,0.153589342,-0.444137488,-0.368653311,0.451186501,-0.012746454,-0.067330311,0.076111407,0.400214376,0.105500278,0.087624055,0.185685596,-0.108620359,0.26189064,-0.076025267,0.374274658,0.283038487,-0.148599805,-0.227144365,0.384719623,0.567181005,0.229954553,0.401388475,-0.573446854,-0.259076774,0.211991205,-0.130335886,0.633605759,0.335572023,0.313509297
BIOCARTA_EIF2_PATHWAY,0.106652596,0.073357889,0.299745871,-0.344489304,-0.202063689,0.022538393,0.444385833,0.363838201,0.412614562,0.496074994,0.021447314,0.332308639,-0.102238913,0.136115344,0.065243274,0.682097626,-0.001205341,0.014686673,0.056196719,-0.485563871,0.512141663,-0.155504854,0.039267964,0.507958414,-0.41868504,0.132208576,0.357862103,0.090747731,-0.355750135,-0.176305184,0.082890963,-0.090395752,-0.036621993,-0.098167949,0.065928376,-0.07373039,-0.031601608,0.096346862,0.539419701,-0.081057139,-0.182194884,0.021820604,0.214424314,0.517956276,0.445920317,-0.316220946,0.451969647,-0.411934985,-0.710176336,-0.053692587
BIOCARTA_EIF4_PATHWAY,0.354767337,0.38058619,0.180621787,-0.106457392,0.330984281,-0.017065538,0.111881128,-0.111688127,0.015623795,-0.029940737,0.02117347,0.22266073,-0.012193582,0.154769356,0.129484624,0.257158214,-0.015097957,-0.353802264,-0.023626705,-0.057086218,0.367345622,0.119321159,0.197842861,0.518868066,0.021782774,-0.226590307,0.455623289,-0.241924571,-0.452355584,-0.367359292,-0.186087061,-0.177084354,-0.189173996,-0.16716987,-0.323894197,-0.253887093,-0.073436089,-0.116357999,0.032571786,0.300522031,0.158079983,-0.037620659,-0.089828152,0.145946249,-0.330309316,-0.368137678,0.451864167,0.133107184,-0.394810207,-0.361768377
BIOCARTA_EIF_PATHWAY,0.4337247,0.295375753,0.393753738,-0.447732394,0.061145231,0.066979721,0.377948384,0.329849828,0.035565073,0.095992055,0.129050719,-0.122510251,-0.091578432,0.005038594,-0.320807374,0.477444554,-0.306630459,0.214721197,0.007523326,-0.271008823,-0.023710339,0.14682081,0.450137735,0.497421996,-0.444182542,-0.377470946,0.408614956,-0.055403166,-0.202562188,0.003379914,0.031351483,-0.019076295,0.127330613,-0.113264046,0.493979474,-0.102251452,-0.095452251,0.140004755,0.504740833,0.243201013,-0.064557464,-0.05240117,0.253702237,0.365989575,0.275362225,-0.169690344,0.359235167,-0.252199615,-0.502227732,0.225408145
BIOCARTA_EOSINOPHILS_PATHWAY,-0.112241781,-0.382557,0.099985952,0.475820703,-0.319781683,0.645771952,-0.434531614,0.212977168,-0.669975634,0.041417291,0.617572439,-0.102737459,-0.101254399,-0.290539122,0.498522248,-0.724019136,0.699124431,0.457072766,-0.629141569,0.279933989,-0.466724311,0.200738298,-0.018357618,0.022561141,0.30076315,-0.320021985,-0.427152026,0.593760855,0.822759679,0.741072178,0.372240593,0.27646565,-0.476327552,-0.377132028,0.214389349,0.662944058,0.642030845,0.316389768,-0.059019944,0.514869384,0.361998898,0.010106958,0.761230354,-0.550555579,0.003229674,0.624253313,-0.609607541,0.578396452,0.26391542,0.53340524
BIOCARTA_EPHA4_PATHWAY,-0.027757878,0.162325627,0.016713223,-0.046563459,-0.42664887,-0.103295319,-0.500117031,0.205629031,-0.235110068,-0.582163598,0.316712429,-0.459925818,0.198195448,0.479478458,-0.123194946,-0.182761516,0.78094169,0.019707533,0.244435794,-0.07268827,0.236275663,0.010226926,-0.016196014,0.086451836,0.582893326,-0.18700361,0.296050638,-0.008554262,0.296522022,-0.075225559,-0.052015996,0.068460606,-0.193147213,0.213267148,0.010663853,0.515931075,0.18108924,0.08905331,-0.341288193,0.349011322,0.636714647,0.220325908,0.390929213,-0.306516066,-0.107935487,0.343062,-0.014425995,0.44251263,0.13974591,0.441337091
BIOCARTA_EPONFKB_PATHWAY,-0.316522725,-0.057261233,0.239059239,0.068760939,0.315704844,0.086568823,0.457301369,0.298768701,0.172254552,0.099557722,0.244963682,0.099564982,-0.196329976,0.187159167,-0.21990116,0.127010351,0.51434932,-0.17574697,-0.35819881,-0.153449161,-0.246611601,0.37814376,0.425079506,0.504377651,0.1780426,-0.113108085,-0.246154282,0.035979159,-0.357303739,-0.537956703,-0.422720946,-0.45753264,-0.029440866,-0.089199411,-0.158419825,-0.329471239,0.382000005,-0.487760221,0.022565213,0.235061273,-0.103559567,-0.283211507,0.383174207,-0.30848627,-0.435410522,-0.182834858,-0.084925498,0.47637517,-0.179668867,-0.107079943
BIOCARTA_EPO_PATHWAY,0.051872455,0.508323521,0.485095664,0.229948857,0.189460808,-0.004696923,-0.101070641,-0.060999545,-0.058670684,0.084949665,0.143664336,-0.278630301,-0.046916711,-0.089792231,0.038066622,-0.04034466,0.151571464,-0.257910818,-0.024316077,-0.115867217,-0.011794718,0.206484374,0.345281235,0.39164099,-0.016859132,0.009432476,0.366964683,0.02698955,-0.345627489,-0.442455742,-0.147667113,-0.443203793,-0.228338129,-0.371344222,-0.555294621,-0.254661205,0.016525002,-0.432771914,-0.10392394,0.330159612,0.099287831,-0.182352624,-0.037058037,0.027323786,-0.270126204,-0.242875418,-0.312025608,0.354509714,-0.15488543,-0.20221181
BIOCARTA_ERAD_PATHWAY,0.167824053,0.155232197,-0.184406747,0.032598981,0.41618636,-0.143454378,0.292025799,0.365732393,0.312070341,0.308223247,-0.06978608,0.045830107,-0.016557384,-0.277083133,0.210331731,0.336676696,0.095069653,0.049528519,0.272165501,-0.09311579,0.2507649,-0.124997307,-0.002795696,-0.004210657,-0.040850385,0.257379043,-0.099761405,-0.208478981,-0.317590426,-0.101764002,0.257596952,-0.19951113,-0.330255613,-0.044389496,0.090891131,-0.150127021,-0.189625405,-0.169826814,0.149993661,0.212426455,0.04872588,0.133354327,-0.150421864,0.156104426,-0.160692076,0.090409607,0.203842756,-0.149920576,-0.472919838,0.175121708
BIOCARTA_ERBB3_PATHWAY,0.117404591,0.309869896,0.327477443,-0.560095559,0.252724722,0.15425796,-0.499211067,0.647983443,0.47471867,-0.493761381,-0.009707377,0.240303643,-0.302511792,0.116126186,-0.021714213,-0.128237995,0.160316957,0.407721121,-0.407995638,0.460317457,-0.151775377,0.093296039,0.090318506,-0.088829199,0.15017857,0.05179647,-0.08491212,0.360831593,-0.107317177,-0.251319081,-0.031904214,0.08233185,-0.444264237,0.143144408,0.236174319,-0.007793999,-0.108981418,-0.260562404,0.040241059,0.136886322,-0.324486913,-0.102663819,0.011156797,-0.712818668,-0.357642478,-0.307302813,0.161509037,0.312514589,-0.094390212,0.21979413
BIOCARTA_ERBB4_PATHWAY,0.057253272,0.614739733,-0.09973266,0.594362754,0.275289632,0.032667937,-0.198921026,0.043739362,-0.354411751,-0.543820078,0.526614541,0.161699001,0.249301281,0.052133321,0.104303889,0.474198491,0.505805741,-0.156816746,-0.472359332,-0.043738215,0.538526053,0.170913167,-0.478893397,0.2955716,-0.246689368,0.060001805,0.640349638,0.275235731,-0.084224628,-0.299363578,-0.005864838,0.117527486,-0.187707002,0.350840958,-0.516218359,0.061174772,0.166355143,-0.0261662,-0.42724037,0.517324149,0.583430643,0.126224585,-0.161418389,-0.116626752,-0.085123158,-0.157219731,0.367285007,0.382832398,0.04246339,-0.250103452
BIOCARTA_ERK5_PATHWAY,-0.217970753,0.435120101,0.117492249,0.248583442,0.207706613,-0.09320135,-0.04004098,-0.271891669,-0.331652909,0.253085336,0.210022504,0.603544727,0.130927831,0.171716852,0.242161491,-0.114060353,0.023833011,-0.532904149,-0.1386808,-0.160722348,0.344797136,-0.250040796,-0.093947229,0.449131176,0.259390406,0.191241665,0.47236408,-0.252276732,-0.40959888,-0.289056618,-0.362005585,-0.499629183,-0.340055254,0.029265249,-0.325060575,-0.330347719,-0.193062484,-0.461254189,-0.154716854,0.464507203,0.317100185,0.069406085,0.24008503,0.093348342,-0.188339674,-0.508089129,0.441400049,0.349735736,-0.515722809,-0.055488563
BIOCARTA_ERK_PATHWAY,-0.031198554,0.206761444,0.26315682,-0.176754508,0.106540659,0.061568297,-0.002603072,0.232010571,-0.113076835,-0.019162996,-0.065064851,0.143420591,0.258361456,0.17284711,0.131255857,0.024129796,0.196568597,-0.155795366,0.10535012,-0.096816835,0.103885952,-0.025921307,0.179612203,0.291835467,0.246774791,-0.06716909,0.237768654,0.121599454,-0.351019302,-0.160804329,-0.276259968,-0.305804612,-0.236222656,-0.193129473,-0.182396914,-0.178780109,-0.025364075,-0.341761997,0.248937379,0.297078125,0.158575351,0.106817775,0.113086392,-0.019108246,-0.181280735,-0.015035232,0.323014942,0.087603807,-0.257045537,-0.06017641
BIOCARTA_ERYTH_PATHWAY,-0.466557078,-0.161106778,0.022493648,0.412114528,-0.17120378,-0.456301528,0.251513039,0.243963035,-0.465246978,-0.545253595,0.457227812,0.143564519,0.12721199,0.250674107,-0.185796173,-0.194087682,0.654233084,0.013857922,0.056803341,-0.445893185,-0.350219144,0.424705463,-0.107643885,-0.154100885,0.541189529,0.059790062,-0.294833704,0.499372499,0.619296242,0.410023501,0.15523379,0.186661529,-0.136572766,-0.053315817,-0.194490558,0.60506659,0.616264703,0.41948241,0.080085723,0.649903,0.272433536,-0.058035109,0.555951857,-0.503316398,-0.306437342,0.581935784,-0.219006978,0.59434879,0.564366103,0.047466023
BIOCARTA_ETC_PATHWAY,-0.27277685,-0.117971909,0.222161351,-0.372505443,0.253456627,0.38245028,0.436509902,0.515828369,0.595272063,0.745138324,-0.513453912,0.526234682,0.548646956,-0.661460912,-0.291844648,0.501098356,-0.405162751,0.709883852,0.365593469,0.286297331,-0.092175533,0.119166849,0.006377283,-0.523493773,0.469591653,0.491685967,-0.176209101,0.092890394,0.253029903,0.570605928,0.611821614,0.655792824,0.575387152,0.368019702,0.590334325,0.53619539,0.297359501,0.613648673,0.267924081,-0.046296435,0.044683156,0.646564652,0.597394374,0.207889511,0.356730662,0.609185468,-0.299965803,-0.472753822,-0.559158588,0.696528199
BIOCARTA_ETS_PATHWAY,0.236263377,0.412201683,0.246533051,0.153443018,0.339186481,-0.350747975,0.201243492,-0.013475466,-0.076198821,-0.034488338,0.287241749,-0.245970743,-0.156809363,0.124379577,-0.097807535,0.070424573,-0.1069343,-0.490302001,-0.324157534,-0.408840755,0.23537692,0.037374921,0.034853329,0.456175389,-0.258002808,0.166145974,0.087298168,-0.161344755,-0.538972991,-0.559120003,-0.236357239,-0.459733305,-0.451413591,-0.118155523,-0.56406347,-0.402453697,-0.200457684,-0.49855935,-0.009452716,0.320826979,-0.339717095,-0.214522535,0.173435888,0.360456111,-0.338162406,-0.097665371,0.001371593,0.247729848,-0.305566017,-0.373722643
BIOCARTA_EXTRINSIC_PATHWAY,-0.697418698,-0.422785212,-0.295579549,0.323498848,0.170395115,0.452381307,0.640371515,-0.055760611,0.516872096,-0.416686114,-0.653347432,-0.360746817,0.486916868,-0.538357849,-0.422753918,0.216855191,0.651540145,0.651454186,0.383777179,0.498793412,-0.182281226,-0.266771471,-0.269828339,-0.329208486,0.103374258,0.256889347,0.058337776,-0.335886058,0.619803098,-0.468680237,0.691329027,-0.125846348,0.17838765,0.247346021,0.015323344,0.375066632,-0.073654138,0.041076104,-0.379053019,0.312016592,0.319753566,-0.360027913,0.244651079,-0.685799573,0.506223391,0.322450813,-0.25166141,0.614581709,0.474367317,-0.128261971
BIOCARTA_FAS_PATHWAY,0.114927173,0.299198969,0.482578383,-0.225962476,-0.094572033,-0.064282283,-0.305297287,0.082173451,0.219303097,0.000398345,0.25156869,0.09849635,-0.052247057,0.428263,0.362640775,0.167061061,-0.005599621,-0.224894515,-0.244433675,-0.064550285,0.057747834,0.202549968,0.14469283,0.460705712,-0.131279018,-0.149391094,0.428770427,0.16518499,-0.202291895,-0.135114147,0.186069889,0.14419167,-0.018270934,0.148395805,-0.302991879,0.23685655,0.228059985,-0.274006465,0.149123007,-0.183445236,-0.112585271,-0.042702352,0.031354742,-0.017949998,-0.246889612,0.209109191,0.231860207,0.24422994,-0.363724988,-0.022548472
BIOCARTA_FBW7_PATHWAY,-0.068210742,-0.266514171,0.393071509,-0.020759996,-0.091993543,-0.319158496,0.536326198,0.113542068,0.249465652,0.277832451,0.465095909,-0.170226463,-0.194451621,-0.172131558,-0.154542852,0.49042215,-0.489338969,0.46689597,0.355666327,-0.05649408,0.037925125,0.040259224,0.267566239,0.567841372,-0.043243571,0.042997096,-0.153442966,0.283293635,-0.077988089,-0.024470172,0.64164177,0.27508349,0.106019175,-0.141980323,-0.38113253,0.330591086,0.416858898,0.357746731,0.421699838,-0.254277976,0.02015973,0.126760554,0.303418272,0.392031143,0.567544595,0.397768411,-0.617628406,-0.369936096,-0.409344666,-0.334342996
BIOCARTA_FCER1_PATHWAY,0.102058275,0.510816733,0.288007411,0.092251544,0.240973345,-0.108205228,-0.016187057,-0.280854727,0.017136045,-0.149086126,0.136785284,-0.15398137,0.185612839,0.282406384,0.093493283,-0.099726077,0.348815379,-0.266705174,-0.231533978,-0.188808191,0.294616646,0.212435882,0.180097292,0.395517464,0.320600413,-0.082690082,0.330735281,0.088633272,-0.102237422,0.016033189,-0.143899289,-0.204102448,-0.227453045,0.032948738,-0.238211174,-0.02140232,0.261515837,-0.371194394,-0.147579169,0.511229524,0.401761556,0.09563691,0.186685913,-0.227435256,-0.351291747,-0.014542407,-0.112712868,0.542984654,-0.125284194,0.122849038
BIOCARTA_FEEDER_PATHWAY,0.440829377,-0.682952104,0.213504668,0.333206585,-0.135108303,0.306223777,0.309486572,0.410818138,-0.347891778,0.04143531,0.476863601,0.729350429,0.067148014,-0.034360975,-0.161798523,0.195336925,-0.048486331,0.480883532,0.403077551,0.165093174,-0.05886649,0.373543711,0.637327335,-0.068670078,0.014517172,0.326949123,-0.449323214,0.688568905,-0.285901563,-0.284162947,0.001709823,0.170308399,-0.212241697,0.148902817,-0.216696751,0.344640956,0.663379194,-0.04172418,0.039641175,0.111101083,0.258672031,0.24913276,0.503091747,0.174368231,-0.131807455,0.363142892,0.007492353,-0.045150169,-0.025853405,0.09278882
BIOCARTA_FIBRINOLYSIS_PATHWAY,-0.58237733,-0.386338219,0.047130608,0.56175414,0.018350285,0.096366011,0.580794236,0.157380194,0.362620626,-0.459724406,-0.154327329,-0.507420282,0.525715224,-0.461829255,-0.43085253,0.077947671,0.713017063,0.505938374,0.118732739,0.236485195,0.106270532,-0.035973209,-0.342653763,-0.207643456,0.433119029,-0.212230412,-0.169870927,0.226008826,0.601026351,-0.039398512,0.371612989,0.122303457,-0.021572776,0.815107947,-0.105104277,0.538796224,0.146758131,-0.032798974,-0.155970755,0.547421159,0.573589323,-0.246207324,0.583630585,-0.532628578,0.414688166,0.47980909,-0.156605065,0.591973488,0.339530847,-0.266810947
BIOCARTA_FLUMAZENIL_PATHWAY,0.288059142,-0.339494289,0.115030511,-0.259568196,0.052038231,0.595677751,-0.637044388,0.504285215,0.036596948,0.216108567,0.058186232,0.567127176,0.514918686,-0.22997113,-0.409114919,0.193145103,-0.629826777,0.451411357,0.081169626,0.01893615,0.622965375,0.331171489,0.398022277,-0.515404204,0.030257431,-0.161401244,-0.063063876,0.403869507,-0.152203803,0.54104003,0.24999901,0.811492875,0.15783209,0.263153175,0.553896074,0.539068506,0.560031249,0.488091895,0.513141638,0.137990656,0.473112756,0.789351475,0.263346147,0.004150126,0.359521424,0.59091645,-0.083798761,-0.221520466,0.304977628,0.617421896
BIOCARTA_FMLP_PATHWAY,0.113594579,0.079673006,0.327224367,0.393464031,-0.038982351,0.069766838,0.159575806,0.171827158,0.134390729,0.153383096,0.149639233,0.181389411,0.490685881,0.017383689,0.033808796,-0.131127919,0.386704904,0.006302311,-0.059049717,0.05864574,0.134709935,0.242939442,0.060238683,0.317376491,0.326014919,-0.035868792,0.333644159,-0.029401478,-0.014726861,-0.018153354,0.067097503,-0.185055938,-0.036871485,0.175576723,-0.336188443,0.087431126,0.202590404,-0.425394726,0.003189565,0.412036454,0.424748883,0.134741883,0.392746227,-0.189300293,-0.116662419,0.0791106,-0.05569787,0.401142032,-0.005909893,-0.142786036
BIOCARTA_FOSB_PATHWAY,-0.182416558,-0.089652902,0.412297579,-0.596266133,0.479383187,-0.910732664,-0.149957233,-0.45665538,-0.127269572,-0.660871981,0.164335747,-0.522715591,0.485384338,0.279273783,-0.00927811,-0.534507563,0.148435961,-0.42583195,-0.240608196,-0.64174285,0.213848908,-0.1432958,-0.58001004,-0.446049462,0.157170838,-0.647119206,0.018050762,-0.816587494,0.039463524,0.10855042,-0.031138424,-0.143241984,0.548538434,0.577004393,-0.310089586,0.351669362,-0.063063876,0.030923848,0.044936275,0.401040045,-0.073800072,0.183332413,-0.171518323,-0.064958499,0.068944251,0.581724898,-0.055936485,0.650946224,0.358699519,0.180480388
BIOCARTA_FREE_PATHWAY,0.335578809,0.206468636,0.450809133,-0.061813578,-0.13414876,0.410827031,-0.126894434,0.338153056,-0.299465975,0.300641586,0.257027224,0.323507779,0.487140757,-0.168546177,-0.037940569,0.037657532,-0.236956129,0.461327762,0.020778885,-0.382661592,-0.17719805,0.314349483,0.513422698,-0.501825634,-0.279225225,-0.207080639,0.227710144,0.505298449,0.269197561,0.400334222,0.424531871,0.307377235,0.582210053,0.296410083,0.168674588,0.314580206,-0.053862451,0.050295231,0.3687333,-0.341003461,0.210326336,0.484265125,0.392048713,0.21745363,0.578089041,0.26694844,-0.379599096,-0.185221213,0.11889562,0.512074773
BIOCARTA_FXR_PATHWAY,0.018949449,0.315820933,-0.147301918,-0.244656461,0.0611195,-0.107029185,-0.354447511,-0.060828756,-0.160575418,0.20524404,0.129361855,-0.450629397,0.528420064,-0.190697594,0.533927844,-0.386474501,0.196549744,-0.354323691,-0.206053292,0.059182722,-0.19628792,0.301360541,0.254831671,-0.012983466,-0.155880726,-0.113071584,0.592179765,0.437877547,-0.07025532,0.181766551,0.286945017,0.197148409,0.313833198,0.180973552,-0.176044295,-0.000391518,-0.116970099,-0.372151977,0.21654755,0.629603694,-0.277547698,-0.264700456,0.184556185,0.040121777,-0.490960583,0.169905259,-0.157158041,-0.162175424,0.460311502,0.05542161
BIOCARTA_G1_PATHWAY,-0.341561287,-0.142493812,0.344565006,-0.01229056,-0.259268204,-0.047131521,-0.204688711,0.482867699,0.129574155,0.204759318,0.053631505,-0.150350955,-0.111282756,0.192322073,0.184551462,0.394137373,-0.22691082,-0.216694001,0.347473291,-0.125050392,0.035452625,0.119023498,0.298938046,0.29271153,0.0987243,-0.140894695,0.198393392,0.269042102,-0.193998443,-0.336505226,-0.024442591,-0.102332834,0.049334747,-0.439250973,-0.527676722,0.061387557,0.203804712,0.112317227,0.161527232,-0.197789713,-0.009598065,0.02313759,0.158733542,0.290147762,0.061181165,0.172577039,-0.099935986,0.091445921,-0.181128844,-0.436992999
BIOCARTA_G2_PATHWAY,0.273449171,-0.288810855,0.334456939,-0.260551741,-0.581824802,0.057581519,0.399074577,0.165454483,-0.428409584,0.424113293,0.155014578,-0.347658684,-0.154787813,-0.105761062,-0.271267007,0.179479916,-0.098776177,-0.108861407,0.452399277,-0.224152098,0.041060288,0.30366165,0.072408486,0.509964977,-0.19674832,0.017177464,-0.039696385,0.118952116,0.010150613,-0.39077437,-0.177825794,-0.103267315,0.12735526,-0.123870417,-0.529524435,0.029520267,0.229450724,0.157697326,0.479612843,-0.440717608,-0.238381389,-0.00292024,0.075194459,0.353236836,0.247515816,0.198339272,-0.101485143,-0.108330686,-0.269459313,-0.366093303
BIOCARTA_GABA_PATHWAY,0.107068592,0.3532331,0.013343077,0.652664712,0.366370985,0.614308914,0.418227418,0.431892719,0.838004359,-0.24011778,0.333543316,0.744879874,0.196319018,-0.076757537,0.446226825,0.36603919,0.464062872,0.447966277,-0.156312802,0.550335294,0.776276021,-0.189035507,-0.126151861,0.658383729,0.185993325,0.18518363,0.452701537,-0.078369818,-0.333045756,-0.342140748,-0.389519048,-0.386010314,-0.021743053,-0.005094138,0.112865392,-0.329980634,-0.162215807,0.039229142,0.146968603,0.34485973,0.044942909,-0.500088826,0.036629376,-0.217044616,0.103933598,-0.356831285,0.120083003,0.06549982,-0.689015705,0.368410731
BIOCARTA_GATA3_PATHWAY,-0.530126005,0.189742391,0.001376431,0.031233075,0.385417585,-0.213439658,-0.450122733,0.398945945,0.044924446,-0.40399171,-0.252010762,-0.177905937,0.350946979,0.280031035,0.290580868,0.288814379,0.354165215,-0.055984214,-0.241050571,0.039239049,0.146888775,9.03E-05,-0.293008523,0.686631161,0.234392919,-0.365729085,0.322313486,0.141529621,-0.309502533,0.029687609,-0.021920736,-0.095710065,-0.170416165,-0.078458658,-0.218288903,-0.193534472,-0.164019851,-0.510825015,-0.67134149,0.522260886,0.137921238,0.063549377,-0.0270807,-0.506840663,-0.458288994,0.078972461,0.457249787,0.680324429,0.077287666,0.370148449
BIOCARTA_GCR_PATHWAY,-0.209911077,0.034515249,0.278936136,0.166648928,-0.087908461,-0.210924221,0.179297225,-0.26791216,-0.218268709,-0.099615588,-0.323428218,0.393609354,0.35298134,-0.076415064,-0.018770539,0.024768498,0.249687694,-0.125986966,-0.517190307,0.090679796,0.516841807,0.183591654,0.080268042,0.260171829,0.332161943,-0.136201286,0.320378748,-0.064505352,-0.294563459,0.056476541,-0.196549544,-0.062213442,0.077133566,0.037485023,0.02977822,0.066273356,0.345626794,-0.089386108,-0.036113348,0.35071605,0.517526482,0.123070686,0.389225412,-0.293980838,0.199386538,-0.150701047,0.23856853,0.499511865,-0.048206532,0.240432322
BIOCARTA_GHRELIN_PATHWAY,-0.357868233,-0.300007251,-0.338400932,0.009346305,-0.19957262,-0.353044721,0.389634922,-0.035210784,-0.426529294,-0.493577957,0.075154886,0.497665587,0.366035761,0.075790907,0.118315347,-0.161948545,0.377836432,0.207332186,0.174304948,-0.040317711,-0.077250302,-0.076645679,-0.138184925,-0.608633821,0.591283202,0.261652557,-0.415843666,0.170180432,0.476551966,0.167825223,-0.259303993,-0.110751878,-0.080318958,-0.364385795,-0.391550187,0.017513767,-0.236807514,0.179551113,-0.439433711,0.115234682,0.466056064,-0.157890304,0.078689346,-0.016958298,0.077421001,-0.212514596,0.305271187,0.556722681,0.492695442,-0.148931127
BIOCARTA_GH_PATHWAY,0.044739818,0.413859712,0.272927665,0.29076888,-0.04433719,-0.011995387,0.018287156,-0.266606939,-0.068939264,-0.005070687,0.034570648,-0.159215778,0.310875398,0.091835621,0.351397487,-0.249368813,0.25272753,-0.361296626,-0.189429181,-0.163209958,0.294241026,0.169295276,0.039968796,0.208221484,0.113605864,-0.073270979,0.533275818,0.018965603,-0.19538781,-0.330011246,-0.193859718,-0.489272492,-0.234594742,-0.147903785,-0.505422271,-0.246561473,-0.008520376,-0.378326981,-0.082222243,0.386168922,0.278384171,-0.14805384,-0.008828894,-0.207532054,-0.31062301,-0.262924246,0.145176105,0.524203732,-0.010110525,-0.319769627
BIOCARTA_GLEEVEC_PATHWAY,0.189839942,0.404090537,0.378428053,-0.030147073,0.28164202,-0.238872753,0.019396027,-0.123335696,-0.104006702,-0.15203211,0.324242737,0.022850919,0.323977091,0.197580291,0.398658912,0.190169268,0.21976794,-0.288625645,-0.13736447,0.156967842,0.145883156,0.117162366,0.165194614,0.509157607,0.016503006,0.029611038,0.502699781,0.122718249,-0.238549755,-0.298476645,-0.216520481,-0.261303844,-0.026822091,-0.21746234,-0.416578994,-0.099696375,0.190489766,-0.413072117,0.009254824,0.34307041,0.291834994,-0.048044066,0.16658438,0.066532003,-0.253228317,-0.16612277,-0.139724865,0.453192136,-0.204765926,-0.101896335
BIOCARTA_GPCR_PATHWAY,-0.118189867,0.341193222,0.404717182,-0.13166883,0.341636404,-0.31521607,-0.216186694,-0.33474131,0.227318123,-0.201234091,-0.181850498,-0.272497707,0.272961184,0.167071543,0.16445111,0.014876982,0.358332908,-0.435196508,-0.222102033,-0.13686858,0.267811374,0.12745733,0.303087053,0.421763877,0.273215084,-0.026597988,0.23450202,-0.242435482,-0.356776765,0.00022721,-0.362171081,-0.253484623,-0.132321386,-0.154211905,-0.358559966,-0.198152091,-0.043279724,-0.35508351,-0.377153456,0.452406804,0.368536335,0.097020702,0.243596691,-0.308711388,-0.329104438,0.04382052,-0.034366404,0.492365196,-0.191756962,0.084805307
BIOCARTA_GRANULOCYTES_PATHWAY,-0.198015735,0.050676913,-0.172502071,0.375836106,0.03966996,0.177320197,-0.171659491,-0.047082157,-0.504724219,-0.483383371,0.30161823,-0.085227611,0.472121732,-0.320016605,0.269286664,-0.221821022,0.62700276,0.229482782,-0.030574647,0.071364631,0.181229208,0.397131533,-0.103573206,0.1636267,0.47587408,0.310392094,0.270070673,0.153320986,0.633630927,0.465166397,0.474725982,-0.117199937,-0.146142594,-0.060313394,-0.172903594,0.522079809,0.420288671,-0.021340462,-0.092192137,0.640448132,0.26753269,-0.071756909,0.428710604,-0.56559447,-0.167257244,0.398639871,-0.635463778,0.75724313,0.536678542,0.190558173
BIOCARTA_GSK3_PATHWAY,4.50E-05,0.205486311,0.170516922,0.214234936,0.225590834,-0.324726074,0.269855564,-0.128914866,0.183274055,-0.192496708,-0.203406631,0.392430438,0.067147002,0.287396335,0.148433127,0.050672957,0.236250763,-0.171138974,-0.428496614,-0.388876066,0.322318213,0.046677834,0.186555542,0.122680107,0.234947458,-0.29027483,0.444706445,-0.21318969,-0.445030863,-0.305034796,-0.345019639,-0.437089518,-0.009756979,-0.171056964,0.00109684,-0.347928923,-0.012445367,-0.575299276,-0.268715724,0.206232331,0.28375993,-0.141291441,0.17942365,0.070711463,-0.39774988,-0.374711719,0.275777584,0.174111331,-0.353414512,-0.043317579
BIOCARTA_HBX_PATHWAY,-0.035480642,0.530959607,0.366175285,0.203920261,0.310617319,0.002068343,0.098547416,-0.163376504,0.02471938,0.150979154,0.12491317,0.264729537,0.184150986,-0.033981744,-0.136649394,0.19439455,0.206569804,-0.03627069,0.211288506,-0.052973558,0.117744844,0.259657977,0.532894143,0.341793198,-0.061133557,0.125192608,0.243925212,-0.185274391,0.039088157,-0.127739662,0.009097788,-0.263051137,-0.045098914,-0.137622958,-0.141401411,-0.186824653,0.273487611,-0.295362152,0.101715466,0.422943797,-0.032505045,-0.264166175,0.071880419,-0.048247917,-0.036958814,0.025233666,-0.225774678,0.261932313,-0.501926474,0.378152938
BIOCARTA_HCMV_PATHWAY,0.131378381,0.429685783,0.291916689,-0.214025482,0.249962168,-0.003629896,0.121582138,0.044056776,0.326895811,-0.007210771,0.163942551,0.365235267,0.518880176,0.217937442,0.070619397,0.150460924,0.239725872,-0.222939188,-0.166554747,-0.008955543,0.192548553,0.038895841,-0.034629114,0.315553003,0.258650824,-0.277293377,0.548569286,0.05656271,-0.325583624,-0.261405462,0.07408861,-0.272687699,0.194138686,0.355162121,-0.231337155,-0.24243202,-0.238358279,-0.510336247,0.044393757,0.443624019,0.424630656,-0.286083253,0.042083576,0.115036661,-0.359420781,-0.50472698,0.268257321,0.455460585,-0.319242568,-0.370916324
BIOCARTA_HDAC_PATHWAY,-0.214405248,0.47429188,0.270179408,0.326680863,-0.012071142,-0.270867119,0.215155776,-0.360684292,0.028003657,-0.166611935,-0.227714344,0.113206307,0.439263317,0.402868156,-0.026917315,-0.110340205,0.432238512,-0.381859719,-0.2480665,0.054683436,0.367947682,-0.136613393,-0.105515568,0.44694992,0.522463576,0.067195812,0.31465863,-0.111079438,-0.218638887,-0.194038398,-0.205322936,-0.205597092,-0.198981028,0.139352378,-0.232698913,-0.126551045,0.034412536,-0.313845274,-0.085027848,0.458827705,0.498711351,0.07326052,0.103671678,0.006089337,-0.379598353,-0.183802759,0.282645471,0.480824514,0.074227123,-0.268146593
BIOCARTA_HER2_PATHWAY,0.404629908,0.547208707,-0.113043909,0.134251486,0.355370862,-0.125508792,0.018650584,-0.080738425,0.003257057,-0.247229171,0.336131614,0.09627877,-0.135924003,0.278142437,0.428645693,-0.034878861,0.257866715,-0.29340174,-0.258472906,0.009709362,0.384506753,0.013598455,0.021171628,0.431925727,-0.117926419,-0.054916876,0.385572557,-0.102214852,-0.343569195,-0.145554995,-0.238508468,-0.444419743,-0.461308976,0.312325256,-0.231514774,-0.368829748,-0.340448878,-0.564023804,-0.140095788,0.318051781,0.064315639,-0.019343997,-0.189394392,0.042249538,-0.247494193,-0.357450439,0.253243111,0.46226928,-0.467941485,-0.073851973
BIOCARTA_HES_PATHWAY,-0.632685923,-0.07676955,-0.098735386,0.346295054,-0.100148717,-0.436184759,0.37530311,-0.461079489,0.470891545,-0.431111842,-0.225212028,-0.075822031,-0.15683771,0.091184833,0.004962342,-0.429401791,0.387154052,-0.315540129,-0.312837833,-0.263621731,0.121231029,0.219604235,-0.163691545,-0.123612267,0.26173708,0.469820516,-0.050856676,-0.43193058,-0.522743033,-0.666331375,-0.426181869,-0.545873675,-0.147196824,0.05869962,-0.423784564,-0.409269751,-0.02673208,-0.242897042,-0.42435233,-0.25630658,0.091197598,-0.228713617,0.077547241,0.345101774,-0.509947236,-0.582682974,0.133731413,0.131891273,0.172807415,-0.573221035
BIOCARTA_HIF_PATHWAY,0.323613222,0.155610562,0.51983502,0.013752939,0.141051077,-0.188095419,0.379803305,0.070009995,-0.025081673,-0.482214126,0.474973408,0.159670495,-0.410294252,-0.01016838,-0.124320846,0.054513486,-0.164000951,-0.296932818,-0.298979897,-0.262270774,-0.013295394,0.288137245,0.210616699,0.51173383,-0.297248782,-0.130236656,-0.072971066,-0.222994831,-0.406058314,-0.545219516,-0.227018241,0.019441654,0.305397359,-0.308631387,-0.253964178,-0.155485953,0.176600968,0.025892835,0.259290269,0.081207081,0.022410888,-0.334245648,0.275024503,-0.189599844,-0.192367123,-0.048345209,0.08006291,-0.095574331,-0.4320743,0.070155975
BIOCARTA_HIVNEF_PATHWAY,0.031371166,0.265644375,0.331246456,-0.061036516,0.034872257,-0.086574806,-0.229331202,0.268580588,0.241587895,-0.215380707,0.26240255,-0.036438438,0.064201204,0.19892822,0.19422738,0.231618167,-0.065505524,-0.052129514,-0.372584427,-0.010215915,0.003508505,0.23174945,0.228123263,0.294080846,-0.158644321,0.03134515,0.419168544,0.233184675,-0.118531429,-0.277906869,0.095025783,-0.136454875,0.019880941,-7.45E-05,-0.273517696,-0.099685012,0.07865923,-0.392562422,-0.026522657,-0.094361532,-0.148997149,-0.135770542,-0.10182827,-0.10718613,-0.241921539,-0.128426779,0.180376005,0.230467909,-0.096435653,-0.09943577
BIOCARTA_HSP27_PATHWAY,0.124684122,0.191835528,0.210191353,-0.036570773,-0.28166801,0.129457948,-0.359517057,0.193940796,-0.093691056,0.296096959,0.507338592,0.245600372,0.047507539,0.305724526,0.296568474,-0.026469139,0.039730943,-0.033426985,-0.53799615,-0.179507782,0.079371221,-0.041183348,0.012647782,0.039367946,0.337990499,0.038556927,0.169828412,-0.013631294,0.438284651,0.435809946,0.290751921,0.139738138,0.021482351,0.00664662,0.020591799,0.447537594,0.513812541,0.062323474,0.372640838,0.033471147,0.051711225,0.234479101,0.407850925,-0.039851709,0.050428173,0.327045693,-0.260187524,0.368719046,0.2987515,0.299824926
BIOCARTA_HSWI_SNF_PATHWAY,0.150068411,0.589511015,0.011480706,0.119301769,0.416466392,-0.221822992,0.296662891,-0.218369823,-0.086943759,-0.123853119,0.081974116,0.210955003,-0.45592297,0.363460723,0.19550331,0.312423394,-0.143386775,-0.530777437,-0.326018246,-0.151353696,0.538698483,-0.154179726,-0.229479149,0.548726221,-0.159621362,0.259774721,-0.039412914,-0.520100608,-0.707809444,-0.674547416,-0.287787685,-0.491093977,-0.448861563,0.236300416,-0.327945206,-0.504337405,-0.458569977,-0.493344407,0.275151818,-0.310979848,-0.247162545,-0.275407727,-0.26702289,0.265638654,-0.417085177,-0.42459056,0.446501967,0.164794024,-0.542581738,-0.262908845
BIOCARTA_IFNA_PATHWAY,0.49532419,0.353721207,-0.345944785,0.174733202,-0.089030275,-0.411159948,-0.776627385,-0.343642643,-0.372516321,0.055861384,0.442567892,-0.081348093,-0.375377181,0.611825164,0.530629744,0.103781019,-0.303814537,0.183236883,-0.76295034,-0.399814792,-0.27892714,0.167520649,0.213503254,0.478336292,-0.557448335,-0.38209206,0.043850012,0.366921355,-0.102838297,-0.389548319,0.001225554,-0.111571436,-0.565538439,-0.157916718,-0.602992627,-0.672391356,0.219101746,-0.464355975,-0.162081429,0.43753156,-0.589898433,-0.614024528,-0.473994261,0.397903266,-0.303290177,-0.636179114,0.43523325,-0.080982067,0.297294513,-0.566420507
BIOCARTA_IFNG_PATHWAY,-0.252006057,0.050899696,0.29801487,0.102237863,-0.388517508,0.188752291,-0.483311613,0.226636314,-0.386660366,-0.119055964,0.478014428,0.014096478,0.322127534,0.0151818,0.735133894,0.302333999,0.188285287,0.415621523,-0.718609457,-0.325153245,-0.018892794,0.612615051,-0.083378452,0.326561596,0.02797329,-0.322594811,0.163147446,0.671341452,0.69080098,0.221218433,0.496576834,0.413277451,0.270788879,-0.04847226,-0.249497522,0.320532961,0.584642104,0.093783522,0.003802252,0.203653445,0.368966253,-0.411894687,0.418137625,-0.407210173,0.097330036,0.136469929,-0.007150616,0.511450988,0.507489491,-0.083216531
BIOCARTA_IGF1MTOR_PATHWAY,0.086771727,0.395393803,0.185185992,-0.363442493,0.233712052,-0.04739256,0.407259774,0.082550641,0.175203735,0.300907243,-0.269907087,0.032309306,-0.118718141,-0.104619787,0.073280695,0.449889257,-0.028744741,-0.270332116,0.081822469,-0.296801247,0.457241566,-0.154662792,-0.063363304,0.411768698,0.03040593,0.139968546,0.205065805,-0.000633599,-0.438281544,-0.279372644,-0.035424018,-0.206921131,-0.196305311,-0.366959529,-0.066787916,-0.176407255,-0.122556428,-0.037314077,0.037240924,0.387153487,0.216366671,0.095220887,0.042193359,0.346918404,0.047872985,-0.336918329,0.473595554,-0.079454031,-0.530735685,-0.03832285
BIOCARTA_IGF1R_PATHWAY,-0.114777274,0.27209234,0.351445363,0.073657944,0.399109188,0.069188669,0.039134227,-0.050591174,0.175133323,0.024085159,-0.064140906,0.400028298,0.334453373,0.258056398,0.403641312,0.218825379,0.142110374,-0.38332695,0.281887288,-0.042842235,0.295711643,-0.031006334,0.288996337,0.395455407,0.249917543,0.173950602,0.394068918,-0.158670041,-0.446259509,-0.117094184,-0.367051681,-0.17425872,-0.080415753,0.090410617,-0.34407862,-0.203611001,-0.091502248,-0.520229145,-0.284852833,0.256303096,0.27997905,0.201878102,0.285233738,-0.191048138,-0.029190136,-0.121981528,0.148405488,0.267967957,-0.443875423,0.184230333
BIOCARTA_IGF1_PATHWAY,0.045540441,0.377934742,0.465065192,0.022094734,0.181522613,0.042476654,0.192543328,0.053932467,0.096029739,-0.130341213,-0.208133177,0.147616478,0.14420529,0.243049647,0.126080991,0.222800667,0.343619186,-0.233569916,0.078164932,-0.209933915,0.305331233,-0.221374406,0.241637418,0.47967277,0.296140863,0.01843335,0.40741685,-0.006554391,-0.376295384,-0.415678012,-0.049684576,-0.44492503,-0.129467368,-0.418509269,-0.514439627,-0.231823617,-0.118550646,-0.528639153,-0.016138891,0.338050981,0.382083055,-0.234116577,-0.031266822,0.022595521,-0.131019554,-0.347194176,0.151903586,0.3482981,-0.427687822,-0.010111665
BIOCARTA_IL10_PATHWAY,-0.033607215,0.001154711,0.178908014,0.541139529,0.131345773,0.220947899,-0.456768557,0.007052086,-0.630498906,-0.019904763,0.529422668,0.082618991,-0.086772009,0.085743699,0.498150956,0.003039753,0.256732294,0.401920978,-0.332461674,-0.055029455,0.166510455,0.383556918,0.011446119,-0.21146052,-0.091477424,-0.119706044,0.19382682,0.488093436,0.505669533,0.126379031,0.374339904,0.262974283,-0.330428237,0.040027146,-0.057672742,0.477491024,0.387368116,-0.087470529,0.344693993,0.689519249,-0.164876429,-0.093435547,0.387749158,-0.114648157,-0.000887539,0.330748028,-0.340858067,0.498060656,0.246304069,-0.10485413
BIOCARTA_IL12_PATHWAY,-0.223906421,-0.352857044,0.191763255,0.010750558,-0.572563959,0.442001469,-0.326437045,0.065816232,-0.394329724,-0.470335216,0.208987815,-0.127951637,0.108781273,-0.267169451,0.392368264,0.086616621,0.506254316,0.28026999,-0.618163892,0.350615365,-0.32929472,0.354130781,-0.086681299,-0.062682022,0.041443482,-0.280075344,0.133737659,0.52644163,0.654257021,-0.07986268,0.452574206,-0.266246633,-0.235051214,-0.512783984,-0.278410017,0.373856411,0.495215164,0.060238083,0.15491067,-0.092812976,-0.128647574,-0.622543922,0.187369858,-0.246392456,-0.339937822,0.114292217,-0.462628263,0.626716538,0.45915965,-0.248531588
BIOCARTA_IL17_PATHWAY,-0.449420527,-0.334936275,0.020304176,0.471027816,-0.354301116,0.250494775,-0.231058683,0.01453816,-0.348973875,-0.458479768,0.237710729,-0.240446515,0.219322799,-0.512110011,0.027910162,-0.083431151,0.570016973,0.447906649,-0.187263773,0.141304414,0.127218239,0.34393575,-0.303893955,-0.200435607,0.336969166,0.164332198,0.078103837,0.384275749,0.674282516,0.395127996,0.614442535,0.173677137,-0.353307787,-0.439972058,0.151512415,0.659992212,0.68275901,0.422348675,0.058419865,0.239424705,0.36295915,-0.516773577,0.467947901,-0.62275395,-0.135055525,0.397903335,-0.669711313,0.737347476,0.647272844,0.281561688
BIOCARTA_IL1R_PATHWAY,0.096198957,0.200916531,0.10833184,0.3789241,-0.104926363,-0.057170037,-0.035127652,0.221527396,-0.019051267,-0.285130871,0.415127341,0.319038246,0.089990422,0.255789375,0.043763257,0.047951802,0.340216418,0.091938071,-0.224195224,-0.026600556,-0.185923588,0.326047961,0.238815026,0.167739995,0.205854951,0.076893157,0.422246729,0.382124368,0.094249294,0.019531603,0.119568803,-0.044064316,0.024992671,-0.126213987,-0.32096069,0.046758306,0.217026151,-0.330160473,-0.193079178,0.451655737,0.131855235,-0.145549742,0.258173269,0.201720303,-0.199322428,-0.085515812,-0.045948456,0.401290054,0.132854358,-0.084699328
BIOCARTA_IL22BP_PATHWAY,-0.064541281,0.446551408,0.364057542,0.305646565,-0.109521775,-0.294525699,-0.357502026,-0.060925481,-0.29301604,-0.194650076,0.408027188,-0.532805495,-0.262417218,0.373820458,0.60055952,0.114781443,0.417962997,0.102978228,-0.57645745,-0.177362578,0.244593808,0.224056955,-0.070877322,0.381153478,-0.330102029,-0.099685914,0.190463972,0.469622673,-0.209560033,-0.581648657,0.019102027,-0.636964435,-0.440775129,-0.032137874,-0.465974887,-0.483975765,0.025211613,-0.471221644,0.1014532,0.547466244,-0.117248849,-0.642152158,0.014526328,-0.13896592,-0.455702184,-0.120697213,-0.060609501,0.689923799,0.248519762,-0.528978712
BIOCARTA_IL2RB_PATHWAY,-0.018230281,0.144841915,0.430139681,0.289592973,-0.164351771,0.128841929,-0.152577712,0.205492318,-0.31140358,-0.054947208,0.399620943,-0.074264352,-0.097451816,0.109128894,0.44446043,0.055788976,0.328852861,-0.123559932,-0.350212755,0.195492483,0.094691373,0.199525833,-0.031522247,0.373119609,-0.075887961,-0.0373104,0.336106061,0.263275524,-0.005023208,-0.161613486,0.074205465,-0.246404639,-0.286411413,-0.338354299,-0.470541011,-0.00298776,0.399721315,-0.421954827,-0.052433195,0.344917595,0.060602034,-0.253413357,0.304251256,-0.183543035,-0.059714299,0.096967144,-0.220224587,0.543041957,-0.1181439,-0.276269732
BIOCARTA_IL2_PATHWAY,0.069394302,0.363365528,0.561330703,0.246923379,-0.011841937,0.249732208,-0.095474245,0.081112444,-0.09093236,-0.151494613,0.251049453,-0.302309679,0.159117029,-0.123159549,0.196800099,-0.032942679,0.429023687,0.133568674,-0.134026845,0.136899895,0.106965639,0.199943504,0.187751004,0.372512602,-0.050948798,0.10085236,0.482611242,0.372604754,-0.080744316,-0.366543066,0.207584274,-0.468642002,-0.224415354,-0.35380012,-0.571354536,-0.070744575,0.297672643,-0.526049359,-0.085565569,0.308157994,0.156320593,-0.320433262,0.213860943,-0.006597517,-0.249512103,0.002820682,-0.407314346,0.553470918,-0.079118917,-0.100499343
BIOCARTA_IL3_PATHWAY,0.243975518,0.478703954,0.440746091,0.372879195,0.343185711,0.147060276,-0.173693659,0.037564117,-0.227138351,-0.131069508,0.322090016,-0.396533603,0.291550843,-0.267530404,0.144479453,0.002124791,0.371479728,-0.020408163,-0.24914806,-0.179876618,0.0347649,0.256776849,0.340632391,0.349421232,-0.182047631,-0.20659987,0.549605031,0.282953909,0.060227882,-0.238325608,-0.192997503,-0.436749458,-0.258172593,-0.043270875,-0.529011921,-0.175907531,0.10669185,-0.47893407,-0.083813212,0.556794308,0.138983953,-0.076360763,0.21582566,-0.404385085,-0.343719121,0.109951982,-0.466674764,0.520106609,0.211740881,-0.090209669
BIOCARTA_IL4_PATHWAY,0.495204389,0.440351462,0.459541463,0.49685359,-0.166430158,0.214549708,0.173405062,0.33862323,-0.200770911,-0.130691977,0.391826936,0.270010196,-0.215799277,0.24962882,0.177850789,0.128461476,0.047981474,-0.050370103,-0.25441699,-0.071628588,0.242417404,0.192194387,0.388651652,0.1540811,0.086731387,-0.040710359,0.543203103,0.504022435,-0.2795183,-0.49219316,0.035938057,-0.561771648,-0.225597802,-0.487356237,-0.690122269,-0.352065676,0.139557366,-0.678808225,0.00695564,0.404839826,0.085394476,-0.143290667,0.168184691,-0.526886557,0.073930312,-0.393181834,0.30718257,0.584724877,-0.189384546,0.061490173
BIOCARTA_IL5_PATHWAY,-0.262557859,-0.21297527,-0.166730356,0.684384106,-0.366580456,0.36420397,-0.177865579,-0.07509703,-0.670096579,-0.158672433,0.691694679,0.234552557,0.119888349,0.212164632,0.495685892,-0.656990184,0.705355545,0.506699549,-0.263338959,0.166707608,-0.082887469,0.095420264,-0.095723228,-0.029154256,0.293436036,0.002053874,-0.164155823,0.596785244,0.760628216,0.602442794,0.326612955,0.437089283,-0.387504129,-0.272670932,0.012563438,0.58329436,0.47657067,0.352355255,0.067992004,0.59090305,0.370221484,0.032166071,0.675835539,-0.563406669,0.041689939,0.470196521,-0.573682462,0.68498962,0.521055125,0.560225759
BIOCARTA_IL6_PATHWAY,0.143679717,0.391735962,0.374277672,0.061665957,0.160558116,0.053465475,0.161641348,-0.031645988,-0.02826676,-0.033664141,0.271441379,-0.107194244,-0.211384823,0.054291853,0.173892571,0.165609972,0.332680091,-0.079111608,-0.10741364,-0.296711828,0.208268518,0.247609473,0.334458546,0.33081788,-0.00458196,-0.256300966,0.27270236,0.041799593,-0.295191452,-0.469988822,0.035319817,-0.399776103,-0.307685772,-0.30902827,-0.505885364,-0.262461272,-0.128246553,-0.432990299,-0.003410513,0.508585855,0.306849113,-0.346854624,-0.070471513,-0.228872493,-0.092258614,-0.164891083,-0.04727667,0.462619099,-0.295618649,0.087389306
BIOCARTA_IL7_PATHWAY,-0.179078718,0.37601506,0.195059257,0.231193678,-0.10231255,-0.135207245,-0.486004287,-0.301269153,-0.318850727,-0.157548218,-0.235768258,-0.31372648,0.09749476,0.381045186,0.541792376,-0.091392927,0.468118199,-0.167367372,-0.66231006,0.001883965,0.456872353,-0.066273436,-0.424841274,0.096115517,-0.089434901,-0.282521728,0.460411923,0.581201241,0.089568185,-0.196556208,-0.096144497,-0.612930796,-0.229076253,-0.25266334,-0.565911535,-0.241256057,-0.010236701,-0.315337938,-0.358911876,0.377440822,0.171643761,-0.422912394,-0.022227005,-0.268966183,-0.394048644,-0.437649465,0.10169673,0.755936346,0.197211812,-0.154880861
BIOCARTA_INFLAM_PATHWAY,-0.181715509,-0.153823395,0.37964356,0.588384907,-0.36994541,0.10203247,-0.219887334,0.294516177,-0.363986901,-0.3950388,0.473834556,0.020545394,0.199609433,-0.011986308,0.085323397,-0.257986852,0.476055622,0.226561471,-0.316451441,-0.074726441,-0.271591519,0.53148163,0.202560862,-0.259501727,0.386556403,-0.112827885,-0.0151634,0.518954877,0.6589478,0.466554062,0.369952091,0.323510726,-0.066345512,-0.441759023,-0.10909843,0.572115745,0.632276432,0.323617448,0.120527647,0.573781434,0.269475285,-0.105625118,0.650936352,-0.468449334,-0.192430171,0.505602338,-0.421290688,0.578382134,0.561444744,0.239539615
BIOCARTA_INSULIN_PATHWAY,0.359591526,0.337565718,0.464987158,0.076774081,0.110042623,-0.034736851,0.214028013,-0.095189761,0.097371576,0.045941082,-0.196270818,-0.002393655,0.17193525,0.219109819,0.044437052,-0.048685166,0.240516806,-0.316678802,0.088307099,-0.188966806,0.369975614,-0.077502037,0.33162557,0.463533455,0.234603666,0.018206896,0.508517441,-0.148314306,-0.387928509,-0.468233344,-0.150962101,-0.534629617,-0.222900526,-0.38627152,-0.559098168,-0.308508304,-0.235565623,-0.471278452,0.059448016,0.31028172,0.317678537,-0.295613486,-0.091648789,0.012839434,-0.225061298,-0.375824492,0.227103921,0.377754149,-0.388146482,-0.121854376
BIOCARTA_INTEGRIN_PATHWAY,-0.052498653,0.278758348,0.229263064,0.299132542,0.338276909,-0.108755454,-0.036164488,0.034358576,0.084718775,-0.10192104,0.039810253,0.210266302,0.404573893,0.345712735,0.046811687,0.129028182,0.44251317,-0.314797951,-0.209496215,-0.325563147,0.189896901,-0.074661553,0.239872439,0.303984511,0.291066541,-0.173369113,0.49513496,0.019020598,-0.496102923,-0.420443365,-0.359123963,-0.468617318,0.036309763,0.255163639,-0.51361902,-0.212587703,-0.162645503,-0.494447697,0.049627421,0.353308199,0.384641627,-0.146517709,0.408716779,-0.236330565,-0.21592653,-0.15705234,0.011320646,0.331387941,-0.303703965,-0.137951307
BIOCARTA_INTRINSIC_PATHWAY,-0.337034421,-0.545877287,-0.308757972,0.019101541,0.168965727,0.063554507,0.285905711,-0.119461183,0.269739441,-0.20193436,-0.545236177,-0.091327255,0.255422932,-0.050743964,-0.389739061,0.191917823,0.41234063,0.400991352,-0.124270005,0.136713352,-0.033426687,-0.181761761,-0.284375585,-0.500311934,0.003894423,-0.058022571,-0.07959803,0.158585942,0.350438481,-0.290343062,0.493166518,-0.24910501,-0.212663654,0.188968937,-0.213714224,-0.042023904,-0.426425694,0.067992233,-0.488664848,0.324540348,0.459743122,-0.285191617,-0.122523771,-0.592159427,0.115225208,-0.058466325,0.016586072,0.526705877,0.536364134,-0.1282997
BIOCARTA_ION_PATHWAY,0.05835054,0.676211595,-0.261042219,0.105386628,0.186362659,-0.143363494,-0.545865267,-0.597673389,-0.038101993,-0.704097431,0.500645833,-0.434754923,0.077511948,0.612227743,0.692493004,-0.21016087,0.324460919,-0.559139286,-0.66572378,-0.108915556,0.158916464,0.350805475,-0.076423351,-0.46846221,-0.163792828,0.226160087,0.45632345,0.159874773,-0.461030992,-0.339699742,-0.063069566,-0.658581861,-0.596537812,-0.446215537,-0.364158936,-0.570604256,-0.530603398,-0.246960164,-0.512618386,0.469197304,-0.672713264,-0.585336533,-0.298591136,-0.295024389,-0.702855941,-0.247297478,-0.039249301,0.611483993,0.291052269,-0.597686694
BIOCARTA_IRES_PATHWAY,0.318454472,0.2492837,0.152887849,-0.352725116,0.481115699,-0.196546647,-0.307772241,0.095749481,0.411802431,-0.224669868,-0.018642061,0.047178508,-0.222975942,-0.231598606,0.179676924,0.535582477,-0.303012875,0.112551424,0.321355983,-0.330071282,-0.094193643,-0.08390057,0.443518554,0.824469235,-0.57232046,-0.420408558,0.404840331,-0.443186806,-0.379610209,-0.476051999,-0.122804187,-0.101758766,-0.147589158,-0.36829384,0.283624414,-0.301837413,-0.163876276,-0.213929131,0.364836148,0.343013899,-0.594255192,-0.383833911,-0.42067637,0.568399511,0.037428988,-0.508998266,0.288218,-0.302191844,-0.469431367,0.122836128
BIOCARTA_KERATINOCYTE_PATHWAY,0.149575185,0.353613628,0.180731741,-0.335878969,0.286356407,0.003736596,-0.145363763,0.254132122,0.211316455,-0.390681098,0.180207585,-0.189766143,0.216214723,-0.000132838,0.032655335,-0.004179896,0.314466689,0.016079416,-0.297212439,0.155396581,-0.1187018,0.301573881,0.070384955,0.16396766,-0.106075348,-0.035155681,0.390761766,0.327981322,-0.251163093,-0.223077545,0.063303379,-0.343377781,-0.243862416,0.001106591,-0.17226437,-0.131574262,0.006817252,-0.372527518,0.012803993,0.402693041,-0.158674074,-0.21425492,-0.120939351,-0.315091772,-0.354761246,-0.233256121,-0.035503631,0.372178414,-0.034350011,-0.023005524
BIOCARTA_KREB_PATHWAY,0.347181395,0.13593254,0.217846651,0.370219987,-0.202119083,0.615040565,0.454016681,0.152913541,0.535974055,0.710996769,0.141825281,0.436632535,-0.243500991,0.17365458,0.264308973,0.489049103,0.195112554,0.645095232,0.127550477,0.223760338,0.437288974,-0.166608035,-0.320083064,-0.289686008,0.134566787,0.098620554,-0.264791095,0.479072598,-0.263196532,-0.253377978,0.651002569,-0.211329668,0.076925432,0.680541533,0.014122859,-0.303082777,-0.235219124,-0.232108343,0.13196761,0.003210276,-0.223309381,0.300112565,-0.002617329,0.415403876,-0.036928399,0.187769878,-0.344178242,-0.276994998,-0.666113955,0.250370794
BIOCARTA_LAIR_PATHWAY,-0.271444478,0.315063492,-0.218782184,0.307492218,-0.125773172,-0.096850915,-0.119290574,0.012655578,-0.391492245,-0.567482388,0.288608555,0.084423582,0.44220414,0.137737319,0.281581581,-0.299869854,0.647337144,0.270885223,-0.236335841,0.048805314,0.219704432,-0.092183565,0.049152081,-0.000991077,0.495315511,0.078401963,0.322485963,0.267283038,0.593790303,0.212712972,0.468702917,-0.034677135,-0.176967153,-0.248040296,0.051758143,0.425222648,0.22357473,-0.099069533,0.083437072,0.584376985,0.479831519,-0.146520895,0.369135971,-0.539540111,-0.197738418,0.229889275,-0.368843038,0.741832144,0.554891248,0.128648934
BIOCARTA_LDL_PATHWAY,-0.244488059,0.039840063,-0.117572277,0.339771251,-0.15831216,-0.56702842,0.53140072,-0.231185707,0.081845884,0.278039425,0.263143758,-0.241163821,0.267537257,0.495088733,-0.363357212,-0.275873581,0.646968006,-0.383863289,0.155969222,0.03720866,0.139083672,0.261621619,0.039686962,-0.122180112,-0.368486632,-0.133021241,0.128127675,0.203041969,0.116848445,0.451155875,0.246374207,0.261150323,-0.28876757,0.171014032,0.056064573,0.46269465,0.583901332,-0.356051504,0.525683062,0.854946111,0.222038561,0.00126331,0.496841725,-0.482596071,-0.643091959,0.607143759,-0.712326295,0.507431927,0.356724239,-0.201154874
BIOCARTA_LECTIN_PATHWAY,-0.364910436,0.378335363,-0.646984542,-0.579540515,0.532900692,-0.311449986,-0.084551165,-0.47300586,0.353414245,-0.152195214,-0.577697787,0.303057898,0.115032849,0.275211513,0.526619372,-0.388228894,0.485215463,-0.259803268,0.001274209,0.578567065,0.338127066,-0.584096881,-0.079023222,-0.643839191,0.18374815,-0.041654381,0.004885946,0.061390883,0.245532807,-0.118162123,0.297302399,-0.593209333,-0.514105797,-0.312245888,0.213847342,-0.312748258,-0.652185611,-0.31810143,-0.115188965,0.578188868,0.167605431,-0.635253903,-0.549069647,-0.755600266,-0.50337961,-0.458128164,0.011854377,0.662064751,0.635922097,0.319207539
BIOCARTA_LEPTIN_PATHWAY,-0.315506022,-0.070300431,-0.527170122,-0.314150077,0.34908738,0.279995461,0.548678743,0.453692173,0.611683082,-0.250421304,-0.468985847,0.025056517,0.223993456,-0.406384988,0.082745344,0.445137057,-0.24124616,0.184555466,0.313430459,0.518663122,0.417919433,-0.165858868,0.241022069,0.24106604,-0.398847586,0.144221324,-0.043592411,-0.23008536,0.169133621,-0.177703522,0.324406037,0.15641967,0.33615305,0.142353935,0.463401396,-0.09434566,0.034043117,0.20101329,0.187812369,0.317267552,-0.344025095,-0.159058546,-0.239281524,-0.337369695,0.07252567,0.10253073,0.320184638,-0.426419573,-0.464158699,0.04636997
BIOCARTA_LIS1_PATHWAY,-0.121523103,0.067057029,-0.017879827,0.036340161,0.271917885,-0.348338113,-0.222928794,0.233463899,0.132067228,-0.181833182,0.295323653,-0.028391225,-0.161757475,0.220810655,0.1210571,0.21368982,-0.05511206,0.269139221,-0.0120912,-0.083227,0.111692158,-0.386331392,-0.181822088,0.255821801,0.322019459,-0.055216196,-0.068520687,0.211683903,-0.262937056,-0.287833903,-0.226915194,-0.15953105,0.034371496,-0.031095231,-0.025366319,-0.171274915,-0.244483086,-0.025054706,-0.055099037,-0.033068476,0.029384927,-0.314576222,-0.164448826,0.233853715,-0.133137708,-0.115191398,-0.038957481,-0.233476937,0.026213803,0.178333347
BIOCARTA_LONGEVITY_PATHWAY,-0.331624569,0.419335928,-0.219881959,-0.431466323,0.41091058,-0.111447718,-0.243919859,-0.210899373,0.002336411,0.234686124,-0.426127379,0.309273467,0.177716986,0.289086248,0.181368798,0.021044774,0.165618369,-0.394943287,-0.011234992,-0.083702032,0.232482934,-0.11427517,-0.042351962,-0.091146372,0.34469901,0.064215431,0.269311559,-0.038576154,-0.188795494,0.022414907,0.007237766,-0.283423577,-0.020273202,-0.025368072,0.147474461,-0.178598712,-0.312625871,-0.102767936,-0.016083229,0.470438411,0.576982738,0.294036962,0.030393648,-0.276629202,-0.150383064,-0.305555459,0.507549499,0.350896097,-0.305501601,0.454089081
BIOCARTA_LYMPHOCYTE_PATHWAY,0.026405625,-0.126662465,0.321143477,0.25782191,-0.084728322,-0.229584534,-0.471063572,0.172853908,-0.471645964,-0.715782293,0.332604347,-0.042194852,0.185451995,0.111558706,0.493558201,-0.139186276,0.728180618,0.129418662,-0.276544162,0.069806468,0.363645747,0.423442196,0.087104636,0.371519103,0.404834824,-0.141709541,0.285911072,0.501660835,0.517142279,0.399499699,0.35756129,-0.416724907,-0.409388819,0.216221838,-0.306514024,0.428849696,0.305453349,-0.101366177,0.382104242,0.637778477,0.43782251,-0.182480613,0.421463987,-0.664852333,-0.630828223,0.322436015,-0.372618868,0.789694004,0.425090355,0.042026903
BIOCARTA_LYM_PATHWAY,-0.194790791,0.014085779,0.102194719,0.540647814,-0.181153222,-0.177652213,-0.230856654,0.167853558,-0.572293407,-0.280424255,0.42825295,0.029524111,0.300748435,-0.116174123,0.122955318,-0.182724251,0.759772947,0.22826754,0.164403712,-0.253344738,0.171942543,0.131509563,-0.049712893,0.083149456,0.611083917,0.360993228,0.066759006,0.192541993,0.397814551,0.244362822,0.537103769,-0.010306417,-0.012764722,0.090691239,-0.242073614,0.54359624,0.372281332,-0.06815149,-0.089763866,0.646509157,0.617529,-0.03503386,0.539999784,-0.621272473,-0.34954609,0.319981379,-0.479087553,0.753767697,0.491262345,0.2668344
BIOCARTA_MALATEX_PATHWAY,0.334084332,-0.305643932,0.143381274,-0.268193274,0.434368313,0.736127208,0.35092746,-0.019706674,-0.239079422,0.698529042,0.012483078,0.147082156,-0.263592557,-0.364623986,0.182202222,0.664027798,0.082400722,0.382514356,0.234594804,0.382192751,0.211318014,-0.040625602,-0.322875225,-0.063257635,-0.44158277,0.240042903,-0.230408484,-0.160591727,-0.283448681,-0.110502328,0.455430079,-0.311483544,-0.209277216,0.394357584,0.04693014,-0.425065272,-0.020902283,0.069824847,0.33324905,0.177436823,-0.33371959,0.51233109,0.611123457,0.279590729,0.41994352,0.2915407,-0.124616298,-0.56758306,-0.704444041,0.288243304
BIOCARTA_MAL_PATHWAY,0.170930195,0.275275549,0.125534019,-0.060658935,-0.045163347,0.027838704,0.346062233,0.223756871,0.124124216,0.099685572,0.296453643,0.252127361,0.503281242,0.323983688,0.011097492,0.05841418,0.259717474,-0.034820011,0.203266714,-0.291718285,0.029639996,0.159033301,-0.164573167,0.243074599,0.37568088,-0.236082593,0.515882749,-0.254931672,-0.345303443,-0.112784668,-0.04597379,-0.105202537,0.109378261,-0.038850325,-0.315393519,-0.075216828,0.147497764,-0.426021294,0.353242603,0.151609568,0.155697272,0.346570311,0.201890064,-0.203332052,-0.043763377,-0.014884387,0.145663649,0.241598687,-0.322682525,-0.018171085
BIOCARTA_MAPK_PATHWAY,0.160894196,0.375163405,0.234369067,-0.209410393,0.191402647,-0.025716963,-0.187115127,0.127453541,0.217022074,-0.073613845,0.192491953,0.053402922,0.03865786,0.317246062,0.25449491,-0.062871486,0.130005627,-0.23673998,-0.165037579,-0.14038116,-0.111718651,0.090157335,0.21020373,0.247938665,0.147929577,-0.055752613,0.264715793,0.138458067,-0.346739835,-0.290180664,-0.041316888,-0.318850285,-0.306483884,-0.070758505,-0.227416942,-0.229183448,-0.129243702,-0.410823564,-0.037230424,0.306991071,-0.022057989,-0.192236315,-0.035840599,0.023445759,-0.325199377,-0.207866761,0.12753496,0.22021047,-0.276317828,-0.062769727
BIOCARTA_MCALPAIN_PATHWAY,-0.307918124,-0.022135882,0.422713388,-0.051826308,0.388793536,-0.07368238,-0.382557676,0.454906501,0.118960301,-0.257147906,0.12000767,0.507558464,0.348957093,-0.09995818,0.446998268,0.389419225,0.388652203,0.145478824,-0.202380618,-0.161284764,0.097181213,-0.141679894,-0.266898643,0.273372085,-0.098300684,0.126900461,0.313985987,-0.117415424,-0.455219584,0.016052164,-0.467910113,-0.288203632,-0.25122158,0.338216168,-0.084614545,-0.05401957,-0.095170768,-0.323454138,-0.113757428,0.050667183,0.119910639,-0.026986091,0.501676593,-0.516121438,-0.341489135,0.069526679,0.130602633,0.341543382,-0.040504083,0.369431783
BIOCARTA_MCM_PATHWAY,0.126964294,-0.396327729,0.576732909,-0.176983602,-0.71365498,0.413527289,0.427743253,0.523548172,-0.106098917,0.598608846,0.574909,0.159199178,-0.574617289,-0.2637629,-0.045528455,0.625235986,-0.574864003,0.328888469,0.396446838,0.068744354,0.409359407,0.129618634,0.329511954,0.491608587,-0.068420959,0.108494496,-0.301854961,0.341983584,0.274311763,-0.356851577,0.558385391,0.371521186,0.139500042,0.164046974,-0.684638667,0.488857746,0.296278969,0.658721664,0.711702449,-0.684844655,-0.580700162,0.094118534,0.418406505,0.443245304,0.51861909,0.588035327,-0.361618237,-0.507373223,-0.638216051,-0.657706929
BIOCARTA_MEF2D_PATHWAY,-0.289017767,0.547063636,0.263668525,0.241347379,0.296644819,-0.026835968,-0.094785541,-0.16346439,0.161209939,-0.266101716,-0.206782901,0.008900417,0.424017127,0.134869973,0.298416768,0.138376488,0.408571856,-0.14485463,-0.504468219,-0.079490393,0.446765392,-0.020009059,0.037555589,0.432163006,0.222350231,0.004295005,0.540845436,-0.122327791,-0.3920586,-0.176306437,-0.173245675,-0.222038207,-0.069174248,0.337042709,-0.350826564,-0.024243253,0.015202333,-0.202189236,-0.036901474,0.280731235,0.175008665,-0.052162563,0.107052472,-0.280526592,-0.377428295,0.231684589,0.084505395,0.466193662,0.066917796,-0.087106255
BIOCARTA_MELANOCYTE_PATHWAY,-0.140048679,0.586562419,-0.498448749,-0.092891644,0.468254046,-0.575882365,0.350043489,-0.509947259,0.339296344,-0.428520688,-0.298171203,0.352467301,0.363045593,0.488690272,0.55395648,-0.402532391,0.364262485,-0.697092495,-0.250666844,0.177069096,0.524438568,0.257861454,-0.379178205,0.210564098,-0.011551304,0.391042417,0.411816869,0.196823391,-0.287067954,-0.185932745,-0.273817207,-0.150985844,-0.324882069,0.438766597,0.111350414,-0.384980469,-0.356117896,-0.368544034,-0.257991286,0.497629114,-0.199786015,-0.076555453,-0.192768025,-0.107307007,-0.751630194,-0.482501901,0.362645082,0.555757382,-0.095707702,0.334845704
BIOCARTA_MET_PATHWAY,0.073540187,0.355191364,0.306089842,-0.055821708,0.211085333,-0.336213253,-0.253609856,0.023546923,0.153351633,-0.245438849,-0.101629909,-0.031020497,0.26999161,0.354263377,0.101658751,0.078140587,0.33387206,-0.244597057,-0.100995584,-0.064622118,0.212112677,0.033271878,0.009746575,0.444178022,0.129124642,0.00104752,0.467618044,-0.148377434,-0.328361237,-0.250358424,-0.311662822,-0.389135769,-0.082335452,-0.214910619,-0.414174899,-0.08517845,-0.06006812,-0.356829509,0.094599331,0.407232884,0.370038125,-0.063673832,0.248887826,-0.176579772,-0.163057911,-0.223303374,0.255747118,0.378254018,-0.250823189,-0.13797401
BIOCARTA_MHC_PATHWAY,0.103896648,-0.273220648,0.621497829,0.25972682,-0.733391517,0.523245742,-0.515516804,0.487688877,-0.399837219,0.499143019,-0.021758758,0.026995305,0.519800484,-0.761556519,0.533329084,-0.311036313,0.346642303,0.629314995,-0.723424439,0.413650178,-0.090988326,0.371976397,0.012532255,-0.263001083,0.101390394,0.121975442,0.267652568,0.598536045,0.682449919,0.528038383,0.682381598,0.085305478,-0.150274368,-0.165390653,0.252418994,0.625897077,0.575543617,0.55050329,0.496084741,0.282236566,0.283697763,0.299494857,0.769605175,-0.429790552,0.35303208,0.431147794,-0.103737811,0.386172709,0.492178822,0.491349792
BIOCARTA_MITOCHONDRIA_PATHWAY,-0.274531048,0.11104174,0.041748689,-0.354120934,-0.367868554,0.027453574,-0.248957371,0.200302733,0.116366316,0.361229618,-0.155557607,0.25858692,0.287672973,0.355019769,0.036868857,0.281682345,-0.255213482,0.293139813,-0.177984769,0.040339976,-0.054745834,0.298690371,-0.163158086,0.113426024,-0.009982687,0.141399936,0.214030993,0.12449759,0.319548087,0.253573975,0.422101091,0.452345447,0.343602935,0.179222348,-0.199177914,0.133146225,0.159950222,0.220141177,0.093194263,-0.321182089,-0.249312337,0.07093047,0.112434251,0.087573141,0.19281185,0.190717278,0.241144964,-0.172270028,-0.169642206,0.056928813
BIOCARTA_MITR_PATHWAY,0.553314315,0.514747593,0.525407729,0.727084085,0.043666546,0.015151527,-0.39212129,-0.285198312,-0.667087694,0.173303787,0.656543534,0.555214724,0.575153374,0.601856316,0.039967521,-0.626578852,0.760675732,-0.468906823,-0.004204037,0.233813831,-0.029953086,0.353239455,-0.434081322,0.236241691,0.754606274,0.047643765,0.35684592,0.023568915,0.111940661,0.614453417,-0.292420391,0.366565521,-0.082196845,0.694973728,-0.390033527,0.603051944,0.75076192,0.254424881,0.785980501,-0.499565514,0.582454992,0.605327482,0.665824612,-0.243622373,-0.005991372,0.709118744,-0.399623021,0.615118067,0.460232423,-0.576855756
BIOCARTA_MONOCYTE_PATHWAY,0.062224379,-0.100297915,0.084725684,0.134507566,-0.047702118,-0.145808473,-0.496485546,0.017074138,-0.470470125,-0.711326739,0.357560427,0.022945728,0.268468157,0.078536075,0.50836092,-0.198684745,0.714622831,0.157443351,-0.361580871,0.06597351,0.361993789,0.323448852,0.02434337,0.426834944,0.417131022,-0.141735127,0.329442468,0.488545078,0.506712302,0.377243425,0.361826153,-0.423746423,-0.354922621,0.23846485,-0.275978061,0.423070826,0.180933821,-0.199878355,0.33335333,0.694157663,0.483514922,-0.113386233,0.337810506,-0.672072126,-0.530943241,0.288200493,-0.421954926,0.796023247,0.452005377,0.07202004
BIOCARTA_MPR_PATHWAY,-0.204754935,-0.252853743,0.406440777,-0.24597576,-0.074719481,-0.169964378,-0.010692809,0.273787828,-0.312138742,0.156145726,0.080465326,0.191493274,0.271007765,-0.161293089,0.14196246,0.190269389,0.097236456,0.043965979,0.340481582,-0.278895448,0.002551873,0.028228309,-0.05823602,0.077251682,0.109464912,0.189280022,0.151481235,-0.054071231,-0.064925332,-0.044200978,-0.297550169,0.192102079,0.091052051,0.110592539,0.01862214,0.289955084,0.269442128,0.011899276,0.057385963,0.180552199,0.114843157,0.384822127,0.583336013,-0.08949862,0.134158461,0.368373291,0.209851906,0.034134908,-0.215161468,0.128072521
BIOCARTA_MRP_PATHWAY,-0.450842418,-0.020617115,-0.434301639,-0.476288692,0.688340055,0.800340162,-0.054786356,0.399641151,-0.49422607,-0.630296398,-0.422616691,-0.43859302,-0.337674366,-0.311596761,0.133318928,0.141366717,0.034717386,-0.209002112,-0.407303803,0.324622218,-0.380021063,0.14397155,-0.108603166,-0.408698317,-0.41802761,-0.361936393,0.370212372,0.03194081,-0.405420081,-0.451857198,-0.090125836,-0.425052556,0.289422816,-0.579270182,0.512726012,-0.41673616,-0.415355983,0.141805544,-0.713886132,-0.619789695,0.295064469,-0.391656122,-0.500045114,-0.336424941,0.241654128,-0.510721114,-0.091942615,0.449073254,0.408983227,0.437192452
BIOCARTA_MSP_PATHWAY,0.288325831,0.360206979,-0.265371341,0.554841991,0.296737061,-0.182894115,0.190905815,-0.063643366,0.082788405,-0.471084437,0.725757113,0.092190837,0.107768355,0.430406468,0.011460025,-0.404554565,-0.026665741,0.244292033,0.379492094,0.207495672,-0.337866619,0.416357539,0.806511981,0.004331348,-0.577563378,-0.20856081,0.396555519,0.429976078,0.299848526,0.370872052,-0.288283905,0.260455157,-0.037923505,-0.599602667,-0.288385522,0.368513058,0.732032598,-0.193947178,0.343086428,0.243968224,-0.574310993,-0.217209174,0.051055848,-0.091456992,-0.218920701,0.498456086,-0.831618841,-0.158541485,0.776639762,-0.040516152
BIOCARTA_MTA3_PATHWAY,0.24408408,-0.217572419,0.109496394,0.04970018,-0.064496382,0.141211174,0.256601551,0.429633886,-0.434125091,0.153269871,0.436271657,0.332723215,-0.016643127,-0.215587882,-0.553181576,-0.218975971,0.160424358,0.024131281,0.09493075,-0.449011611,-0.074790848,-0.380926194,0.417855499,0.047889389,0.16891806,-0.017473175,-0.351509633,0.265871701,-0.299422947,-0.410041461,-0.321850758,0.15591669,-0.162813004,0.295892857,-0.257139769,0.257434583,0.1302506,-0.014007082,0.314147304,-0.286071821,0.363435473,0.096468182,0.416707623,-0.066403508,0.106875461,0.184561342,0.111431114,-0.306598171,-0.240427151,-0.352827463
BIOCARTA_MTOR_PATHWAY,0.383007515,0.459784003,0.008372845,-0.40975379,0.455027845,-0.191595714,0.151107646,-0.059272993,0.218080133,0.159759398,-0.039998677,0.099208859,-0.209409802,0.007128426,0.146093449,0.40076485,-0.164461878,-0.35787405,0.056210915,-0.045433075,0.277341652,-0.140329864,0.185828596,0.658750019,-0.271098667,-0.267761752,0.340667327,-0.377131896,-0.477727505,-0.37655631,-0.322363282,-0.221541714,-0.333755714,-0.379173987,-0.030462063,-0.251326672,-0.167202296,-0.188655078,-0.108755328,0.325359364,-0.148370443,-0.144028899,-0.20031509,0.298263185,-0.353844965,-0.361761772,0.449628166,-0.286809089,-0.474192199,-0.198161411
BIOCARTA_MYOSIN_PATHWAY,0.273188699,0.357244686,-0.037119886,0.044398755,0.156809369,0.10628159,-0.099877847,-0.152349625,-0.038076472,-0.247487907,-0.096886204,-0.336281308,0.072129116,0.391555631,0.580960034,-0.004110796,0.461885486,-0.637430429,-0.527000344,-0.306778177,0.343681832,-0.192583459,-0.464691693,0.532694689,-0.261740119,-0.256523736,0.442616133,-0.523330598,-0.389677961,-0.580625752,-0.110950227,-0.504993564,-0.466131485,-0.046066584,-0.552212647,-0.511494912,-0.300018833,-0.663829203,-0.326170469,0.332367363,0.073349359,-0.406446794,0.057690701,-0.287205752,-0.460812453,-0.03001138,0.149511912,0.674450032,-0.401429825,-0.550092981
BIOCARTA_NDKDYNAMIN_PATHWAY,-0.242849286,0.294162668,0.500681726,0.332398442,-0.259409396,0.02492928,0.066292681,-0.103001265,-0.051077172,-0.036819182,0.244420514,-0.142280578,0.302911583,0.113513394,-0.206615674,0.256505104,0.157953743,0.017360866,-0.292743564,-0.284422142,0.275938785,0.164128464,0.301168151,0.28062611,0.198119077,0.123669983,0.163243025,-0.040301669,-0.333785127,-0.337062471,-0.006620605,0.141785796,0.306838174,0.082320341,-0.211488453,0.117947068,0.510533862,0.037560393,0.036288931,0.454169252,0.422388172,0.101225722,0.406877423,-0.272147894,-0.023382234,0.43823479,-0.075518479,0.058149037,-0.312321362,-0.56054771
BIOCARTA_NEUTROPHIL_PATHWAY,0.299252525,-0.19791736,0.069724531,0.210268639,-0.096655821,-0.265523761,-0.539250235,0.009025271,-0.582759439,-0.70505477,0.383931466,0.08760005,0.212970805,0.039122642,0.541995996,-0.384476489,0.699207359,-0.035741541,-0.443893056,-0.031671876,0.234541913,0.432629771,0.123522094,0.34040429,0.298339408,-0.141696751,0.327368263,0.614403254,0.478926176,0.574752517,0.189219395,-0.502078851,-0.472954518,0.435162679,-0.383643867,0.420050196,0.195989301,-0.246310912,0.379979299,0.732411869,0.351652626,0.002436823,0.431511541,-0.707705396,-0.629129528,0.288158543,-0.441296121,0.822472924,0.437159195,-0.036224241
BIOCARTA_NFAT_PATHWAY,0.049617082,0.200394317,0.244008334,0.089348278,0.187156256,-0.228010308,-0.060409277,-0.165760412,0.067548634,-0.117604035,-0.087046267,0.085574474,0.230532885,0.178695809,0.054062547,-0.064580457,0.416615932,-0.256378727,-0.098862783,0.011678647,0.306546777,0.05669799,-0.130342082,0.327070114,0.395575229,0.031129275,0.140214755,-0.080995275,-0.184768726,0.088999443,-0.21773697,-0.164442712,-0.032282799,-0.195676804,-0.100606355,-0.029563814,0.116226845,-0.280551808,-0.132161653,0.444937134,0.446301535,0.018380324,0.26907616,-0.247098455,-0.322107711,-0.000914884,0.198857606,0.433196722,-0.198741302,0.165427741
BIOCARTA_NFKB_PATHWAY,0.114803003,0.483654727,0.149362971,0.25015357,0.369381768,0.143012152,-0.165772304,0.200179873,0.291995472,-0.108409117,0.614898102,0.114809597,-0.071086048,0.118000318,0.244894065,-0.014421697,0.292716024,-0.075381576,-0.429631726,0.1985464,-0.072454009,0.334717521,0.229762803,0.156733869,-0.019415192,-0.049034791,0.449489372,0.271960764,-0.138375717,-0.005496845,0.191711504,-0.264291569,-0.1534763,-0.009748801,-0.11702967,-0.02342583,0.275818713,-0.544369255,-0.116973089,0.363275938,-0.004786413,-0.109075811,0.154839929,0.01645516,-0.021770068,-0.163063238,0.039119946,0.399367613,-0.045808448,0.091262311
BIOCARTA_NGF_PATHWAY,0.081100488,0.394070223,0.354428672,-0.198810109,0.217554953,-0.087470008,-0.272008982,-0.129679754,-0.042409444,0.032721452,0.058042736,0.01964619,-0.049567673,0.180056463,0.136819624,-0.102511384,0.391864815,-0.417471818,-0.037022818,-0.173912763,0.123949166,0.02366511,0.144691085,0.447589295,0.335995383,0.055469428,0.297423451,-0.098030093,-0.30279127,-0.172037075,-0.075189651,-0.423378907,-0.221377028,-0.515070412,-0.430244378,-0.156292348,-0.160448098,-0.324302255,-0.164893456,0.18739606,0.294714987,-0.124231552,-0.065857522,0.057120853,-0.185458194,-0.063045575,0.077585305,0.290472651,-0.33472585,-0.009854085
BIOCARTA_NKCELLS_PATHWAY,-0.004652924,-0.379411156,0.467431576,0.358614535,-0.269072388,0.162751277,-0.551913544,0.417351818,-0.076520762,-0.140052813,-0.041770794,-0.02120484,0.642629187,-0.109835901,0.518573902,-0.276617931,0.13082939,0.252966098,-0.300213329,0.359046095,-0.140605314,-0.076291868,-0.096415819,-0.100137741,-0.155864375,-0.231983311,0.569180731,0.477515781,0.404373435,0.307840925,0.441621638,-0.244061704,0.344259264,-0.077882428,-0.366491948,0.391898228,0.434455036,-0.134876448,0.240925586,0.144162248,0.277743904,-0.170782695,0.524782666,-0.572371236,-0.055464286,0.30096615,-0.290752159,0.575171182,0.357969498,-0.105861264
BIOCARTA_NKT_PATHWAY,-0.177018785,-0.122811815,0.300082253,0.41802416,-0.233883917,0.352887936,-0.363780969,0.331520862,-0.60754613,-0.361039721,0.537751912,-0.012410209,0.28980907,-0.194535898,0.382906339,-0.310335831,0.588190523,0.37306263,-0.476747163,0.043111778,-0.17301361,0.548436864,0.030158712,-0.208111477,0.303671768,-0.039344601,0.180929594,0.652558977,0.665902624,0.452593323,0.454986342,0.036768608,-0.293163692,-0.333706914,-0.153978283,0.595403384,0.486671884,0.043232738,0.122351378,0.387615568,0.430242967,-0.37384232,0.577462337,-0.510801389,-0.33598118,0.4425068,-0.334495753,0.635152161,0.495158385,0.008992889
BIOCARTA_NO1_PATHWAY,-0.200022301,-0.281039232,0.201995301,0.17569586,0.345885134,-0.303513531,0.139350072,0.117087179,0.111487209,-0.460093341,0.086859158,-0.052140625,0.155106558,-0.008905688,-0.106029491,-0.0128002,0.576112587,-0.261687754,0.015775878,-0.205148568,0.289928051,-0.315784624,-0.19460216,0.026495816,0.363100777,0.203002787,0.347409364,-0.043020465,-0.418761745,-0.298767366,-0.325706309,-0.198360063,-0.062630869,0.104758933,-0.002712436,-0.133068308,-0.154691335,-0.336930711,-0.310188981,0.380465889,0.532236082,-0.152433555,0.482559939,-0.371512271,-0.160425262,-0.285549285,0.120568091,0.38253998,0.022731342,0.078791742
BIOCARTA_NO2IL12_PATHWAY,-0.224704668,-0.350583683,0.240925269,0.46193018,-0.572265115,0.618326983,-0.386527953,-0.239387185,-0.601926626,-0.490391585,0.594987559,-0.370059184,-0.053824618,-0.328981638,0.595393039,-0.149559645,0.674608071,0.211296274,-0.607143098,0.397132172,-0.009090634,0.483175695,-0.133752617,-0.133216347,0.074595864,-0.231012372,0.15442272,0.516009024,0.716468586,-0.041064525,0.494418309,-0.350824479,-0.576894834,-0.593262568,-0.293111274,0.462436988,0.668967933,0.254035258,0.009449175,-0.217785683,0.043800235,-0.700226167,0.331009231,-0.416390031,-0.369843283,0.362360488,-0.680980581,0.726164752,0.564799942,-0.471912839
BIOCARTA_NOS1_PATHWAY,-0.435682322,0.070688259,0.451149281,0.137341625,0.34770637,-0.348188288,0.02962768,-0.290600407,0.327439323,-0.556546185,-0.147099465,-0.080146827,0.435438948,0.313325241,0.048508768,0.149927529,0.458622708,-0.114307526,-0.021873653,0.264953764,0.29493371,0.144375774,0.237697241,0.429412828,0.321539953,0.252110745,0.212148131,0.158368048,-0.107402572,0.257616565,-0.202720116,0.200714203,-0.12623314,-0.089622221,-0.100854802,0.138256527,0.443543608,-0.25835344,-0.188986827,0.312006183,0.36124262,0.183261011,0.383936114,-0.483128608,-0.001201998,0.515867063,-0.221427174,0.537113822,0.055290388,0.034078247
BIOCARTA_NOTCH_PATHWAY,-0.436508851,0.206692314,-0.094706877,0.34480749,0.468958672,-0.025402161,0.629988826,-0.287065683,-0.179716291,-0.391782506,-0.503163242,-0.023458249,-0.131921573,-0.104013316,-0.056729267,-0.283898089,0.694531362,-0.124422577,-0.318659168,-0.186425665,0.485761157,-0.286961128,-0.476155909,-0.004177651,-0.119924201,0.577104806,0.049507604,-0.021566504,-0.128604086,-0.609884217,-0.236781162,-0.352708622,-0.454267999,0.281984239,-0.354884784,-0.612178322,-0.095863676,-0.339662147,-0.486975777,0.496931962,0.127815112,0.11219703,0.152082561,0.348946743,-0.39208064,-0.424409298,0.642540984,-0.055992894,-0.277289611,0.014925673
BIOCARTA_NPC_PATHWAY,-0.164936355,-0.036381692,0.342591031,-0.22715473,-0.473188408,0.085867565,0.098693205,0.194404969,-0.280253321,0.34328157,0.286708618,0.076510978,-0.45164854,-0.112132137,-0.04788025,0.673965266,-0.253963646,-0.052921506,0.114795893,-0.384632815,0.549172335,-0.216845716,-0.497730481,0.624721159,-0.249386143,-0.027536658,0.000674753,0.267077009,-0.447736163,-0.61969949,0.121733551,-0.343617492,-0.290978661,-0.096554718,-0.628979473,-0.106187748,-0.200667437,-0.113791426,0.469007185,-0.388011194,-0.599044548,-0.245460391,0.035520625,0.421362258,0.019101185,-0.017505807,0.261454645,0.043033432,-0.673025348,-0.418615156
BIOCARTA_NPP1_PATHWAY,-0.015381046,-0.51907255,-0.285802133,0.264257707,-0.313253494,-0.333878821,0.371405652,-0.159942591,0.199477559,-0.672429937,-0.189135629,0.411768561,0.149607557,0.450358442,-0.42986541,0.002770951,0.167721852,-0.04233972,-0.439220084,-0.301217545,0.178631623,-0.041848707,0.061636545,-0.307460226,0.342671709,-0.309474256,-0.315167307,0.337442496,-0.130636419,-0.31850739,-0.076205045,-0.150662307,-0.356952837,-0.203641277,-0.323122606,-0.188359419,-0.404073654,0.295245729,-0.658077378,0.544373463,0.657889349,-0.018968143,0.033533309,-0.425970656,-0.468558735,-0.29231985,0.441687585,0.254341945,0.222446599,-0.42721941
BIOCARTA_NTHI_PATHWAY,0.189455808,0.291266257,0.221113445,0.236704106,0.415106461,-0.149831486,0.092677677,0.312940876,0.223831977,-0.210241943,0.330074525,0.1464231,0.157316366,0.064681716,0.036047204,0.321350483,0.233197696,0.209769907,-0.191840788,0.03173946,0.124036254,0.234245383,0.193286128,0.24070082,0.113585321,0.109308757,0.410672255,0.295691004,0.050605884,-0.244942103,0.074723652,-0.266632717,-0.184682589,-0.214967365,-0.054396653,-0.137252275,0.031994103,-0.51244893,-0.211125126,0.383980002,0.022334205,-0.171498543,0.089976396,-0.002579136,0.121469274,-0.309718015,-0.284881815,0.354503693,0.064969911,0.297765388
BIOCARTA_NUCLEARRS_PATHWAY,-0.104030171,-0.114134753,-0.054793937,0.042902784,0.295589699,-0.052926781,-0.282393461,-0.107197175,0.207731895,-0.452151236,-0.05771832,-0.00377122,0.084941011,-0.265542539,0.47517519,-0.003351655,-0.013198404,0.389827968,-0.026782621,0.445365286,-0.105949715,0.353541994,-0.048020798,-0.091808061,-0.194767848,-0.151074503,0.314531179,0.333318229,0.251932607,0.064048503,0.268294331,-0.230051173,0.250309731,-0.122406646,-0.11663899,0.141285358,-0.011269886,-0.239736116,-0.211004336,0.250964552,-0.222325145,-0.321990821,-0.112253396,-0.488642555,-0.061638976,0.12467122,-0.31482795,0.263851613,0.323312642,0.00089501
BIOCARTA_P27_PATHWAY,-0.125511153,-0.225754308,0.340832059,-0.062698771,-0.149886203,0.23450459,0.52490704,0.595743646,-0.141728445,0.503425613,0.378555132,0.148344403,-0.070631534,-0.518010099,-0.273645166,0.559832336,-0.431239624,0.438478865,0.561495752,0.181796585,0.080594165,-0.355122659,0.172700103,0.256408078,0.220234596,-0.022645302,-0.250408542,0.439766673,0.303804843,0.251131749,0.602205537,0.708857268,0.474712209,0.029074492,-0.244981176,0.63076553,0.569226858,0.603599416,0.434926091,-0.417133115,-0.011141314,0.485466571,0.54011234,0.410208885,0.636914591,0.61439008,-0.626206474,-0.377372032,-0.475240392,-0.141648387
BIOCARTA_P35ALZHEIMERS_PATHWAY,-0.274371932,0.104787361,0.664235277,-0.233236128,0.071223899,-0.274199969,0.051176449,0.483584097,-0.279496153,0.039169675,-0.095801859,0.689327743,0.446104519,-0.389556457,0.079856652,0.191969706,0.062892585,0.080573883,-0.101050528,-0.472779635,0.472541887,0.077211284,-0.104839655,-0.187353131,0.390290278,-0.493854835,-0.057879201,0.221688338,-0.515027101,-0.286953638,-0.530345744,-0.121200227,-0.022688503,0.483846442,-0.058840873,0.204868195,-0.095763268,0.293413653,0.28352947,-0.483197699,0.330984193,0.449427011,0.266956616,0.12006266,-0.0864407,0.121119859,0.187351245,0.196245278,-0.156137184,0.101526236
BIOCARTA_P38MAPK_PATHWAY,0.099247818,0.318750488,0.211212173,-0.101406013,0.064280343,0.085932345,-0.046894192,0.072581438,0.107451055,-0.018711937,0.162157697,0.377903688,-0.005821187,0.4159936,0.294508883,0.267175965,0.114460709,-0.15655192,-0.202060872,-0.126834558,0.041142338,0.124665539,0.179964522,0.372919341,0.206491635,-0.086661892,0.246513482,0.312764033,-0.077150207,-0.046709581,0.012367928,-0.053329553,-0.320879737,-0.023039006,-0.27475506,-0.109753794,0.183335343,-0.133828317,0.158705264,-0.077423681,0.225682605,-0.024820624,0.064556648,-0.080261826,-0.096193921,-0.102516711,0.36850575,0.163674213,-0.3040596,0.311578981
BIOCARTA_P53HYPOXIA_PATHWAY,-0.144906269,0.103189334,0.211316856,-0.070794062,-0.06330594,0.021245866,0.09407941,0.077589951,-0.492016057,-0.304269531,-0.018337553,-0.072283039,0.037058498,0.215512868,-0.232603895,-0.023171401,0.29666701,0.067474077,-0.435141394,-0.069938875,0.2447163,0.112581781,0.227097066,0.100314003,0.062938929,0.000166963,0.20765486,0.350216421,-0.250769881,-0.404863787,-0.136926663,-0.342325674,0.263574113,0.155244909,-0.13000424,-0.110205042,-0.148771502,0.10403305,0.044462492,0.01274035,0.267680797,0.092160206,0.029041108,0.011815269,-0.186382631,-0.272297149,0.190989072,0.207395788,0.027884204,0.112290505
BIOCARTA_P53_PATHWAY,0.059706709,-0.043606241,0.22843599,0.266412971,-0.360029319,0.212533623,0.337503836,0.065914323,-0.147493828,0.137447539,0.025330685,-0.280541505,-0.200338391,0.096141156,-0.09471575,-0.017609492,0.014967429,0.117469558,-0.067567052,-0.065338906,-0.044360376,0.419017275,0.138101839,0.273443767,0.147355231,0.050768674,-0.061187385,0.378659958,0.108037867,-0.077647751,0.198278461,-0.125353972,0.139326606,0.138333373,-0.315447053,0.135017249,0.116054496,0.161446468,0.17779408,-0.001786142,0.088670149,0.289247632,0.058868072,0.275909678,0.152659371,0.307471101,-0.399971897,0.221661841,-0.010646071,-0.12184463
BIOCARTA_PAR1_PATHWAY,-0.08275458,0.375237664,-0.037379899,0.105276764,0.292493708,-0.254336844,-0.365996865,-0.257592324,0.20982862,-0.403859111,-0.181882718,-0.268209846,0.213238519,0.33738814,0.555645296,0.006359128,0.445800119,-0.482710744,-0.488435208,-0.23977224,0.493309881,-0.288783182,-0.309653273,0.369700297,0.106595867,-0.281751589,0.389909529,-0.356244894,-0.241155607,-0.412110254,-0.070733243,-0.481192962,-0.315612444,-0.15208275,-0.44932467,-0.301054497,-0.376342844,-0.408979952,-0.405912552,0.411224775,0.366706777,-0.36270031,0.096752575,-0.395207726,-0.294107079,-0.171168845,0.278654241,0.651867932,-0.321518248,-0.32100394
BIOCARTA_PARKIN_PATHWAY,-0.414272933,-0.368678532,0.140389093,0.375907717,-0.027795325,-0.247189486,-0.320971294,0.31117538,-0.048636328,-0.356255576,-0.185104333,0.246978853,-0.190434882,0.339205787,-0.014555644,0.301510937,0.113846047,0.459747608,0.143843199,-0.22712229,-0.200672348,0.024077545,-0.397021369,0.150184972,0.063606955,0.193648679,-0.233471054,0.112291438,-0.050389715,0.606020334,0.221886144,0.536684062,-0.265457615,-0.1688178,0.186174533,0.257859915,0.074179874,0.111211081,-0.51874896,0.032659459,0.239742485,-0.107075122,-0.041071177,-0.179420673,0.343309063,-0.325570978,0.39500732,0.089342117,0.261748469,0.254850645
BIOCARTA_PCAF_PATHWAY,0.032915874,0.353286777,0.263877872,0.238778961,-0.13731836,-0.045207155,-0.431356106,-0.257420535,0.171549968,-0.349028823,0.259369548,0.215195342,-0.126207511,0.072135007,0.302544039,-0.130813657,-0.000400204,0.21531943,-0.59073066,0.122284008,-0.184987106,0.403744548,-0.136556473,0.371374635,-0.248546225,-0.164487949,0.242740552,0.343775956,-0.048645101,-0.089682791,-0.214805155,-0.259312815,-0.00907847,-0.265086597,-0.482398898,-0.123864681,0.200021492,-0.329090974,-0.350968723,0.105669781,-0.247313387,-0.085673712,0.00234763,-0.19971419,0.039624465,-0.554278965,-0.202958565,0.267890307,0.193745877,0.089988909
BIOCARTA_PDGF_PATHWAY,0.025829568,0.474502477,0.396522687,0.238219159,0.292056114,-0.130307437,-0.29901052,-0.222098061,0.13623781,-0.323831996,0.130380742,0.063431764,0.014670797,0.175780769,0.21121943,0.130936963,0.353059279,-0.212323059,-0.254612298,-0.109630964,0.293774482,0.156909832,0.083251111,0.349559987,0.166660082,-0.049952408,0.445656356,0.203909388,-0.347034584,-0.405966538,-0.023082649,-0.422388888,-0.314186947,-0.327146281,-0.508488733,-0.225138691,-0.051930465,-0.468573968,-0.145694288,0.326519938,0.399014127,-0.198712957,0.041562444,-0.126324739,-0.360924953,-0.335364778,0.256071774,0.496992881,-0.317817393,-0.057577941
BIOCARTA_PDZS_PATHWAY,-0.22336209,-0.05431988,-0.066917245,-0.167721453,0.065931901,-0.058999815,-0.153266782,-0.408278025,0.295588128,-0.220444251,-0.402304503,-0.012775619,0.114299896,0.173003451,-0.077225206,-0.229586386,0.276305074,-0.54374394,-0.350024602,-0.364722423,0.346700207,-0.141560201,-0.018740428,-0.148128456,-0.376620496,0.217784365,0.18458377,-0.234927756,-0.467109628,-0.303759241,-0.478082445,-0.45936525,0.023131558,-0.012724034,-0.378298938,-0.415524884,-0.491060074,-0.151784985,0.098503239,0.094774782,-0.107079685,-0.40019877,-0.183505233,-0.185830631,-0.275422624,-0.44719064,0.278106378,0.405463547,0.321700655,0.148179639
BIOCARTA_PELP1_PATHWAY,0.41404218,0.636038347,-0.021239501,-0.390131773,0.561300931,-0.099233595,0.243430539,-0.295783944,-0.583045067,0.124616495,0.178442399,0.01446918,-0.126006324,0.260019395,0.338002346,-0.142947318,0.381059329,-0.651297958,-0.54756706,0.182166702,0.748957756,-0.318756078,-0.553728856,0.208808723,-0.199703846,-0.333126745,0.062033363,-0.04093661,-0.68008704,-0.283328883,-0.656296684,-0.782531875,-0.357436603,0.711392238,-0.525038839,-0.616126762,-0.600357537,-0.618179328,0.141755786,0.006786228,-0.362389693,-0.030044209,-0.436328067,0.614335422,-0.393802774,-0.602962688,0.332387479,0.164424523,-0.496367108,-0.437516812
BIOCARTA_PEPI_PATHWAY,0.209317167,-0.711893541,-0.209808939,0.232510427,-0.445542212,0.383435172,-0.201505206,0.229148383,-0.314773985,0.503723515,0.080640542,0.243912767,0.615211115,-0.514870834,-0.374520662,-0.022825695,-0.223941944,0.448464487,0.59343484,-0.655662728,0.370022989,-0.41845592,-0.013994075,-0.480540632,0.115046362,0.157952314,0.351840338,-0.188885697,0.436893873,0.64385541,0.655405509,0.280372681,0.350466951,0.475879779,0.063401733,0.478074513,-0.381149627,0.38751478,-0.034193432,0.752255503,0.583904728,0.647142868,0.48462649,0.2155416,0.399164004,0.584656739,-0.497383616,0.568487278,0.581699676,0.39991905
BIOCARTA_PGC1A_PATHWAY,-0.125383639,0.083760006,0.355751231,-0.008777394,0.125214715,0.119827068,0.184892415,-0.300824589,0.334899371,0.006494921,-0.306603163,0.037829048,0.581968581,0.227992474,-0.055373796,-0.109076735,0.545534423,0.013503873,0.003539641,0.42223683,0.367504302,0.020987544,0.202375976,0.297162855,0.531220763,0.146696041,0.388104535,0.032882446,-0.015804463,0.167871551,0.060645259,-0.004287723,-0.068593944,0.018422655,0.235805138,0.253746074,0.408046689,-0.043487831,0.093812903,0.376568583,0.476505567,0.082550619,0.291880593,0.006201683,-0.225730105,0.150171161,-0.098044136,0.39963636,0.231746358,-0.10102953
BIOCARTA_PITX2_PATHWAY,-0.249189993,0.43488785,-0.078995491,0.095607659,0.277162484,-0.380155229,0.289161404,-0.389603053,0.263583263,-0.259199064,-0.227059712,0.334677588,-0.370652122,-0.037997765,0.089268369,0.078209739,0.041389363,-0.455687267,-0.202140275,-0.099691354,0.430339757,-0.03444505,0.021418071,0.201043023,-0.332682045,-0.05359742,0.101615578,-0.40389803,-0.661563122,-0.5105709,-0.424679911,-0.701219106,-0.211927986,-0.095879006,-0.290780343,-0.598934962,-0.50336062,-0.655866385,-0.34326721,-0.371830512,-0.26267612,-0.382261488,-0.40352506,0.475970172,-0.390770939,-0.55707069,0.460972804,0.012277402,-0.504415432,-0.436415636
BIOCARTA_PKC_PATHWAY,-0.11026193,0.044176595,-0.461690212,0.039936236,0.231199749,0.041818622,-0.313974065,0.265458019,0.461762074,-0.599533306,0.408260571,-0.046083672,0.141482308,0.162329102,0.324778653,0.099935413,0.530439238,-0.23249394,-0.680731656,0.172368152,0.180089104,0.208293387,-0.104173554,0.378634314,-0.215594871,-0.117259176,0.311653143,-0.154245422,-0.368807948,-0.564600038,0.070012476,-0.578828626,-0.488021638,-0.340613485,-0.597256266,-0.46635244,-0.119189586,-0.660349097,-0.534594031,0.257058282,0.197766916,-0.422119634,0.097825106,-0.236729651,-0.288283241,-0.326820724,0.073951,0.652492473,-0.234167172,-0.361676074
BIOCARTA_PLATELETAPP_PATHWAY,-0.310301501,-0.430323919,-0.037289213,-0.138869262,-0.39011519,-0.616131843,0.105449133,-0.043483755,-0.059759347,-0.608394429,-0.267497466,0.251535355,0.142644082,0.244028073,-0.284301901,-0.012281198,0.257567934,-0.089490634,-0.458558232,-0.612292601,0.041978875,-0.521862303,-0.036666032,-0.281077747,0.334461097,-0.506972967,-0.263868804,0.589504134,-0.323720989,-0.403193374,-0.109245529,-0.295025363,-0.349903777,0.142991144,-0.642042442,-0.230638313,-0.348998744,0.256995123,-0.507041799,0.512162725,0.571507743,0.115958978,0.172236258,-0.449145112,-0.520980442,-0.182849571,0.526341296,0.456873954,0.347382502,-0.359899017
BIOCARTA_PLCD_PATHWAY,-0.227185838,0.542914804,0.582195618,0.004240729,0.382938099,-0.383824853,-0.036116498,-0.051051655,-0.199114465,-0.749796986,0.176875282,-0.107790372,0.475232338,-0.087523593,0.240007218,0.483209216,0.553441247,-0.460505421,-0.733485087,0.076289659,0.499835169,0.607259196,0.085992494,-0.180293457,0.009438194,-0.509441383,0.452789982,0.251395119,0.007018016,-0.275434013,-0.029112725,-0.132915672,-0.509846985,-0.229955415,-0.565520418,0.157177659,0.361973448,-0.441486962,-0.415710737,0.580951042,0.517909732,-0.329319043,0.442865744,-0.618245847,-0.27620764,0.671552536,-0.405518432,0.693223856,0.435552531,-0.023263545
BIOCARTA_PLCE_PATHWAY,-0.355296955,-0.030607346,0.445896471,-0.070319552,0.580063853,-0.503294586,-0.214363954,-0.4491848,-0.098194597,-0.437421777,-0.350261429,-0.248199877,0.101152593,0.511128528,0.378326197,-0.08715589,0.367445739,-0.560773842,-0.279295545,-0.267190834,0.155184824,0.049907143,0.179092056,0.283374273,0.315983317,0.049859851,0.20134114,-0.044329289,-0.250941748,0.122325389,-0.481863392,-0.088914928,-0.196774554,0.059374076,0.115598446,-0.126517968,-0.149982689,-0.44257002,-0.55147185,0.55540582,0.402566939,0.29747639,0.053713111,-0.451819266,-0.208340056,0.026693132,0.343315999,0.527414072,-0.068192505,0.378845779
BIOCARTA_PLC_PATHWAY,-0.068916778,0.369296867,-0.197851305,0.209128101,-0.10166153,-0.221950887,-0.39629256,-0.440143802,-0.069997341,-0.156231404,0.11708217,0.030606542,-0.165725164,0.359929548,0.64472317,-0.271537684,0.470543169,-0.51624092,-0.637288425,0.083922637,0.401701037,-0.245903277,-0.343636452,0.345789159,0.170862085,0.175960411,0.449656213,-0.236648686,-0.176612713,-0.426793696,0.209268058,-0.533007652,-0.561656446,-0.458682487,-0.566152667,-0.336488243,-0.151006409,-0.267689265,-0.30029503,0.239341397,0.383972293,-0.44025689,0.170820948,-0.282727312,-0.36408035,-0.318672013,0.431516551,0.639526634,-0.335575995,-0.45606224
BIOCARTA_PLK3_PATHWAY,-0.182142561,-0.236377993,0.083007373,-0.185733224,-0.6152417,-0.43837613,-0.019678338,-0.10767148,-0.35610909,-0.007336152,0.317682335,-0.517670391,-0.413194108,0.236050794,-0.113546715,0.081339099,0.023172977,-0.406302421,0.41221469,0.26754578,0.150664578,0.357898501,-0.160774459,0.440499365,-0.316369491,-0.371113968,-0.205160191,0.123423123,0.014660523,-0.191064982,-0.433813852,-0.055758476,0.251332854,-0.342585989,-0.455377396,-0.296091604,0.282718475,0.039165585,0.487939214,-0.536107381,-0.218851721,-0.465833544,-0.242152027,0.293351292,-0.231312782,0.126775445,0.084884852,-0.152511903,-0.111669823,-0.399292191
BIOCARTA_PML_PATHWAY,-0.108650315,0.337240623,0.402340947,0.191886362,0.337924093,0.214909006,-0.419562477,0.251633687,-0.104665079,-0.274099866,0.165710006,0.098348308,0.322131559,0.248417198,-0.01387735,-0.157213239,0.159466071,-0.262392426,-0.28972187,0.221547833,0.027509893,0.388929207,0.379198952,0.32482014,-0.012373555,-0.199918952,0.437006238,0.321064019,0.015952309,-0.0511545,0.010467155,-0.181678417,-0.159389056,-0.288610511,-0.051268374,0.240859978,0.389256974,-0.182488464,0.281363866,0.162694876,-0.025981552,-0.230161931,0.00286567,-0.331189702,-0.333586908,-0.06917076,-0.074955403,0.372127702,0.375224469,0.157234978
BIOCARTA_PPARA_PATHWAY,-0.118948056,0.245700197,0.280394975,-0.221813241,0.455852513,-0.097214398,-0.072683976,0.030073382,0.045121011,-0.229955335,0.05197334,-0.090234069,0.187935197,0.089332497,0.040497004,0.331926279,0.303965662,-0.166427741,-0.238330266,0.181400946,0.268782182,0.106017579,-0.249415095,0.221205498,-0.083299775,0.01127,0.426420502,-0.113692719,-0.253692497,-0.196873843,-0.102063514,-0.201443615,-0.008176977,-0.206003197,-0.020199562,-0.235187625,-0.121807872,-0.302606982,-0.139050324,0.396858974,-0.027967026,-0.034127909,-0.031125324,-0.230714181,-0.215827575,-0.156626139,0.107332362,0.349728349,-0.181925276,0.15015286
BIOCARTA_PPARG_PATHWAY,-0.030435146,0.288014262,-0.311460366,-0.120498357,0.546980732,-0.482762722,-0.038483364,-0.282629889,0.649281097,0.394796628,-0.257697468,0.096570397,-0.021083447,-0.047929096,0.08193949,0.148635561,0.439557226,-0.285428823,-0.358498105,0.377752304,0.706853604,-0.203593836,-0.385909096,0.304485581,-0.253768821,0.241996775,0.618492315,-0.384915664,-0.409882096,-0.46124764,0.217255703,-0.402043514,-0.331380006,-0.161759675,0.175481199,-0.49638747,-0.495037906,-0.68892391,-0.774244138,0.53314299,-0.494040101,-0.327432897,-0.283275463,-0.060793178,-0.580220392,-0.499173828,0.220766189,0.324240216,-0.40141148,-0.367209786
BIOCARTA_PRC2_PATHWAY,0.107078114,0.305553771,0.219582367,-0.05370271,0.002739396,0.131059714,-0.087131138,-0.056240713,0.253601921,0.53919542,-0.112623693,0.404898143,-0.489485194,-0.411770592,0.057050001,0.26771027,-0.463611014,-0.025295083,0.107518093,-0.0727621,0.1847782,-0.043762914,0.19108079,0.402178308,-0.277379323,0.444888653,0.009087983,-0.001634561,-0.411294617,-0.459340254,0.058883129,-0.054625578,0.090736029,-0.018394873,-0.531607811,-0.458405818,0.062158716,0.303082784,0.224966213,-0.599802103,-0.369874036,-0.113914402,0.066909602,0.398699072,0.326892483,-0.436520993,0.128303038,-0.28909329,-0.386320839,-0.41883858
BIOCARTA_PRION_PATHWAY,0.137744221,-0.0903035,0.302956013,0.333117173,-0.49714296,-0.003056582,-0.192209132,0.125295784,-0.182325715,-0.078205472,-0.050343795,-0.143126975,-0.065707603,0.516251413,-0.242865445,0.460996718,0.140522056,0.068848586,-0.116735436,-0.472285525,0.722139815,0.151031813,-0.11101629,-0.440949303,0.436799442,0.044316815,-0.263525595,0.10594143,-0.145870542,-0.205958087,0.204907657,-0.193719868,-0.016470706,-0.131535268,-0.23031061,0.346217322,0.007029113,0.278694545,0.333921975,0.315241518,0.483380588,0.078997812,0.43368755,0.296733779,-0.024153887,0.212060124,0.279562066,0.432690116,-0.376186064,-0.139452647
BIOCARTA_PROTEASOME_PATHWAY,0.40715202,-0.442888719,0.57163116,-0.216750562,-0.474803946,0.363946632,0.423950331,0.594872561,-0.203287694,0.661790505,0.166967402,0.251313017,-0.03778381,-0.651056334,-0.634514703,0.627744121,-0.326861336,0.634204827,0.602050549,-0.249144235,0.142920457,-0.169516383,-0.397611046,-0.105079094,-0.152728664,0.326560389,-0.545403054,0.185741544,0.514638477,0.503359829,0.545250287,0.508602975,0.503658182,0.249519357,0.32698635,0.609487894,0.415664638,0.673514471,0.568966921,-0.232123966,0.013573217,0.62908531,0.561877586,0.305432801,0.59397448,0.480478044,0.419424774,-0.624856391,-0.590644529,0.684499248
BIOCARTA_PS1_PATHWAY,-0.352025341,0.26278569,0.109203335,0.486175417,0.381187435,-0.337486664,0.401646812,-0.320792711,0.049171997,-0.446518571,-0.284918914,0.164761615,-0.154993513,0.182146091,-0.161142657,-0.009988434,0.386297722,-0.257906709,-0.387311066,-0.14074738,0.321219266,-0.132459772,-0.084059514,0.110139876,-0.176619347,0.052751341,0.23752002,-0.328001006,-0.540759944,-0.546907449,-0.358196801,-0.555295719,-0.273188812,-0.078425117,-0.141471056,-0.433808516,0.044634548,-0.430952182,-0.243612879,0.009444593,0.085511241,-0.029748473,-0.139420273,0.201261282,-0.363315871,-0.461060895,0.495229628,-0.140717568,-0.270292359,-0.293759494
BIOCARTA_PTC1_PATHWAY,0.508697582,-0.574730535,0.294128343,-0.483541289,-0.404958767,0.32372635,0.16616366,0.373714677,-0.272576743,0.212550883,-0.530842401,-0.245949587,-0.004805476,-0.443361085,-0.546761381,0.437553854,-0.320710377,0.296221008,0.215462378,0.118200063,-0.116366609,0.461122861,-0.152087645,0.178533324,-0.456714791,-0.345344469,0.452683487,0.236811726,0.296920885,0.258523885,0.348997931,0.352373936,0.384226075,-0.606372172,-0.038439101,0.446783561,0.445509531,0.676708838,0.374453683,-0.558488366,-0.450641223,-0.185351467,-0.011386783,0.34169667,0.415578765,0.201179532,-0.243520242,-0.231352937,-0.335957586,-0.253015424
BIOCARTA_PTDINS_PATHWAY,-0.080452313,0.449825532,0.229260493,0.008974561,0.108815854,-0.115371139,0.136240792,0.269390748,0.06835676,0.076557611,0.299662386,0.314133345,0.078902496,0.324282902,0.314939206,0.275175159,0.134204742,-0.136343499,-0.258454152,-0.2579163,0.357538609,0.317877165,0.255818075,0.471334449,0.069598985,0.166505492,0.347645105,0.012763029,-0.534279571,-0.332277904,-0.057184986,-0.41207579,-0.125714389,0.117499648,-0.287538553,-0.329897012,-0.100519162,-0.453102171,-0.162520269,0.367060959,-0.007479468,-0.14697054,0.276459353,0.219254429,-0.187858315,-0.309501684,0.124020591,0.021006504,-0.263963079,-0.209688638
BIOCARTA_PTEN_PATHWAY,-0.049263457,0.488554628,0.215318498,-0.038725919,0.371849144,0.00611546,0.01135901,0.237410848,0.208887554,0.11711957,-0.038453372,0.325116975,0.358125925,0.252760459,0.349455147,0.119246352,0.199013947,-0.379191586,-0.283765047,0.220697532,0.450811353,-0.03947333,0.225931421,0.289151607,0.217835015,-0.129871625,0.586922835,-0.256422618,-0.413177832,-0.336369213,-0.0490228,-0.467379778,-0.247192975,0.108766876,-0.483378116,-0.418537155,-0.129582189,-0.59253552,-0.205913509,0.410710146,0.488584064,-0.122160691,0.24785546,-0.420639951,-0.242247565,-0.470028706,0.369644791,0.434617183,-0.403205528,-0.207422973
BIOCARTA_PYK2_PATHWAY,0.092366517,0.440380089,0.243047937,0.110860597,0.184178777,-0.176087127,0.052596939,0.013676284,0.129145107,-0.130250173,0.216087195,0.147968425,0.440692181,0.328177377,0.054783692,0.176430387,0.149986439,-0.149096218,-0.066801168,-0.07814185,0.088602494,0.216525734,0.208231699,0.348278598,0.233780166,-0.196886228,0.510632679,0.093821836,-0.391532377,-0.286384909,-0.169935837,-0.35360989,0.035383682,0.130057554,-0.436348516,-0.229366362,-0.041011896,-0.472518531,-0.121472029,0.386670506,0.230812843,0.067519388,0.176976587,-0.202751273,-0.179670984,-0.188072229,0.063456791,0.319305268,-0.27324615,-0.114995592
BIOCARTA_RAB_PATHWAY,0.093537583,0.375252912,0.414187322,-0.380822322,-0.09059395,-0.169610023,-0.168602533,-0.062926141,0.434571729,0.175507232,-0.079379069,-0.257294808,0.480597809,0.36542913,-0.589648083,-0.198627663,0.570547998,-0.023846901,0.166422242,-0.049131533,0.490251986,0.43862029,0.123354588,0.505564633,0.382780796,0.073940492,0.281350893,-0.039975615,-0.169056688,0.480553606,-0.004427386,0.052636331,0.511595225,0.673465937,0.177168171,0.013259116,0.046948357,-0.035041185,0.405515991,0.258976292,0.094445455,0.307663968,0.413165937,-0.048523511,-0.02226808,0.2730957,0.075402163,-0.114531875,-0.148319603,0.238380962
BIOCARTA_RAC1_PATHWAY,0.287468605,-0.124756874,0.301256033,0.187037739,-0.036876202,-0.429142924,-0.210642961,0.030224966,0.011432316,-0.050040559,0.266778852,0.363164841,0.06157733,0.464286361,0.271696633,-0.148028272,0.291558615,-0.462155362,-0.097240892,-0.244952744,0.343824424,-0.090979385,-0.309676157,0.354983335,0.340362445,-0.294993021,0.053951455,-0.004035424,-0.159282017,-0.299123259,-0.524993308,-0.217055951,-0.026187685,-0.122128004,-0.362695085,-0.090283175,0.069882462,-0.366842605,0.146322259,-0.026803035,0.420932411,-0.095436252,0.150091129,-0.086775838,-0.27915275,0.082496445,0.312930819,0.481851486,-0.258165899,0.002466007
BIOCARTA_RACCYCD_PATHWAY,0.065860002,0.00556421,0.402888719,0.179147932,0.209346678,0.30142842,0.186479177,0.349760711,0.257671588,0.251143825,0.262302712,0.368024503,0.257509854,0.06916673,0.14308169,0.244790968,-0.051879926,-0.027915337,0.21534584,0.171550619,0.076570254,0.106144862,0.282437191,0.367477285,0.107684463,0.212666516,0.373906861,0.049229181,-0.275597095,-0.108396241,0.092843391,0.067997392,0.306998365,-0.09871509,-0.419241431,0.104742984,0.147697107,-0.430631888,0.317682656,0.175185828,0.228945945,0.292421743,0.395613572,0.101097987,0.295440105,0.090119165,-0.165428459,0.086203484,-0.393431688,-0.125548578
BIOCARTA_RACC_PATHWAY,-0.423013002,-0.351935151,0.265265094,-0.045857981,0.336345914,-0.215823212,-0.204498752,-0.670380042,0.066112673,-0.582832813,-0.213792137,-0.056293951,-0.404292417,0.318626153,0.346399849,-0.584154401,0.323128036,-0.5004317,-0.118285522,0.236261836,0.281729174,-0.477992479,-0.373207776,0.169446941,0.177087017,-0.093630686,-0.404566182,0.053054773,-0.406076775,-0.395975472,-0.541993072,0.052541302,-0.331951395,0.294777591,-0.078647272,0.030603954,-0.354840643,0.13738437,-0.515994663,0.064319868,0.4295358,0.079173061,0.290381839,-0.557857477,-0.110133379,-0.102557897,-0.30522923,0.152339521,-0.074916703,-0.068595295
BIOCARTA_RANBP2_PATHWAY,-0.24937048,-0.009749932,-0.091038809,-0.279148379,0.263930514,-0.003889112,-0.106025511,-0.195689518,0.309204008,0.435014019,-0.30804389,0.492130557,-0.10687549,-0.140386344,-0.11490554,0.362711067,-0.243740118,0.054272247,0.159348016,-0.331237649,0.218469037,-0.307471646,-0.14674451,0.431260334,-0.371422882,-0.12261741,0.449111189,0.24238646,-0.352577461,-0.328599833,-0.173221526,-0.122168694,-0.008485397,-0.464025293,-0.379905132,-0.235564071,-0.130336339,-0.098946481,0.046275246,-0.319756298,-0.450023879,-0.099655185,-0.435450623,0.365689771,-0.051102873,-0.325658585,0.189013106,-0.107810437,-0.094215658,0.235551342
BIOCARTA_RANKL_PATHWAY,0.161099829,0.066278947,0.329853183,-0.01891327,0.382288601,-0.2091551,-0.32738718,0.032074249,0.123568112,-0.28150822,0.333871676,0.133488566,0.187490588,0.462582536,0.152332317,0.358091276,0.1396117,0.310875142,-0.457328713,-0.372521679,-0.264367186,0.163869973,0.335156251,0.343874644,-0.290954286,-0.259843261,0.412361815,0.207772304,-0.234220825,-0.297558043,-0.209916694,0.153628866,0.372137841,-0.12317836,-0.312968451,-0.276750827,0.329300226,-0.400419269,-0.069531516,0.335525053,-0.201362519,-0.413875359,-0.086403183,0.12965497,-0.164769561,-0.55070113,0.156190327,0.200246541,0.143173312,0.012196854
BIOCARTA_RANMS_PATHWAY,-0.089185774,-0.499630392,0.574049753,0.056990736,-0.618515689,0.315643393,0.399162694,0.548887079,-0.393188875,0.729774344,0.523826237,0.19818844,-0.44449178,-0.446879614,-0.026660245,0.570747972,-0.400570853,0.246123422,0.540008929,-0.006203716,0.594437761,-0.216826142,-0.441349689,0.411544411,-0.352328934,0.323578038,0.223776855,0.158259626,-0.115115029,-0.493114858,0.348288122,0.027633251,0.003980323,-0.099306074,-0.695137665,0.12776872,0.090705567,0.059012398,0.601496273,-0.639492466,-0.557536252,-0.136653459,0.453853605,0.631702473,0.435561674,0.27956461,-0.413493988,-0.469987314,-0.685449175,-0.539854869
BIOCARTA_RAN_PATHWAY,-0.279107151,-0.272514417,0.287817641,-0.488676351,-0.571433718,-0.064218552,0.436490388,0.246118889,-0.4505781,0.413005013,0.40089693,0.396383458,-0.177839935,-0.181386871,-0.280310474,0.603136392,-0.333236796,0.233878282,0.542401739,-0.264730246,0.514297849,-0.497109174,-0.539861726,0.323516475,-0.07043162,-0.110318273,0.177839935,0.238324133,-0.195379556,-0.648447124,0.446052126,0.183912431,-0.042564132,-0.002977533,-0.542266388,0.021144488,0.178452117,0.076575764,0.565867676,-0.54687359,-0.370921301,-0.088725622,0.216217439,0.553640711,0.228978511,0.121478133,0.164492419,-0.339141481,-0.5411438,0.093503287
BIOCARTA_RARRXR_PATHWAY,0.102041428,0.529975885,-0.461811031,0.161762485,0.776734952,0.0506272,-0.071886102,-0.559491499,0.53834797,0.003557057,-0.375490933,0.407197172,-0.146683049,0.127410724,0.074036542,0.116114467,0.227775745,-0.632365957,-0.306159748,-0.116517462,0.527193975,-0.040952029,0.331718437,0.589186798,-0.027239333,0.240806571,0.461587589,-0.334421785,-0.51239533,-0.384582753,-0.4259939,-0.454990786,-0.536270905,-0.385270347,-0.567012988,-0.50937175,-0.488053397,-0.532428632,-0.703063858,0.57187754,-0.297287083,-0.581041864,-0.524280732,-0.078059533,-0.436490615,-0.67223222,0.335542832,0.193289738,-0.250488093,-0.012995217
BIOCARTA_RAS_PATHWAY,-0.022569297,0.224073254,0.239139303,-0.066387414,0.266843883,0.131147991,0.2817149,0.319795849,0.359152609,0.126697827,0.194222292,0.500347051,0.492445034,0.182533158,0.297013229,0.255829243,0.257585802,0.053860788,0.31459856,-0.121898785,0.231479881,0.135591939,0.361965064,0.503823236,0.268583471,0.313733534,0.56405291,-0.023543647,-0.140004585,-0.119843683,0.064794568,-0.175634035,0.323623423,-0.063179171,-0.239884281,0.02486636,0.035939777,-0.452195547,0.178270547,0.358949251,0.424390017,0.257947468,0.323806861,0.048214769,0.205345566,-0.048636646,0.194805775,0.05666706,-0.346503137,0.11621182
BIOCARTA_RB_PATHWAY,0.03894141,-0.312234941,0.46384832,-0.157155306,-0.439663666,0.124157195,0.319521884,0.274834437,-0.184651321,0.349155395,0.037911551,-0.362946181,-0.227923784,-0.027988069,-0.262335234,0.287223125,-0.107397354,-0.102184999,0.567323888,0.1478074,0.239407467,0.446025152,0.03558171,0.519446311,-0.092137295,0.109467212,-0.035903349,0.07473426,0.085739965,0.037229666,0.029978736,0.127134355,0.116909079,-0.176736619,-0.657195759,0.273581818,0.366393467,0.359678676,0.533302258,-0.531231837,-0.066404373,0.121577318,0.105533681,0.374723004,0.235666468,0.335489029,-0.270159498,-0.104848041,-0.365592642,-0.363563222
BIOCARTA_RECK_PATHWAY,-0.392803079,-0.147663203,0.534982978,0.724560262,-0.513947072,-0.354660432,0.042849274,-0.331087838,-0.573501717,0.183205774,0.246039835,0.157891478,0.522875312,0.330461246,-0.263194521,-0.19105188,0.638083942,-0.042322457,-0.055179339,-0.670624098,-0.104889601,0.517672639,-0.187109144,0.045898396,0.66059875,0.075543572,-0.030598429,0.126402885,0.210235362,-0.355311938,-0.410258408,0.038893939,0.123390575,0.49298897,-0.568468309,0.594676655,0.581684287,0.117208734,0.268490361,0.497170733,0.78743957,0.321069815,0.633360489,-0.384038254,-0.226687563,0.187230933,-0.060118946,0.433260948,0.446434298,-0.537323562
BIOCARTA_REELIN_PATHWAY,-0.353002633,-0.422081957,0.093137017,0.034569921,-0.036184804,-0.542882481,-0.186421963,0.238295573,-0.091250506,-0.093613507,0.050570841,0.122183905,-0.545938173,0.363653906,-0.045479155,0.314062816,0.026529437,0.452158527,-0.085141529,-0.288898952,0.396517819,-0.597082539,-0.098795382,-0.387115641,0.386165455,-0.255621802,-0.379972135,0.236303442,-0.062209824,-0.560438327,0.001682745,0.109293437,-0.634273681,-0.142259173,0.071341568,0.129002762,-0.105757084,0.077123018,0.290986298,0.084752261,-0.088782903,-0.514076271,0.320299378,0.339368649,-0.435918785,0.089778339,0.1075834,0.520724056,-0.363035609,0.193985128
BIOCARTA_RELA_PATHWAY,0.075605794,0.539215436,0.006480194,0.181884695,0.570840185,0.305131869,0.016657132,0.064409367,0.43653371,-0.025242162,0.52609358,0.013183666,-0.074656678,0.176838416,0.124674872,0.17302874,0.273061501,-0.229079818,-0.402408741,0.215111424,0.04596953,0.279301041,0.314337499,0.158842629,-0.131254747,0.230610051,0.496178519,0.246117084,-0.277769755,-0.252044605,0.01774599,-0.260159129,-0.249315691,0.256390572,-0.054706064,-0.282128635,0.002346293,-0.597142374,-0.128070936,0.160407218,-0.213177788,-0.125846639,-0.070128988,-0.039313523,-0.099131202,-0.388783489,0.206600774,0.153636516,-0.281769363,-0.09442591
BIOCARTA_RHODOPSIN_PATHWAY,-0.663652515,-0.570023734,0.046288615,-0.029078947,-0.207437046,0.510097316,-0.689823044,0.000460448,-0.306950723,0.615688002,-0.103782716,0.119723047,-0.16299399,-0.735995372,0.390063363,-0.502981836,-0.084247999,-0.131668609,-0.11863948,0.056928907,-0.198675632,0.014280488,0.31925682,-0.319608133,-0.517060762,-0.032298809,-0.124702201,0.701233949,0.481016593,0.671312816,-0.334039022,-0.190636893,-0.426034254,0.657680455,-0.665876209,0.312360658,0.427958313,-0.372779438,0.259399055,0.039065319,-0.354661333,0.617830476,0.240661301,0.063785637,-0.68068007,0.464342562,0.348269215,0.211274714,0.160558536,0.031577048
BIOCARTA_RHO_PATHWAY,0.142288913,0.462873739,0.126827232,0.052697967,0.460534312,-0.30220571,-0.036780013,-0.365798244,0.037177805,-0.238905948,-0.06083457,-0.232796851,0.212708479,0.392059943,0.256940692,-0.001088335,0.10346685,-0.412334938,-0.503165258,-0.178683701,0.33111395,0.065461945,-0.274542291,0.340842602,-0.065545813,-0.047121215,0.563849373,0.056318646,-0.549835894,-0.31413695,-0.217086192,-0.517813852,0.051445874,0.144687278,-0.37943558,-0.453494883,-0.352366837,-0.579205065,-0.11563483,0.461221202,-0.113824011,-0.120002247,-0.025257876,-0.515871311,-0.519004369,-0.407317344,0.31693089,0.366666387,-0.275078641,0.138551452
BIOCARTA_RNAPOL3_PATHWAY,-0.151299241,0.514872183,0.135384792,-0.091035162,0.491631323,0.199484915,0.022735377,-0.057858155,0.222232212,0.475169888,0.521433084,0.424021567,-0.459284211,-0.054569593,-0.455515062,0.530860145,-0.381162838,-0.525939886,-0.039949419,-0.161086545,0.296782455,-0.316672864,-0.270194237,0.615308387,-0.352063392,0.358544182,0.053620478,-0.354293513,-0.638150159,-0.367152372,-0.307090835,-0.04394159,-0.580070163,-0.218051058,-0.482822704,-0.382586059,-0.524687931,0.062657294,0.06347817,-0.297643082,-0.469813194,-0.127154589,-0.146996071,0.71852976,-0.155765426,-0.510017002,0.532569678,-0.613601999,-0.621804756,-0.061546792
BIOCARTA_RNA_PATHWAY,0.164561653,0.24523176,0.048151162,-0.055515436,-0.139911812,0.137129755,0.161028865,0.592655583,0.04293453,-0.001179146,0.153660492,-0.022334433,-0.079857509,0.016603953,0.233383724,0.375468286,0.375085154,0.47404957,-0.344295053,-0.05527638,0.31474008,0.385582658,0.020555005,0.244111649,-0.29274904,0.306624171,0.027206351,0.296064083,-0.079254998,-0.099439014,0.073861961,0.007288104,-0.023975107,0.056196124,0.022031882,-0.061041169,-0.131596395,-0.469170433,0.223372842,0.020069049,-0.304505828,-0.177232442,0.189631818,0.592344806,0.261079941,-0.275229509,0.349938595,0.163270257,-0.359190723,0.33797387
BIOCARTA_S1P_PATHWAY,-0.125966004,0.337995819,-0.304121133,0.25899813,-0.09863791,-0.479295025,0.008819857,0.04214553,0.685814518,0.486698157,-0.320592521,0.045395958,0.537619078,0.359378144,0.702367603,0.603650025,-0.370758088,-0.520917252,-0.239424748,-0.134755815,0.608704325,0.150451264,-0.396524217,0.471514885,-0.227427886,0.161191515,0.724930742,0.061628193,-0.405969866,-0.346201079,-0.387893497,-0.594757055,0.250822568,0.490247675,-0.466324729,-0.639988434,-0.65234408,-0.63551711,0.184505967,0.655512363,0.121348559,0.095582391,0.021503386,0.44427614,0.149850236,-0.291887817,-0.369957036,-0.055956679,-0.240009691,-0.186091479
BIOCARTA_SALMONELLA_PATHWAY,0.479211776,-0.14919194,0.533732109,0.053249607,-0.022070504,-0.598434865,0.151159598,0.494863312,-0.053590282,0.057655869,0.51206689,0.39963253,0.349938476,0.624854737,0.070692572,0.289125096,0.399939854,-0.068985569,0.078754871,-0.66008984,0.368674717,-0.500510952,-0.430348158,0.708379235,0.383513218,-0.198352306,0.044137859,0.037210748,-0.240645951,0.410427414,-0.533229958,0.404162983,0.144521963,0.295909981,-0.3575665,0.55813665,0.531447989,0.333735611,0.206438141,-0.321178998,0.412492752,0.586971909,0.679537834,-0.264229974,0.603129575,0.225069702,0.588175469,-0.152084567,-0.253635595,0.271007409
BIOCARTA_SAM68_PATHWAY,0.193965382,-0.289388962,0.556481501,-0.438493651,-0.141628025,0.063436203,0.290611405,0.318497708,-0.441945275,0.293352028,0.117153558,0.452312876,0.484000715,-0.306831105,-0.250484141,0.363193659,0.183469992,-0.234506902,0.186800688,-0.041605875,-0.009619816,0.325275586,-0.066350775,0.066320772,-0.324505632,-0.053819946,0.679245773,-0.614864675,-0.494305448,-0.446073842,-0.374011318,-0.281264591,0.503178174,-0.033959661,-0.507170648,-0.035037146,0.155866222,-0.065022872,0.417251076,-0.379339876,0.242563885,0.204282986,0.499223223,0.320050301,0.049420905,-0.110259067,-0.154948832,-0.159659409,-0.333144382,-0.500780361
BIOCARTA_SARS_PATHWAY,-0.059471167,0.069939536,0.064165557,-0.343426042,-0.243532089,0.435703853,-0.065607797,0.052071113,-0.208416153,-0.352885769,0.477587491,0.142079238,-0.113437999,-0.124641327,0.16667301,0.521858382,-0.187528201,0.60362877,0.124128575,-0.164680183,0.358806516,0.159737776,0.218451208,0.332200377,0.059366037,0.163647946,-0.234510394,-0.414135656,0.214736617,-0.226918696,0.599626176,0.643335752,0.100607111,-0.287694078,-0.056199282,0.245548406,0.162654389,-0.079249356,0.315271879,-0.043649918,-0.475615118,0.27424746,0.204532424,0.606572248,0.157108713,0.422040136,0.320914622,-0.110498738,-0.442466819,-0.266168205
BIOCARTA_SET_PATHWAY,-0.580307778,-0.326902106,0.431656218,-0.508903894,-0.208835921,0.061583356,-0.192032731,0.495275997,-0.348534486,0.146458317,-0.306985422,-0.41095236,-0.287724204,-0.450761307,0.388218285,0.57280432,0.088527445,-0.348399351,0.131825313,-0.074020581,-0.01204457,0.161310706,-0.27901394,0.539054134,-0.445663049,-0.143798842,0.149254414,0.130494783,0.024598412,-0.353833031,0.209227913,-0.041393966,-0.42967846,-0.586522422,-0.147256766,-0.021275459,0.238080614,0.067927063,0.198425444,-0.225677771,-0.529904209,-0.48794662,0.298042272,0.245132923,-0.134800069,-0.075757243,-0.089001545,0.356655751,-0.534221533,-0.439340418
BIOCARTA_SHH_PATHWAY,-0.679032077,0.093463534,0.025929845,-0.0402473,0.455288577,-0.533025826,-0.414521984,-0.451176993,0.296994695,-0.418012679,-0.279945037,0.119281479,0.458423491,0.41717907,-0.062484267,0.068804918,0.113919319,-0.293959632,-0.345659043,-0.147759735,0.102499797,0.304493396,-0.162766287,0.209484414,-0.043079341,-0.030845065,0.369371997,-0.053116605,-0.397993802,-0.412550734,-0.51045926,-0.50896436,-0.247248166,-0.219616361,-0.075337341,-0.332446924,-0.153504698,-0.312322953,-0.629307621,0.262039602,0.398263699,-0.11285021,-0.237801599,0.208748639,0.081949185,-0.336578716,0.422494412,0.56599285,0.229542592,0.026962712
BIOCARTA_SKP2E2F_PATHWAY,0.011805943,-0.259882692,0.418730441,-0.132793616,-0.205638286,-0.169219699,0.392566409,0.342932459,0.077934212,0.475626581,0.583372625,-0.245640731,-0.196512104,-0.165810591,-0.033645947,0.53391013,-0.514530089,0.328906594,0.546309728,-0.14401895,0.020841396,-0.321770182,0.448435971,0.35096775,0.261509557,-0.191141745,-0.246218363,0.529759307,0.031413613,0.054325818,0.46042289,0.560050269,0.313411898,-0.104802311,-0.372073531,0.466596222,0.478694382,0.528986277,0.612001277,-0.21072122,0.162717098,0.298183716,0.467928166,0.456574985,0.591985017,0.630628468,-0.583299331,-0.411268514,-0.319759934,-0.307046239
BIOCARTA_SLRP_PATHWAY,-0.781286655,-0.55972989,0.065866643,0.849589461,-0.553768704,-0.713795904,0.193427066,-0.655527357,-0.734248534,-0.737525941,0.095010376,0.349505594,-0.02354958,0.827483533,0.085355951,-0.772534512,0.950554904,0.072092394,-0.187945502,-0.707103388,-0.080844537,0.809618334,-0.550779436,-0.39285392,0.897590905,-0.093927637,-0.667691966,-0.41594635,0.578775871,0.122075686,-0.207536063,0.327152187,0.515394389,0.506225859,0.397369636,0.474013826,0.609250019,0.40760175,-0.463191709,0.430898247,0.907155102,0.666245601,0.615165436,-0.086760225,-0.101687269,-0.021654787,0.589732022,0.701524858,0.019669765,-0.478803096
BIOCARTA_SM_PATHWAY,0.19671924,-0.011106095,0.389612678,-0.585617327,-0.613189931,0.309492333,0.622743814,0.592906675,-0.568049908,0.57331429,-0.067301404,-0.369684674,-0.392087758,-0.640583628,-0.713194123,0.610680723,-0.473460468,0.279821642,0.481808371,-0.520768692,-0.112205905,-0.274392217,-0.531643468,-0.074040632,0.045220041,0.095151405,-0.539465869,-0.147144152,0.413197076,0.148483147,0.57508501,0.558698666,0.40702405,0.050240656,0.408639375,0.418084885,0.424508704,0.584985081,0.60862746,-0.694719798,-0.489057226,0.18709617,0.127979021,0.739335493,0.589019904,0.391540641,-0.492792751,-0.500915715,-0.386794932,0.127339943
BIOCARTA_SODD_PATHWAY,0.129254588,0.260737788,0.498235006,0.165892778,0.348053292,0.191469418,-0.175990525,0.419066465,0.426370204,-0.029911186,0.6376068,-0.100408527,0.013991695,0.137865592,0.14323553,0.076356239,0.470556229,0.285148926,-0.209075289,0.312823443,-0.199510849,0.00037359,0.486681878,-0.24206225,0.013619685,-0.17966927,0.545477872,0.468303462,0.170765965,-0.058897177,0.706925021,0.044085401,0.107401966,0.02126705,0.163599218,0.284257852,0.446880398,-0.327800898,0.013582049,-0.210111195,0.008225625,-0.157564624,0.106592413,-0.381066637,0.10251553,0.306935521,0.250001667,0.285383852,0.19845166,-0.046759343
BIOCARTA_SPPA_PATHWAY,-0.235703406,0.084367673,0.023999009,0.184660683,0.245900711,0.115965814,0.324094155,0.180430103,0.114119463,-0.446886268,0.142351158,0.014509663,0.543174759,0.222553612,0.21120409,0.006899449,0.470427415,0.177714311,0.071076466,0.067365265,0.270716637,0.192082827,-0.200516356,0.165329384,0.247279609,0.235387325,0.39058919,-0.245098507,-0.022479981,-0.290239214,0.088412117,-0.215707563,-0.124802116,-0.016816725,-0.271536546,-0.000541859,-0.147249625,-0.360547122,-0.158816791,0.389321224,0.532445941,-0.012553115,0.348426172,-0.373350597,-0.258243198,0.017339474,-0.144800195,0.470918128,-0.166835837,-0.187532298
BIOCARTA_SPRY_PATHWAY,0.307921986,0.280264351,0.154187177,-0.014451297,0.416089006,-0.251368317,-0.071544224,0.326279958,0.049147733,-0.202043402,-0.184394662,0.298001369,0.024862166,0.210821486,0.207828714,0.256847637,0.311019351,-0.124402919,0.24519759,-0.123734972,0.153208989,0.409109093,0.114489342,0.149628436,-0.312831396,-0.305533366,0.489162733,-0.401396535,-0.561614041,-0.250509024,-0.493169238,-0.343915765,-0.32089825,0.138072073,-0.39129358,-0.459443921,-0.199208367,-0.635988811,-0.279066111,0.488261404,0.223817207,-0.201703608,0.011339348,-0.475927595,-0.303730963,-0.298289932,0.101166147,0.313598235,-0.539232726,-0.081555713
BIOCARTA_SRCRPTP_PATHWAY,0.242111641,-0.293938535,0.584434629,-0.016494172,-0.424788974,0.567563535,0.159393683,0.034188861,-0.398331531,0.317344308,0.23311877,-0.129253708,0.135774393,-0.23691733,0.099700166,0.285282272,0.19707502,0.251829669,0.107909554,-0.484603853,0.448202158,0.434933304,0.140210811,0.271509358,0.019590142,0.115869289,0.556108493,0.350875367,0.097331473,-0.565974653,0.645150313,-0.257766613,-0.221309376,-0.032518433,-0.656897672,0.206102995,0.521271799,0.171184538,0.495518429,-0.215725948,-0.092466707,0.200439081,0.35049298,0.259647797,0.252934917,0.587364158,-0.566623602,0.127795671,-0.382216953,-0.612305701
BIOCARTA_STAT3_PATHWAY,0.126049284,0.238593509,-0.362422748,-0.187493134,0.15890782,-0.312135509,0.098649655,-0.264047375,-0.157284751,0.085288809,0.32734657,-0.063480371,-0.10937682,0.446967177,0.488102086,-0.115545077,0.274909501,-0.417151442,-0.346177569,-0.384228702,0.389494585,0.120319147,-0.198289473,0.077065463,-0.48325056,-0.271758493,0.377170344,-0.149717501,-0.522267493,-0.597051307,-0.374490097,-0.636957185,-0.18509473,0.160856362,-0.658845882,-0.627621036,-0.44949666,-0.551475691,-0.138357604,0.395630568,-0.148552714,-0.422567187,-0.344734512,0.0601304,-0.427147221,-0.40903698,0.292965638,0.419221869,-0.120317549,-0.548227625
BIOCARTA_STATHMIN_PATHWAY,-0.367049991,-0.383955988,0.388864224,-0.270245996,-0.15432297,0.320680617,-0.156615067,0.110741218,0.110177643,-0.339699229,-0.21940448,-0.137447993,0.067892813,-0.345719267,0.249322823,0.293084221,0.529302262,0.346578044,-0.081753606,0.301174162,0.306674726,0.210584934,-0.298395897,0.418914733,0.271416047,0.272834041,0.017525158,0.01533562,0.469789866,0.316780194,0.453693408,0.0915169,-0.054061066,-0.474123635,-0.022418385,0.308836854,0.549357427,0.063423533,-0.026660816,-0.426879252,-0.226337002,-0.379623166,0.218680144,-0.366224653,-0.051895901,0.375445281,-0.170648777,0.546812413,-0.100684712,0.218964599
BIOCARTA_STEM_PATHWAY,-0.221291406,-0.270818122,0.40432205,0.595614744,-0.276171077,-0.042782135,0.119699724,0.14586154,-0.589550994,-0.520438031,0.697977879,-0.215266294,0.227265245,-0.020712631,-0.388002795,-0.024513871,0.634703877,0.497487592,-0.05572454,-0.123690728,-0.161991959,0.476911283,0.185529012,-0.060565033,0.296365698,-0.121233601,-0.034881902,0.415054367,0.69270945,0.336080664,0.448419458,0.339324619,-0.142889846,-0.309639922,-0.091838072,0.639949454,0.705509746,0.673244587,0.014531997,0.777401608,0.252931387,-0.199074394,0.669817642,-0.565664771,0.086982901,0.564071755,-0.642984126,0.619861874,0.515299215,0.305511215
BIOCARTA_STRESS_PATHWAY,0.339844784,0.283673325,-0.082558869,0.081887202,0.40958918,0.013588112,0.013645821,0.268514521,0.362013734,-0.179158963,0.248264196,0.133072033,-0.019264764,-0.084962305,-0.123033663,0.26570832,0.153051032,0.274732499,-0.139235305,0.277260212,-0.325122545,0.090002993,0.029557979,0.210975532,0.026368464,0.193361416,0.184692836,0.343366626,0.00744049,-0.187874352,0.301609236,0.014715636,-0.022077355,-0.009377521,0.103050834,-0.136305101,0.144323154,-0.446664444,-0.161257381,0.136280195,-0.225440373,0.00088863,-0.285223212,0.056424699,0.016347593,-0.292595545,0.051430644,0.209381852,-0.178266014,0.271425718
BIOCARTA_SUMO_PATHWAY,0.04495834,0.587980509,0.748485404,-0.435119301,-0.500946543,0.550561107,0.283000042,0.452967619,-0.630842072,0.451057392,0.230025337,0.390665534,0.42914599,-0.246430171,-0.473358082,0.524404298,-0.326814933,0.232661324,-0.099864988,-0.618986737,0.395225461,0.330871901,0.206278876,0.343502354,0.419579053,0.120149201,0.121764313,0.00081857,-0.317628977,0.637160331,0.549479065,0.434101688,0.411836294,0.073132937,0.120192571,0.669664457,0.655855178,0.671849193,0.425464718,-0.648305589,0.348352357,0.708716838,0.576785694,0.545558668,0.57432376,0.731653638,-0.100410499,-0.192571121,-0.507683247,0.260729089
BIOCARTA_TALL1_PATHWAY,-0.10121322,0.308169098,-0.236908312,0.214770875,-0.104015944,0.272259262,-0.207007161,0.028304847,0.293147042,-0.011285978,-0.094181128,0.336303228,0.154394558,0.196024158,0.374316874,0.125283431,0.342174194,0.298431108,-0.135004825,0.513008871,-0.264946293,0.264006577,-0.104709636,0.165205632,0.233999476,0.36855215,0.231740852,0.455872258,0.238993165,0.023604681,0.516406425,-0.280930853,-0.100491761,-0.317846701,0.05370279,-0.075632637,0.195656308,-0.427153935,-0.138448251,-0.106225723,-0.306019838,-0.255295151,0.097905675,-0.043958308,-0.290694198,-0.391165372,-0.050262944,0.578390695,0.099144399,0.248022877
BIOCARTA_TCAPOPTOSIS_PATHWAY,-0.25177931,-0.398326143,0.402164144,0.613564072,-0.582944837,0.635627722,-0.616842675,0.161912605,-0.470231366,-0.539932031,0.238649698,-0.012831451,0.451871505,-0.470246552,0.588466072,-0.235671089,0.752344152,0.456300505,-0.736457563,0.524653146,0.250071891,0.599982278,-0.167793036,-0.16715795,0.197345322,-0.452853913,0.419449843,0.686253272,0.78328369,0.45166388,0.613083739,-0.306485029,-0.491403636,-0.533032434,-0.055501818,0.659265277,0.753233645,0.264866954,0.255667525,0.184730721,0.369425286,-0.772690352,0.515393886,-0.539940428,-0.466825604,0.326963734,-0.651412582,0.812163734,0.621626501,0.199433913
BIOCARTA_TCRA_PATHWAY,-0.268557584,-0.139953051,0.184362586,0.540884724,-0.620036951,0.533460692,-0.539185987,-0.346712149,-0.517515349,-0.552114905,-0.079637081,-0.300629651,0.143160665,-0.428592835,0.630368734,-0.504232329,0.619001174,0.350555172,-0.7509873,0.542865314,0.082805441,0.520305611,-0.263766337,-0.124065674,0.024606489,-0.062116287,0.331405571,0.610074982,0.758451498,0.456455833,0.534683523,-0.446077244,-0.613149451,-0.574113633,-0.373960688,0.552886371,0.65039229,0.106581172,-0.185637677,0.110986737,0.110199992,-0.651875707,0.488612734,-0.492101708,-0.431676127,0.421158852,-0.541005581,0.848857328,0.549874595,0.325105182
BIOCARTA_TCR_PATHWAY,0.044009414,0.303098166,0.393159544,0.147174484,-0.059430883,0.08665614,-0.200307091,-0.072473266,-0.074314352,-0.309563975,0.054115873,-0.145238673,0.158012212,-0.045633576,0.176825557,0.04948939,0.410489385,-0.034326562,-0.472702727,0.085837538,0.226348556,0.18087657,0.105627431,0.344494607,0.130552481,-0.046102509,0.349444921,0.181049421,-0.027373656,-0.119238477,0.043918396,-0.391846871,-0.293707189,-0.362619576,-0.418755934,-0.003389244,0.376805453,-0.389047933,-0.17325138,0.232683443,0.342275467,-0.221865241,0.211158058,-0.235381951,-0.314182769,-0.083962502,-0.092747851,0.559133121,0.037609825,0.007807465
BIOCARTA_TCYTOTOXIC_PATHWAY,-0.219624737,-0.324879756,0.189230844,0.506297021,-0.619007368,0.538758126,-0.508066068,-0.201697747,-0.552989278,-0.564158147,0.263271939,-0.107481194,0.412494926,-0.275084474,0.495880566,-0.460676345,0.797718128,0.433456863,-0.622472303,0.435106044,0.271746882,0.365858978,-0.297485405,0.009613996,0.429466124,0.011827375,0.199188724,0.501874009,0.694924896,0.196293968,0.606797112,-0.4188773,-0.608900656,-0.336974666,-0.242585341,0.56611695,0.68183484,0.239358521,-0.01050114,0.077851136,0.318246254,-0.602277969,0.486276634,-0.584188581,-0.5311206,0.31983718,-0.527346146,0.843729456,0.419380708,-0.147977609
BIOCARTA_TEL_PATHWAY,0.076877237,0.438187341,0.145858529,-0.451283029,0.151873008,-0.098011292,0.314152645,0.341881489,-0.038599828,-0.389678468,0.276459153,0.037723361,0.271747829,0.283797226,-0.036561555,0.526139852,0.433478965,-0.029175323,-0.428157701,0.287134457,0.383833926,-0.072368771,-0.346365946,0.483500614,-0.370737726,0.068234134,0.227660699,0.25159313,-0.314944488,-0.176246385,-0.403581431,-0.136166557,0.118389017,-0.252388558,0.113297289,-0.344542684,-0.061286745,-0.189199518,-0.004406956,-0.162222639,0.2022465,-0.070082111,-0.142638502,0.226202582,-0.327908835,-0.323918021,0.243075084,0.07644437,-0.286075346,0.034789848
BIOCARTA_TERC_PATHWAY,-0.200324851,0.717625671,-0.055650301,-0.119325234,0.448718651,-0.194770537,-0.135153424,-0.449992606,0.64502565,-0.119534342,-0.098676188,0.268367767,-0.462088647,0.266118529,-0.192733284,0.593110265,-0.023266703,-0.08391987,-0.031885765,-0.162852826,0.001397569,-0.210077586,-0.547961464,0.712076742,0.066390094,-0.194681758,0.049269573,0.070925826,-0.480164223,-0.316076735,-0.009023642,-0.213088538,0.274483007,-0.08644649,-0.233621153,-0.202809722,-0.303642555,-0.164965198,-0.362134701,-0.57302459,0.272455544,-0.352384246,-0.56836264,0.560591175,-0.050442158,-0.640858617,-0.129294715,0.461177482,-0.528571702,0.016693738
BIOCARTA_TERT_PATHWAY,-0.131666817,0.595356817,-0.217769123,-0.453259296,0.354187355,0.104512536,0.208069601,0.314400877,-0.298493329,-0.337575822,0.151843354,-0.212517752,0.193102053,0.166082029,0.052584185,0.009372275,-0.45204713,-0.331958376,-0.384919703,0.458959721,0.298144302,0.012431492,0.247257038,0.451563325,-0.439484636,-0.039262768,0.347584685,0.500872676,-0.415913051,-0.534166158,-0.677625622,-0.210284035,0.279684371,-0.356294796,-0.250263725,-0.488305844,-0.032343998,-0.078714779,-0.096126254,-0.40263659,-0.326979626,-0.60839884,-0.598745408,0.587373702,-0.502616974,-0.432109651,0.371247295,0.296752677,0.052065951,-0.222329418
BIOCARTA_TFF_PATHWAY,-0.154051057,0.277042609,0.139690097,0.115914574,0.235995724,-0.208205441,0.198122589,0.210301516,0.21180367,-0.079435905,0.147685273,0.478038629,0.429781413,0.245064197,0.328052621,0.219085186,0.309905799,0.045428479,0.24644474,-0.167088379,0.424614229,0.170700869,0.075277908,0.261114499,0.330705995,0.308021288,0.534934767,-0.341167708,-0.143719898,-0.155538734,0.15334942,-0.271362838,0.360131319,0.40157741,-0.279553663,-0.055193258,0.030512677,-0.426198235,-0.087650578,0.20955043,0.477318223,0.304006257,0.263794355,0.006936092,0.123504614,-0.078377975,-0.089690553,0.302467198,-0.049456502,0.012698335
BIOCARTA_TGFB_PATHWAY,0.110443937,0.452716279,0.114412566,0.377332614,0.359327086,-0.277580612,-0.173065078,-0.039125948,0.342563569,-0.311628677,-0.054702738,0.471575801,0.297513407,0.283341945,0.228037259,0.298151269,0.105087803,-0.347447754,-0.374159541,-0.395401185,0.311550576,0.45778967,0.080345889,0.284149173,0.205175737,-0.016003671,0.407081404,0.088062848,-0.416951226,-0.337926524,-0.325359383,-0.547707477,-0.224947209,-0.208793651,-0.435868391,-0.408916398,-0.481110058,-0.602911703,-0.417606432,0.222746913,0.378564577,-0.158645185,0.063679675,-0.030733528,-0.296822013,-0.347325681,0.235474415,0.274300616,-0.200990923,0.099357022
BIOCARTA_TH1TH2_PATHWAY,-0.03641056,-0.173016695,0.16245324,0.454771978,-0.432164541,0.257191032,-0.463567535,0.362274906,-0.402661846,-0.159241217,0.413899098,-0.270976193,0.326469576,-0.39838637,0.448974149,-0.240643803,0.428973553,0.437496203,-0.554705837,0.269924491,-0.141794123,0.552489544,0.238942493,-0.396942763,-0.207445549,-0.286637153,0.063929714,0.588901721,0.751122613,0.569417541,0.511878358,0.118789251,-0.108640229,-0.415859564,-0.102094137,0.582889788,0.496506619,0.053194548,0.129844264,0.506143823,0.223094216,-0.323462091,0.555829421,-0.598143971,0.147762504,0.375551215,-0.242787818,0.586067844,0.591623355,0.332135554
BIOCARTA_THELPER_PATHWAY,-0.160401814,-0.149388244,-0.081979054,0.619458875,-0.579784915,0.503643079,-0.481569585,-0.229266285,-0.539343086,-0.523647628,0.263271939,0.015789835,0.470649685,-0.268929934,0.487921437,-0.536880121,0.83015226,0.388201113,-0.64252356,0.301469637,0.322218624,0.541196214,-0.290096095,0.006133378,0.475710173,0.011827375,0.204260441,0.597112464,0.677514297,0.214770123,0.523272482,-0.450528539,-0.613564262,-0.326290897,-0.263568167,0.564498463,0.62469456,0.150250857,-0.072551261,0.17626325,0.410266095,-0.5519481,0.486276634,-0.600299832,-0.542660227,0.312727436,-0.518300414,0.843766634,0.456582265,-0.147977609
BIOCARTA_TID_PATHWAY,-0.022798531,0.016575914,0.097531754,0.177670592,0.310384109,0.359009157,0.231767563,0.320046512,-0.041623475,-0.030624155,0.462471461,-0.263644562,0.288205794,-0.060208309,-0.004685251,-0.100520552,0.250707433,0.227370255,-0.342958964,0.443459063,-0.121834973,0.335019947,-0.02170937,-0.100173446,-0.069370427,-0.182474513,0.155060901,0.400415998,0.382800429,0.182287956,0.182990433,0.187929467,0.270063615,-0.149872756,0.176049552,0.297309649,0.425312267,-0.270415929,0.1343082,0.072215952,0.171583261,0.039052975,0.241642404,-0.12526236,0.063131492,-0.03887157,-0.265439056,0.333146138,0.19604336,0.212232053
BIOCARTA_TNFR1_PATHWAY,0.056414292,0.39175529,0.28839874,-0.234760271,0.277034765,-0.187052859,-0.018130008,0.113421294,0.376905029,-0.013090287,0.399579709,0.11188541,-0.03975634,0.308222978,0.269332102,0.218963246,0.063056544,-0.193320054,-0.031497183,0.012452926,-0.026392193,-0.062442743,0.159825256,0.359770837,-0.00649258,-0.009698792,0.383664178,-0.002644463,-0.25545425,-0.276483952,0.094562148,0.042344244,0.176048778,0.224954171,-0.2939432,-0.007248809,0.048422715,-0.333855149,0.111578941,-0.363360454,-0.062018944,0.133689923,-0.178546831,0.040750631,-0.230515238,0.07138498,0.252515333,0.139570619,-0.345767674,-0.109450234
BIOCARTA_TNFR2_PATHWAY,0.288625746,0.176352541,0.067549888,0.047610198,0.334334891,0.001680945,-0.373077794,0.437300029,0.351791089,-0.216078784,0.287903764,-0.276854837,-0.393964252,-0.235084236,0.107573583,0.31373883,0.2549914,0.051863065,-0.507571536,0.121637672,-0.188360262,0.126373461,0.165151021,0.249129963,-0.287667674,0.108685238,0.341454248,0.419053933,-0.212745882,-0.329737933,0.184272443,-0.380788312,-0.315025047,-0.429140405,-0.101891256,-0.340622355,0.186223524,-0.615847509,-0.205449646,0.234470761,-0.389794717,-0.533824598,0.042503219,-0.126195727,-0.142542685,-0.418740553,-0.204665532,0.578510344,-0.188279551,0.249115523
BIOCARTA_TOB1_PATHWAY,-0.421675482,-0.084427147,0.275471362,0.119083319,-0.086227886,0.307211859,-0.367101994,-0.042561598,-0.168785188,-0.432386306,-0.023150122,0.155202078,0.543154744,-0.085655393,0.465665543,0.259324516,0.43848837,0.407043011,-0.510738232,0.067948867,0.083004483,0.549006599,-0.276630953,0.118927868,0.372475723,0.045810219,0.36546468,0.668377123,0.478953526,-0.138560202,0.247959845,-0.425594147,-0.105615432,-0.64703726,-0.23542065,0.302931508,0.311196848,-0.24593397,-0.24499193,0.125310123,0.471666294,-0.592555585,0.281802552,-0.371595995,-0.320044318,0.140948793,-0.247674767,0.676518141,0.503114956,0.10986435
BIOCARTA_TOLL_PATHWAY,0.095778984,0.387767998,0.160826166,-0.08841557,0.302478855,0.019740043,-0.20966251,-0.021144474,0.300935281,-0.094267739,0.099173702,0.30581089,0.20560203,0.278140769,0.146773518,0.329338112,0.137119698,0.055344544,-0.236791254,0.170213276,0.182785518,0.240044415,0.146511631,0.312072866,-0.021481973,-0.131713222,0.465829105,0.333303085,-0.269539417,-0.072679761,0.140656857,-0.311623298,-0.094830629,0.177015714,-0.091368981,-0.184410284,-0.162573772,-0.457287212,-0.19003327,0.391924717,0.017133157,-0.146705493,-0.137932724,0.129106262,-0.060634792,-0.447015845,0.180312662,0.302358152,-0.294312706,0.274042037
BIOCARTA_TPO_PATHWAY,0.157565951,0.386733411,0.395334929,0.2183546,0.355340984,-0.130849652,-0.19901503,-0.14619139,-0.041375623,-0.254959644,0.019377965,-0.118858359,0.043918986,0.044175273,0.465739601,0.080357748,0.245003608,-0.324804102,-0.26398731,0.096207269,0.262834631,0.077086245,0.109078624,0.357205789,-0.068906091,0.032601424,0.462636069,0.101725553,-0.313326166,-0.432886643,-0.210353849,-0.485187031,-0.246370373,-0.328785476,-0.517727683,-0.280661273,-0.032538226,-0.406549213,-0.245607742,0.309327314,0.21230797,-0.319828073,-0.002406976,-0.208497882,-0.359404187,-0.266141803,-0.062782232,0.498683221,-0.16253214,-0.073344373
BIOCARTA_TRKA_PATHWAY,-0.151462298,0.446103587,-0.107736306,0.053927135,0.23009854,-0.07187355,-0.398340153,-0.263021102,-0.101496062,0.018360007,0.20369816,-0.106355029,-0.313147351,0.27464356,0.32482957,0.160660166,0.371298564,-0.54552474,-0.170554441,0.032503338,0.103497054,0.030184432,-0.059790053,0.51021667,0.282813786,0.249269196,0.307239837,-0.320545229,-0.432471182,-0.281417656,-0.399197492,-0.506305421,-0.583449375,-0.607281392,-0.355390972,-0.388181311,-0.136962802,-0.453471819,-0.254190464,0.218021089,0.200355963,-0.233366104,0.071907353,-0.067210524,-0.331897831,-0.087677673,0.352482257,0.321371027,-0.501196708,-0.183080217
BIOCARTA_TSP1_PATHWAY,-0.196403453,-0.014962202,0.571423719,-0.044139905,0.376794338,-0.098771059,-0.156574316,-0.546511423,-0.333172631,-0.535966898,-0.310143003,0.367830818,0.306301647,0.197287854,-0.322241086,-0.516713309,0.395155465,-0.118485951,-0.150587381,-0.540154175,-0.018110021,0.020471152,-0.20449125,0.420149363,0.430467186,-0.507947136,0.295053086,-0.149395921,0.154440045,0.026091948,0.362487193,0.046067332,0.021742183,0.409065804,-0.728897702,0.269501622,0.184633027,-0.100622687,-0.320922923,0.442423912,0.604511464,0.376784046,0.100532443,-0.467348256,-0.112206658,0.187618446,-0.049608545,0.574385581,0.310348981,0.241134931
BIOCARTA_TUBBY_PATHWAY,-0.012359044,0.375398403,-0.854758683,-0.094472547,0.159690402,-0.078986867,-0.653864596,-0.67501837,0.880649526,0.696999452,-0.412197218,0.030431333,-0.016267697,0.660435286,0.69658452,-0.582579315,0.617151722,-0.53166212,-0.524906634,0.553901669,0.438806322,-0.459206581,-0.604928836,0.191377779,0.298507753,-0.039944838,0.086015675,-0.755063562,-0.252008225,-0.598836217,-0.241360052,-0.754803789,-0.612683916,-0.555569424,-0.575313812,-0.532801453,-0.578938212,-0.024176816,-0.753179973,0.226219234,0.404691024,-0.532394724,-0.403788904,0.158971621,-0.63367577,-0.609386609,0.410193956,0.440875379,-0.047765922,-0.524579713
BIOCARTA_UCALPAIN_PATHWAY,-0.049810194,-0.117419391,0.46130051,0.389090768,0.166452484,-0.286312575,-0.180891243,0.42374456,-0.168812795,-0.026887483,0.247029757,0.588665555,0.583205473,0.376744532,0.27297494,0.393519371,0.538588856,-0.05844022,-0.370742446,-0.539381825,0.473817392,-0.168072704,-0.092123328,0.372431592,0.227374618,-0.175489334,0.540710682,0.272891607,-0.680756292,-0.457195851,-0.484509327,-0.445708212,0.160646856,0.475174559,-0.592062866,0.019069367,-0.230697715,-0.297521739,0.27889596,0.035225384,0.391118201,0.09103508,0.52908505,-0.462902385,-0.196663865,0.014157355,0.158475377,0.285900597,0.073604033,0.011311914
BIOCARTA_VDR_PATHWAY,0.053335976,0.586785859,-0.234104749,-0.245296483,0.334243273,-0.240017977,0.181750252,-0.32184956,0.209020137,-0.195298029,-0.145319873,-0.011149684,-0.331193238,0.367387549,0.180216562,0.313110237,-0.300019182,-0.447985441,-0.318427173,-0.410067011,0.57247869,-0.246026879,0.059602825,0.66634742,-0.26683302,0.174766345,0.273408133,-0.298312666,-0.583200402,-0.631877238,-0.39148362,-0.553338576,-0.321318781,0.043858265,-0.340869276,-0.5527643,-0.539468074,-0.520208249,-0.070831428,-0.184176028,-0.470021436,-0.464898047,-0.382273888,0.4482985,-0.308958904,-0.506282558,0.424626808,0.095166417,-0.586934824,-0.492771243
BIOCARTA_VEGF_PATHWAY,0.175443698,0.25187709,0.262823416,0.017910227,0.118346019,0.063882217,0.227064372,0.03087044,-0.015066447,-0.042662137,0.148581808,-0.139180966,-0.349541853,-0.034511523,-0.251796837,0.26429391,0.178265121,-0.358518487,0.040852762,-0.36690786,0.182113829,0.210727247,0.190505137,0.423887532,0.14019077,0.220019381,-0.227537316,-0.042750813,-0.358783122,-0.365856141,-0.094807475,-0.167034309,-0.238036054,-0.187143008,-0.108778251,-0.132318666,-0.101481535,-0.028851788,0.185025468,0.164361269,0.154452846,-0.173984929,0.280887643,-0.11394857,-0.002555939,-0.136742653,0.181313654,-0.035765191,-0.406537482,-0.149823753
BIOCARTA_VIP_PATHWAY,-0.209818505,0.257497496,0.390360626,0.108209555,0.328853714,-0.289112495,-0.181522789,0.027788481,0.357632806,-0.45290918,0.078838617,-0.304426021,0.316593171,0.177837809,0.096905465,0.197175535,0.432581916,-0.049623159,-0.414866203,0.135452051,0.326240946,0.100801377,0.170208694,0.432343588,0.209276747,-0.108311426,0.232888663,-0.025560496,-0.255677995,0.004755588,-0.147515756,-0.098222582,-0.114422646,-0.122548726,-0.102978955,0.02324639,0.2708268,-0.393272846,-0.367187888,0.466160839,0.35966202,-0.046591123,0.180936113,-0.180723144,-0.268793473,0.075390598,0.02967776,0.584705404,0.072372441,0.186658662
BIOCARTA_VITCB_PATHWAY,0.018594907,-0.490542808,-0.297703332,0.187362704,-0.232413406,-0.013502689,0.557467634,0.241034347,0.197789861,-0.505771912,0.070805361,0.429680725,-0.231489083,-0.082675359,-0.119882803,0.550656855,-0.029970955,0.331649468,-0.318501392,-0.239328446,-0.005777738,-0.173925694,0.003792799,-0.39301816,0.025763111,-0.049650287,-0.206742479,0.634537743,-0.340395576,-0.581851306,0.400610892,-0.334187096,-0.355385996,-0.587499432,-0.529590431,-0.458619045,-0.411360253,0.05119946,-0.511383639,0.297542585,0.400683658,-0.497560863,-0.15544012,-0.324227573,-0.498964092,-0.302152257,0.13886808,0.243059792,0.085005073,-0.366615356
BIOCARTA_VOBESITY_PATHWAY,0.311411859,0.109476438,-0.161886177,0.29051698,0.548086282,0.089818094,0.16359789,0.166428197,-0.102519229,-0.209429072,0.607869112,-0.014258641,0.647592408,-0.478409225,-0.057789611,-0.460768272,0.335858254,-0.138780042,-0.085868811,-0.216395311,0.368443175,0.534642107,0.100070928,0.313571829,0.388800696,0.186217507,0.554646809,0.049253601,0.334063773,0.467544492,0.513285155,0.454171749,-0.000271038,-0.512288815,0.608527731,0.558721974,0.525268848,-0.202622284,-0.190917667,0.478970029,0.05184462,0.449670345,0.428127661,-0.446709565,-0.468734217,0.363830002,-0.451353404,0.442172021,0.374510075,0.36074953
BIOCARTA_WNT_LRP6_PATHWAY,-0.436042515,-0.066686763,0.265196101,0.065334584,-0.263495441,0.01600848,0.521971126,0.190670056,0.244505164,-0.682821571,-0.224154587,0.368539047,0.320365349,0.275782486,-0.055335482,0.304162679,-0.249414459,0.264989563,-0.113214236,-0.543470182,-0.298189642,-0.026885601,-0.610430474,-0.824341393,0.716696174,0.080723231,-0.264066465,-0.063471489,0.300011582,-0.163112695,0.020001855,-0.651486692,0.19995291,0.530240722,-0.224166748,0.278813931,0.300597565,0.305637746,-0.015322127,0.016301627,0.707663157,-0.047094912,0.578681442,-0.01554546,0.27494448,-0.419953828,-0.325844814,0.647920521,0.718588207,-0.46276109
BIOCARTA_WNT_PATHWAY,-0.199430695,0.381540962,0.309951315,0.024823348,0.390167235,-0.077322326,0.176846252,-0.029600122,0.301952504,-0.226015677,-0.349778069,0.240751954,-0.021582564,-0.041938449,0.09809784,0.05373655,-0.031019985,-0.327742554,-0.365206778,0.154381231,0.279529755,0.066448014,-0.075049782,0.096965642,-0.056728319,0.045107774,0.326675259,-0.371778365,-0.512663319,-0.46315192,-0.125036236,-0.530982983,-0.235398146,-0.290817301,-0.013438013,-0.405507396,-0.201384244,-0.51001667,-0.251615571,-0.231053175,-0.198835904,-0.130719598,-0.114918997,0.257796552,-0.109254476,-0.470566763,0.252976447,0.034217302,-0.280057631,-0.033398921
KEGG_ABC_TRANSPORTERS,0.058686628,-0.060484172,-0.290363366,-0.312161066,0.350885299,0.066818232,-0.171446739,-0.223351496,-0.039856593,-0.097946585,-0.16778261,-0.1987695,-0.146159866,-0.038508549,0.390758159,-0.08932902,-0.019475217,-0.088476682,-0.203870064,0.364410224,-0.000802793,-0.246069559,-0.100973448,-0.220134348,-0.225180805,-0.220768742,0.276412306,-0.011271114,-0.119034641,0.05486682,-0.100187873,-0.291504651,-0.355021295,-0.168211071,0.124127285,-0.274306843,-0.271305094,0.10125482,-0.31961501,0.224688159,-0.097492821,-0.305902526,-0.354126009,-0.345154327,-0.099212337,-0.244027473,0.042644293,0.248332395,0.277735729,0.121102702
KEGG_ACUTE_MYELOID_LEUKEMIA,0.052427091,0.357301462,0.236442792,0.045047325,0.138724236,0.172305025,-0.004438714,-0.218123815,0.024385114,-0.239023718,0.013710356,0.125447803,0.109082628,0.092864188,0.322787607,0.022746741,0.274004736,-0.212362534,-0.131153775,0.016082706,0.165116714,0.257171263,0.016160729,0.252879554,0.023757864,-0.002624124,0.312715789,-0.019749891,-0.33484929,-0.356164341,-0.215796848,-0.372788646,-0.296598807,-0.041174644,-0.302210961,-0.216325419,-0.071772713,-0.433543085,-0.128908047,0.323702282,0.107558153,-0.071847716,0.083020711,-0.050111649,-0.306571789,-0.201822159,0.050683754,0.329633243,-0.229916713,-0.348933962
KEGG_ADHERENS_JUNCTION,-0.02131182,0.42015178,0.322956367,0.162719533,0.177755489,-0.229226389,-0.115933806,0.08097301,0.131686673,-0.376473315,0.054310334,0.177560694,0.327239977,0.214731914,0.333709997,0.195180165,0.2055304,-0.167442749,-0.194313328,-0.330330019,0.393271166,-0.008876322,0.022357392,0.320024044,0.065113355,-0.217441115,0.376711828,-0.018725147,-0.504759011,-0.449710737,-0.184733867,-0.434120353,-0.106174287,0.002439082,-0.329967045,-0.287747105,-0.16733574,-0.456157232,-0.194430982,0.158938755,0.094921627,-0.149710802,0.173518999,-0.082725598,-0.141344986,-0.20753363,0.155606443,0.16327635,-0.171097822,-0.043074786
KEGG_ADIPOCYTOKINE_SIGNALING_PATHWAY,-0.015587211,0.13194897,-0.184759702,-0.135552053,0.249990393,0.291815883,0.122075553,0.207208969,0.312620939,0.076955943,0.011356086,-0.013397961,0.12979388,-0.145612138,0.034125076,0.039437327,0.170114677,0.082497641,-0.170603644,0.113790638,0.249854727,0.055537531,0.23175375,-0.016563424,-0.082825721,0.30049499,0.267267105,0.127361191,-0.027388901,-0.261593176,0.242085919,-0.173948868,-0.227747238,-0.068578026,0.046028284,-0.050171018,-0.113937015,-0.21700247,0.046699192,0.356639346,-0.067386823,-0.196590563,-0.1123213,-0.091578212,0.006639793,-0.147015705,0.097509802,0.188825719,-0.170024745,-0.059846724
KEGG_ALANINE_ASPARTATE_AND_GLUTAMATE_METABOLISM,0.148347318,0.103732794,-0.045252353,-0.128044326,-0.019490233,0.157730685,0.155379037,0.31465851,0.323684127,0.142119301,0.223407841,-0.165807162,0.079067854,-0.024164827,0.248008157,0.057531134,0.175689212,0.25280803,-0.269117075,0.351686333,0.166326662,0.10084136,-0.178351688,-0.338827937,-0.236447226,-0.023682114,0.065060734,0.019326504,0.435555972,0.223546185,0.434830839,0.19294087,-0.049461378,0.072094787,0.009169029,0.020346083,-0.077619283,0.053286913,0.264327563,-0.113185992,-0.203397809,0.146134777,0.141544837,-0.11212359,0.126641001,0.052793604,0.219397021,-0.275151518,-0.16384222,0.009967971
KEGG_ALDOSTERONE_REGULATED_SODIUM_REABSORPTION,-0.120645397,0.239362067,-0.132236727,-0.151967083,0.389746564,-0.252851307,0.246672619,-0.08729439,0.185508728,-0.442968047,-0.281921278,-0.097733748,0.508345993,0.209820111,0.349925107,-0.318591393,0.393090126,-0.284525519,-0.398633555,-0.061779886,0.363777953,0.022496824,-0.394249401,-0.185218215,0.218513329,0.107236807,0.40260119,-0.108600393,-0.163043592,-0.0765401,0.034472511,-0.258026196,-0.218717882,0.125858168,0.066131325,-0.196207858,-0.353461588,-0.350894729,-0.304023985,0.503812073,0.178266644,-0.052954487,-0.236102617,-0.502381622,-0.467831728,-0.297264127,0.288642619,0.49872226,0.164046013,-0.07349214
KEGG_ALLOGRAFT_REJECTION,-0.17901637,-0.169956316,0.350126057,0.483517724,-0.588232735,0.518160701,-0.67174476,-0.093754522,-0.385017516,-0.013603891,0.180163537,-0.113418334,0.374453032,-0.522845752,0.725614693,-0.521707637,0.303533797,0.334119377,-0.738293659,0.643186217,-0.187438273,0.529209122,-0.104254581,-0.301704374,0.08037555,-0.229167113,0.45263915,0.572974622,0.71429513,0.613467426,0.61036717,-0.086773285,-0.463009536,-0.465765335,-0.06351267,0.607511076,0.55388219,0.261713333,0.308680784,0.444366998,0.163917223,-0.290592175,0.636636712,-0.610311388,-0.278563055,0.412016787,-0.421519961,0.648511337,0.576029131,0.336413967
KEGG_ALPHA_LINOLENIC_ACID_METABOLISM,-0.228278161,0.024446374,-0.553271747,-0.151238955,0.446649806,0.006829148,0.297244656,-0.330318907,0.436312621,-0.393077189,-0.297021415,0.174286921,-0.014683898,-0.077927312,0.265897707,-0.383479932,0.275077008,-0.198227175,-0.159322492,0.392956597,-0.160517958,0.146371025,-0.517441495,-0.420099852,0.039673588,0.212354291,0.30601126,-0.103804359,0.385311744,0.439886338,0.020860683,-0.221459538,-0.330150703,0.074339451,0.079569109,-0.206773122,-0.546760085,-0.409221106,-0.302254619,0.43255009,-0.091615538,-0.142215792,-0.379520309,-0.277404677,-0.212417126,-0.30495641,-0.489740947,0.192798626,0.309994763,0.46379815
KEGG_ALZHEIMERS_DISEASE,0.125252527,-0.191554421,0.086989986,-0.169407272,-0.194166966,0.2241197,0.206176007,0.375297364,-0.036648655,0.434132286,0.018976676,0.080104926,0.367927587,-0.393336594,-0.29963705,0.246281693,-0.040736777,0.494673896,0.327553582,0.178660339,-0.224913464,0.038587111,-0.05538465,-0.311539359,0.200714418,0.233392155,-0.188793244,-0.135185704,0.337511679,0.318356555,0.361697913,0.38409593,0.379335373,0.378383186,0.317748594,0.428340083,0.371607596,0.431216809,0.212098298,-0.149838327,0.211876252,0.488708134,0.323478959,0.053188927,0.365929101,0.400639549,-0.30715728,-0.286782088,-0.131306602,0.346877667
KEGG_AMINOACYL_TRNA_BIOSYNTHESIS,0.247471861,0.178298483,0.339109991,-0.416483215,0.205460465,0.072062411,0.187253101,0.287946146,0.074025511,0.087700789,-0.017074406,-0.156486566,-0.341942979,-0.391851809,-0.269966068,0.593801232,-0.351445989,0.022491088,0.158512445,0.253987639,0.173077729,-0.03728738,0.204968115,0.090595634,-0.378898801,0.009154218,-0.113621002,0.017167636,-0.337662847,-0.286934242,0.153467629,0.010133362,0.153438609,-0.074435538,0.414879545,-0.164553884,-0.124953636,-0.210081585,0.437895209,-0.437946934,-0.206811239,-0.156166002,0.164058577,0.550143733,-0.071923087,0.110776233,0.522134876,-0.514191933,-0.555187597,0.328837928
KEGG_AMINO_SUGAR_AND_NUCLEOTIDE_SUGAR_METABOLISM,0.202210741,-0.233607732,0.202932598,0.184470908,-0.049852799,0.369347883,0.00512585,0.336616681,0.139482864,0.274752631,0.283827338,0.045108488,0.317134817,-0.338028843,-0.041204478,0.088661998,0.125335202,0.338053645,-0.036039868,0.1150152,0.067948907,0.266476738,0.122222027,-0.07053864,-0.193631634,-0.036041401,0.238107836,0.233899007,0.354807149,0.212612278,0.392381192,0.316097627,0.145614257,0.481882738,0.289798782,0.24892251,0.250717983,-0.168479822,0.280293201,0.379248147,0.138801411,0.352767997,0.40272621,-0.265074707,0.067657502,0.466184641,-0.038341341,-0.391675908,-0.308103818,0.207321906
KEGG_AMYOTROPHIC_LATERAL_SCLEROSIS_ALS,-0.328286845,-0.05224661,0.104379129,-0.054559033,0.039783626,-0.007070936,-0.119191687,0.203549992,0.04276419,-0.059790901,0.14214185,0.149832752,0.29144021,0.246950545,0.07140441,0.115210734,0.148654745,0.331786967,0.031375405,0.157100384,0.177771792,0.122193108,0.007228894,-0.099371872,0.211518492,0.124047538,0.151210733,0.115229605,0.261500516,0.194071019,0.183456281,0.18591035,0.233176509,0.29653586,0.177155229,0.244582501,0.212674774,0.268799177,0.214276331,0.235830632,0.312190419,0.303036055,0.237453285,-0.069170328,0.250577179,0.188712324,-0.168339403,0.09523518,0.091936348,0.18212278
KEGG_ANTIGEN_PROCESSING_AND_PRESENTATION,0.021691999,-0.207231012,0.266121278,0.187092919,-0.472566132,0.467448622,-0.39873466,0.083231242,-0.272161318,0.112502369,0.008930856,0.002330042,0.251576809,-0.463778056,0.542411851,-0.269226153,0.25013539,0.283924959,-0.422690617,0.519492893,0.0468218,0.31384083,-0.100734811,-0.139501879,0.055373351,-0.071104596,0.307248317,0.490212276,0.477863301,0.336824423,0.505473191,-0.271576846,-0.257989394,-0.075813185,0.135193941,0.461196371,0.275656046,0.190015221,0.330968319,0.184156273,0.039057073,-0.123851794,0.491197332,-0.379066473,-0.229742115,0.053466662,-0.286544356,0.524819729,0.181810419,0.312251027
KEGG_APOPTOSIS,0.008276915,0.182177933,0.199405659,-0.008438733,0.108974825,0.021698279,-0.228092919,0.14695464,0.133827413,-0.173714637,0.081600832,-0.031406877,0.161147159,0.264669999,0.322653508,0.067579926,0.245251675,-0.034687008,-0.289701689,0.113067573,0.03099238,0.204539889,0.297513092,0.201282563,0.151634464,0.024744607,0.246069019,0.247877316,0.066956274,0.191396114,0.028429909,0.067270848,0.042794873,0.005541528,-0.047288664,0.068658512,0.22041918,-0.328569425,-0.101652524,0.299538928,0.052079634,-0.131156048,0.109400302,-0.128662601,-0.015555052,0.183978955,0.069101882,0.262847267,-0.010907725,0.201887657
KEGG_ARACHIDONIC_ACID_METABOLISM,-0.097937145,-0.178592808,-0.441452579,-0.196553154,0.278222577,0.327784734,0.040290458,-0.118685535,-0.020195973,-0.351125691,-0.291903749,-0.171474167,0.335145756,-0.022303538,0.143825812,-0.439554073,0.250260688,0.352919131,0.076663358,0.372719741,-0.255818255,0.032548131,-0.166265244,-0.538588102,0.002796544,-0.041499951,0.085939603,0.130001826,0.392135793,0.326555391,0.090685568,0.137533533,-0.019268476,0.134144731,0.322134606,0.258878282,-0.293664232,0.10025328,-0.206306333,0.265447121,0.180146832,0.152383312,-0.222836754,-0.462143654,0.092157303,-0.043737272,-0.404572432,0.238215545,0.499736691,0.434008419
KEGG_ARGININE_AND_PROLINE_METABOLISM,0.022772197,-0.181764209,0.058212285,-0.265022468,0.046598157,0.220550887,0.34531805,0.051100705,0.220258439,-0.035558504,0.067972785,-0.14740258,0.177406305,0.037632974,0.012718755,-0.12949628,0.260994499,0.27275354,0.335530956,0.387203288,0.097357822,0.152810516,-0.204425468,-0.342281103,0.081206754,0.356255644,0.045516317,-0.11143575,0.247412116,0.317080423,0.237309969,0.232018193,0.140961117,0.098653673,0.138161058,0.303451721,0.004495628,0.273750788,0.20593125,-0.092917763,0.242538435,0.381388009,0.200407174,-0.205042543,0.205790919,0.257690567,-0.036138208,-0.170125947,-0.132173689,0.478518845
KEGG_ARRHYTHMOGENIC_RIGHT_VENTRICULAR_CARDIOMYOPATHY_ARVC,-0.009877391,-0.08450897,0.275125909,0.289387086,-0.11259876,-0.421788159,-0.130508201,-0.11099442,-0.15166247,-0.482127849,-0.085262462,0.214423125,0.40129706,0.385842375,-0.039350104,-0.091674776,0.328155025,-0.034169988,-0.323503925,-0.387606334,0.165415223,0.002011279,-0.183254687,0.093967283,0.341993149,-0.201657703,0.232738527,0.23987591,-0.314653572,-0.455113923,-0.292873838,-0.31291314,0.174477031,-0.074402791,-0.337855379,-0.049751105,-0.035272,-0.335033968,-0.229504365,0.126753163,0.486053251,-0.247750853,0.186130178,-0.265543289,-0.108380032,-0.256093422,-0.014385829,0.400015734,0.409961399,-0.131051927
KEGG_ASCORBATE_AND_ALDARATE_METABOLISM,-0.357339682,-0.096389218,-0.450581616,-0.279684164,-0.171100643,0.595070106,0.069855397,0.131949063,0.49769941,0.105089338,-0.440112011,0.467458414,0.38086477,-0.600907232,0.4701851,-0.013299236,-0.07628011,0.551770006,-0.203732993,0.76939118,0.170844217,-0.022881735,-0.416744252,-0.454750019,-0.13879887,0.39130151,0.278230256,-0.036067834,0.406893793,0.148682582,0.235923415,0.375559721,0.495554132,0.379268957,0.457215344,0.450692395,-0.191633934,0.330376261,-0.093778785,-0.20861828,0.441407254,0.128846371,0.082569496,0.096364278,0.223688537,-0.230312228,-0.257939702,0.129847477,0.237856174,0.539456494
KEGG_ASTHMA,-0.10288136,0.408925232,-0.091201156,0.519723742,-0.54323213,0.569501218,-0.651828366,-0.435424504,-0.574679048,-0.158465263,0.191452837,-0.137513553,0.21925835,-0.262444612,0.645183972,-0.641768659,0.22630157,0.039121793,-0.694574602,0.498976327,-0.186143418,0.532145029,-0.208082944,-0.243781001,0.339421949,-0.341225246,0.170820337,0.526436078,0.738399534,0.720049676,0.379497792,0.115455978,-0.430213977,-0.258246876,-0.01759395,0.628869536,0.547448329,0.118630286,0.225260298,0.476014698,0.252131837,0.071862848,0.531315285,-0.527415897,-0.318572116,0.396065983,-0.416491018,0.694505131,0.572394321,0.509801891
KEGG_AUTOIMMUNE_THYROID_DISEASE,-0.202664164,-0.206736798,0.325284594,0.499457525,-0.682320916,0.546626525,-0.664168792,-0.011771647,-0.435944185,0.123462858,0.079312688,-0.052753244,0.394060713,-0.557749564,0.739074394,-0.51432671,0.339897575,0.458392275,-0.69793989,0.660663636,-0.152613134,0.52630866,-0.154418382,-0.18359282,0.166033181,-0.169851478,0.438329409,0.563016349,0.725994296,0.620464079,0.63275864,-0.108210965,-0.451919315,-0.429444302,-0.063121722,0.596101579,0.559273823,0.10336408,0.29735211,0.464790241,0.239772466,-0.302738081,0.690490161,-0.650310309,-0.319978148,0.37804849,-0.400600508,0.680944545,0.568583738,0.343070882
KEGG_AXON_GUIDANCE,-0.215334322,-0.019858725,0.308873138,0.278880757,0.040031511,-0.279467741,-0.131102355,0.045440224,0.231476991,-0.404992298,-0.062179447,0.081058405,0.293527201,0.352713595,0.040965988,-0.169461546,0.230224751,-0.15171837,-0.106691416,-0.25265568,0.267004449,0.027371333,0.11101518,0.048334105,0.222625223,-0.037976962,0.17151375,0.004454659,-0.308896226,-0.305776371,-0.213182121,-0.264989187,-0.063155503,-0.112405315,-0.27854538,-0.117827988,0.00556505,-0.357416741,-0.222705988,0.182792791,0.281220746,-0.099837759,0.163922693,-0.001699406,-0.275047305,-0.253716247,0.169865362,0.298253414,0.158659719,-0.008902474
KEGG_BASAL_CELL_CARCINOMA,-0.444563378,-0.08401179,-0.418916568,0.227043212,0.278894338,-0.32535714,-0.215139715,-0.373672317,-0.161331254,-0.466851276,-0.28860286,0.194215128,0.20782324,0.518010524,-0.082327861,-0.228881336,0.059595748,0.020987945,-0.233444781,-0.025259811,0.070371876,0.098160777,-0.355391664,-0.269170745,0.118376097,0.12265032,-0.124526102,-0.197541383,-0.396310681,-0.365584639,-0.417371858,-0.43227058,-0.1591666,-0.377077023,-0.005621645,-0.329826388,-0.317966587,0.026342595,-0.294094205,0.06745291,0.339082163,-0.074145041,-0.267773202,0.151211606,-0.255498069,-0.322824744,0.168868616,0.424400432,0.332666166,-0.007401275
KEGG_BASAL_TRANSCRIPTION_FACTORS,0.263606091,0.160005278,0.147688455,-0.356450852,0.19592423,-0.040669248,0.106319305,0.21247846,-0.025936357,0.324447677,-0.016475326,-0.036382939,-0.323445472,-0.283703011,-0.222187621,0.471241274,-0.218779484,-0.15388698,0.327597603,-0.314375419,-0.156949168,-0.072990252,-0.129957942,0.378433675,-0.108259512,-0.057358319,-0.253891917,-0.049177817,0.028255242,0.417965615,-0.009669819,0.181919269,0.147402207,-0.102490414,0.113973769,0.019298628,0.259250058,0.184152204,0.456812625,-0.295630247,-0.153490664,-0.060335948,-0.196642194,0.438659394,0.350809759,0.109351502,0.154860242,-0.192508279,-0.50726794,0.195172835
KEGG_BASE_EXCISION_REPAIR,0.337763409,0.012568376,0.475153807,-0.415206358,-0.299792193,0.407631366,0.49244215,0.353739306,-0.176395556,0.554290383,0.199710991,-0.071587097,-0.329907299,-0.255498734,-0.407833497,0.337832078,-0.416217748,0.186130808,0.186581192,0.22497929,0.100607226,0.21372746,0.168483729,-0.079423443,-0.125207599,-0.067080958,-0.272073829,0.182112865,0.107546718,0.051268378,0.283375391,0.326632377,0.343534138,0.046868262,0.037815552,-0.064400163,0.188263231,0.211965225,0.469578396,-0.529646363,-0.282838209,0.332273798,0.187537546,0.450745857,0.492114504,0.335070142,-0.308718021,-0.460123723,-0.294612967,-0.060269223
KEGG_BETA_ALANINE_METABOLISM,0.060366406,-0.090147523,-0.141694555,-0.388178043,0.127110215,0.109105629,-0.233289827,0.167167077,0.273600367,0.159306755,-0.424251873,0.108016024,0.059488757,0.149638038,0.168827281,-0.00745346,-0.051193889,0.201271644,0.137239744,0.3300828,0.463486257,0.291833845,-0.116396822,-0.118853408,-0.078814453,0.061186325,0.017231631,-0.234897093,-0.119414911,0.124532528,-0.118845994,-0.081413698,-0.00686462,0.071719421,0.279986436,-0.107415833,-0.300581914,0.170715436,0.213010244,0.22107433,0.185427174,0.297937968,-0.103899107,-0.090632781,0.02445655,-0.052109249,0.115495364,-0.151311103,-0.218163381,0.430711768
KEGG_BIOSYNTHESIS_OF_UNSATURATED_FATTY_ACIDS,0.105931823,-0.209171093,0.121870832,0.038724652,-0.331637375,0.259041329,0.377686811,0.10483626,-0.054114949,0.397320535,-0.257932836,0.123699205,0.22654067,-0.106352975,0.086057086,0.486297217,-0.064842655,-0.165383836,0.068427157,-0.173282683,0.197602034,0.38700233,0.071633116,-0.140147462,-0.055645787,0.138784217,0.099117959,0.014285398,0.210143538,0.193580137,-0.008712341,0.252188197,0.398964838,0.354066147,-0.076190074,0.127221695,0.147305096,0.242513595,0.047047322,0.485631775,0.061695623,0.444608079,0.279180186,-0.157974442,0.325838776,0.377687571,-0.530611132,0.115470164,-0.225868561,0.245373914
KEGG_BLADDER_CANCER,0.060241839,0.060238565,0.263186856,0.365085824,-0.115044396,-0.122884153,0.275862223,0.082236058,-0.022398686,-0.057629738,0.082574349,0.01000591,0.072494923,0.185934337,0.010058479,-0.143083036,0.243224158,-0.009325618,0.127018621,-0.151774938,-0.079168293,0.131653846,0.106473952,0.177516401,0.262513434,0.118439463,-0.0257429,-0.075501452,-0.213327812,-0.213998586,-0.13802802,-0.08023208,-0.000934645,-0.037229583,-0.126652916,-0.024853245,-0.029558091,-0.265648479,0.152986185,0.297705655,0.095199609,0.148479168,0.169563528,-0.045019558,-0.142044925,0.049977396,-0.120444843,0.210184575,-0.071277343,-0.256681425
KEGG_BUTANOATE_METABOLISM,0.078186157,-0.270716286,-0.278425749,-0.317989019,0.323955249,0.281377728,-0.148176163,-0.295466023,0.387510867,0.416937952,-0.499294042,0.171138058,0.189723861,-0.221850541,0.33221709,0.056582,-0.330306544,0.14845544,-0.142549715,0.553323294,0.361469097,0.362826105,0.031910072,-0.230424635,-0.218117554,0.032143928,0.191062821,-0.132632712,0.217320544,0.386077546,0.28562473,0.280301256,0.364606609,0.298588482,0.251516209,-0.058671348,-0.306582738,0.290543004,-0.081247808,0.204871897,-0.13143855,0.384625121,-0.124272942,0.159794726,0.162882919,0.008617195,-0.327649162,-0.275872772,-0.129566767,0.55920162
KEGG_B_CELL_RECEPTOR_SIGNALING_PATHWAY,-0.143509884,0.28919434,0.114568267,0.348791646,-0.049595603,0.022333728,-0.172891615,-0.122952173,-0.116372113,-0.213953685,0.210336267,0.02645783,0.215569403,0.145224352,0.316688047,-0.357026066,0.373472138,-0.084131712,-0.324238829,0.090525312,0.13686936,0.117979441,0.021719155,0.158948358,0.031015037,0.003336179,0.328205033,0.237981671,0.029328279,-0.108114476,0.039551932,-0.253800517,-0.181571664,0.03877451,-0.32664372,0.093005237,0.222581831,-0.360353948,-0.063689906,0.342814106,0.157019045,-0.247063516,0.220348984,-0.135469491,-0.202793049,-0.124533203,-0.123411637,0.548129494,0.120458218,-0.136084143
KEGG_CALCIUM_SIGNALING_PATHWAY,-0.26386053,-0.005810199,-0.143334976,0.089743287,0.096241902,-0.210621912,-0.039448081,-0.348281018,0.034531149,-0.345075448,0.010084477,-0.203181928,0.172680445,0.214529321,0.078132351,-0.174996507,0.397921895,-0.042367047,-0.19512179,-0.061273169,0.117466111,-0.044960967,-0.176335102,-0.272124669,0.191470331,0.143103349,0.11743795,0.079285774,0.019969723,-0.085815364,-0.138838846,-0.260579815,-0.164212789,0.034336002,-0.194588387,-0.017598998,-0.128298736,-0.152214416,-0.138187784,0.346832118,0.314366278,0.008758407,0.167050134,-0.361277207,-0.127014505,-0.111553628,-0.121432024,0.35064748,0.236839387,-0.098604883
KEGG_CARDIAC_MUSCLE_CONTRACTION,0.033144338,-0.280889489,-0.062400689,0.055547516,-0.127132366,-0.125870203,0.018166757,0.136650085,0.050890281,0.151295879,-0.024858121,-0.083484652,0.415548789,-0.179585944,-0.357890474,-0.091670116,0.119778989,0.418312472,0.354782469,0.13556363,-0.25804922,-0.147734783,-0.173263617,-0.417064552,0.29467809,0.033972065,-0.20450515,-0.055529337,0.343968533,0.238171595,0.250410667,0.319020511,0.367586339,0.309240946,0.26140213,0.46331931,0.091829106,0.395898384,-0.056904029,0.17411011,0.336662662,0.419498942,0.217889575,-0.127561315,0.295910095,0.281087776,-0.387313498,-0.055241283,0.259368822,0.289103258
KEGG_CELL_ADHESION_MOLECULES_CAMS,-0.212036824,0.10789163,-0.042288422,0.401384255,-0.297211781,0.031746616,-0.339770015,-0.262491189,-0.312886347,-0.348133355,-0.110300243,0.086619256,0.30070722,-0.073206374,0.334738661,-0.395963685,0.388619691,0.064575924,-0.385470195,0.183337667,0.12311671,0.116422616,-0.164919241,-0.268111284,0.398300258,0.174754644,0.232699572,0.306065486,0.332450666,0.240652919,0.280368666,-0.277729842,-0.251713449,-0.052007072,-0.296037102,0.351573768,0.143175742,-0.118138374,-0.143448485,0.406868547,0.40225706,-0.150201377,0.392405647,-0.452461814,-0.320691386,0.037945526,-0.15071496,0.580503888,0.40729443,0.154500087
KEGG_CELL_CYCLE,-0.025977584,-0.270647563,0.362967647,-0.162160878,-0.420753686,0.128652654,0.259477031,0.353123126,-0.053921033,0.402880939,0.233291762,-0.138569167,-0.322017044,-0.299859816,-0.214302045,0.409190835,-0.252748,0.0653706,0.33963977,-0.120625788,0.098215547,0.108114486,0.072838718,0.36589592,-0.186145639,0.02985083,-0.08779935,0.242375584,0.04718481,-0.261140792,0.201162072,0.162792835,0.045823214,-0.32461684,-0.450098396,0.214472588,0.300413964,0.35509034,0.426173538,-0.426791595,-0.247718517,0.050248713,0.269139534,0.38997568,0.363300007,0.282886103,-0.207535267,-0.228583721,-0.457488027,-0.345207487
KEGG_CHEMOKINE_SIGNALING_PATHWAY,-0.226534375,0.025127523,0.209699166,0.299818008,-0.036050348,0.124296926,-0.060725031,-0.093654621,-0.198652991,-0.242355461,0.246575097,0.070021493,0.294226234,-0.028016464,0.298093023,-0.226723946,0.486311904,0.143398383,-0.240214127,-0.012513256,0.196307217,0.092267514,-0.100521869,0.175408478,0.195047387,0.169769107,0.348400603,0.266395088,0.254441477,0.004889296,0.259483659,-0.142686471,-0.218022131,-0.187526995,-0.240052335,0.258417881,0.298625094,-0.217019792,0.055442098,0.379377619,0.216191254,-0.184581488,0.340529447,-0.320909721,0.007420993,0.106123336,-0.275856019,0.484554411,0.248587735,-0.110340303
KEGG_CHRONIC_MYELOID_LEUKEMIA,-0.114436483,0.258285401,0.235578419,0.17833993,0.169432066,0.075903624,0.067276514,0.172509803,0.164489106,-0.071574647,0.061217908,0.069900017,0.164860547,0.213380771,0.261736364,0.187923683,0.184767463,-0.207168821,-0.08496537,-0.187432636,0.186220765,0.09713838,0.203235125,0.374840095,0.030503155,0.155833574,0.344611126,0.092255267,-0.365354473,-0.389375934,-0.193943422,-0.259146426,-0.121635896,-0.166522255,-0.30589247,-0.242573286,-0.06319782,-0.452139674,-0.002220171,0.334864668,0.194456422,-0.056091107,0.082089082,0.064143224,-0.212000188,-0.206682476,0.090368062,0.2740675,-0.289002878,-0.224087675
KEGG_CIRCADIAN_RHYTHM_MAMMAL,0.333336939,0.062570952,0.027629171,0.218772849,0.178076644,-0.419859644,-0.183593815,0.312654279,0.151616074,-0.038557613,-0.042355461,-0.003456072,-0.032651266,0.161220244,0.458753831,0.038799324,-0.160725195,-0.160344187,-0.396914271,-0.359619822,-0.241764025,-0.016402091,0.025379565,0.079809954,-0.516760097,-0.312218433,0.34441758,-0.17387465,-0.534733867,-0.432062298,-0.132958679,-0.567627256,-0.041987837,-0.209689825,-0.356355914,-0.485089347,-0.470101484,-0.686751958,-0.639757568,-0.060938074,-0.33105551,-0.408716664,-0.208369202,-0.089090455,-0.218638253,-0.451327029,0.275005339,0.17338219,0.132809168,-0.276107536
KEGG_CITRATE_CYCLE_TCA_CYCLE,0.197418101,0.179730722,0.356240171,0.006972579,0.292414345,0.565702557,0.331235655,0.342970173,0.3880676,0.618322802,-0.018111429,0.168317897,0.130769678,-0.31280743,0.218681996,0.402154767,0.002012341,0.620192555,0.177375122,0.290420051,0.418647486,0.259157653,0.004424679,-0.129890618,0.070712179,0.311127493,-0.107172855,0.364311055,0.14983884,0.244817727,0.55055306,0.122550645,0.355055694,0.348390396,0.241201586,0.094977352,0.171665527,0.065742787,0.432544109,0.071942697,-0.057658547,0.423835266,0.415147537,0.324999362,0.265373158,0.439127214,-0.069633447,-0.47856381,-0.639598718,0.518595501
KEGG_COLORECTAL_CANCER,0.130725793,0.290231257,0.239874755,-0.186341558,0.194063743,-0.072326795,-0.04507968,0.06385541,0.113522496,-0.268615238,-0.06883429,0.166097705,0.151694001,0.272192333,0.211515625,0.11367233,0.244901172,-0.12783742,-0.188547982,-0.173343467,0.279149539,0.264058886,-0.003834975,0.181255726,0.126261318,0.067999683,0.299490868,0.057393921,-0.29969017,-0.166572177,-0.205947806,-0.178222191,-0.095564363,-0.189506951,-0.172544055,-0.121426495,0.04234895,-0.345209511,-0.011802313,0.237458302,0.283356051,0.077518722,0.110313714,-0.027386582,-0.183546623,-0.019889931,0.020121622,0.329236303,-0.227239146,-0.050203588
KEGG_COMPLEMENT_AND_COAGULATION_CASCADES,-0.151967473,-0.359998399,-0.125604697,0.047533933,0.262878071,-0.058495987,0.159608482,0.093908012,0.117574045,-0.264075995,-0.274314982,0.040373437,0.433575538,-0.162777201,0.047799302,-0.274623868,0.47623296,0.222315403,0.114058251,0.200546119,0.059552672,0.034147536,0.060786213,-0.462312304,0.213084587,0.084514479,0.149257778,0.056138114,0.490601768,0.056114568,0.432231888,-0.217151631,-0.128422362,0.135316118,0.059346727,0.294967467,-0.127998267,-0.119256786,-0.141201196,0.546011678,0.43552889,-0.303421895,0.235437519,-0.637902288,-0.06744889,0.014696534,-0.157977108,0.566133576,0.55040829,0.249711267
KEGG_CYSTEINE_AND_METHIONINE_METABOLISM,0.006214611,0.024892224,0.239696648,-0.466239694,-0.213275471,0.032731533,0.293681013,0.141535823,0.030690239,0.328598582,0.101629344,0.006865175,-0.147752035,-0.285407843,0.236438007,0.499344384,0.040967507,0.229353046,0.103735699,0.238114314,0.229415609,0.143463259,-0.230810104,-0.194964915,-0.26105857,0.14039733,-0.161508013,-0.164720642,0.212789556,0.148751106,0.220195988,0.331345842,-0.055834407,-0.020690867,0.383829844,0.157297217,0.176411292,0.079314938,0.451340539,0.132931572,-0.105406482,0.057775131,0.175597262,0.246938267,0.346195285,0.357178869,-0.101746759,-0.340487149,-0.415393008,-0.118078924
KEGG_CYTOKINE_CYTOKINE_RECEPTOR_INTERACTION,-0.136149609,-0.172484877,0.000961741,0.380750308,-0.220291344,0.157451745,-0.225746774,-0.034667257,-0.308020984,-0.333224394,0.304600848,-0.052729604,0.261375568,-0.049411431,0.270235832,-0.268270991,0.46932992,0.340381142,-0.268052658,0.011828777,-0.261133783,0.187444361,0.009173097,-0.248144542,0.27791549,0.004684047,0.137574032,0.406207367,0.440703538,0.236260009,0.308624848,0.023532099,-0.153481668,-0.218356411,-0.133297637,0.46648812,0.374565617,0.004779674,-0.018493149,0.364024037,0.240953034,-0.244199053,0.4169043,-0.427793358,0.003260195,0.26774517,-0.317884268,0.5250728,0.536065754,0.034191172
KEGG_CYTOSOLIC_DNA_SENSING_PATHWAY,0.102458029,0.101126401,0.162901125,0.139230886,-0.150120192,0.266700228,-0.055916472,0.17877686,-0.272428101,-0.002272583,0.341709523,-0.011440985,-0.028261674,0.034927018,0.155096401,0.084416762,0.102711915,0.321543227,-0.389447909,0.144478687,-0.24791673,0.186238515,-0.196694147,-0.020470522,-0.058233266,0.088445658,0.077450788,0.394467901,0.355344001,0.082499018,0.246577038,0.035705724,-0.159778374,-0.011491587,0.102453982,0.256208106,0.412076842,-0.101462605,0.437525509,-0.053888131,-0.311103797,-0.150573784,0.132463503,-0.023294301,0.203758786,-0.089676432,-0.205542056,0.060602493,0.092136978,0.032372853
KEGG_DILATED_CARDIOMYOPATHY,-0.027639451,-0.1040249,0.202247491,0.288577354,0.020469422,-0.358972845,-0.207418085,-0.240710098,-0.16975837,-0.440433973,-0.07411768,0.120257727,0.265510458,0.481135654,0.139783805,-0.207818577,0.354563734,-0.164311427,-0.288290564,-0.300630494,0.190882632,0.071849256,-0.133199357,-0.074719223,0.465216911,-0.070888555,0.038032881,0.304517765,-0.184510723,-0.313233367,-0.217917477,-0.212373874,0.067889514,-0.10705338,-0.308393906,0.071225279,-0.10081486,-0.27041478,-0.171503298,0.375698289,0.484407777,-0.007974896,0.133948599,-0.287777589,-0.070751197,-0.147675635,-0.027579542,0.422803461,0.377191982,-0.082080816
KEGG_DNA_REPLICATION,0.406319937,-0.489851979,0.526215657,-0.305605857,-0.528062049,0.451022942,0.494385555,0.359694771,-0.265331853,0.648878615,0.380416496,-0.034501771,-0.572086295,-0.482698624,-0.227678312,0.532465654,-0.624829535,0.138697583,0.346423072,0.022065173,0.229888772,0.284080732,0.166611932,-0.023696674,-0.384281233,0.035619968,-0.371027175,0.274813285,0.146307328,-0.018748123,0.559231579,0.342543623,0.292714278,-0.044965803,-0.466900618,0.400358754,0.302369824,0.457387317,0.602876767,-0.672638381,-0.412764896,0.404978216,0.428580169,0.446527897,0.661550591,0.56420523,-0.22455757,-0.44597515,-0.56961682,-0.35346513
KEGG_DORSO_VENTRAL_AXIS_FORMATION,0.039381797,0.235417123,-0.079238344,-0.051389512,0.231319419,-0.269987931,-0.220870615,0.110009791,0.276744397,-0.103866799,0.243381685,-0.035601066,-0.040177863,0.09976948,0.179202449,-0.144397041,0.475047458,-0.128936322,-0.185721728,0.01326076,0.137880652,0.159509957,-0.194480703,0.025342529,-0.128498623,-0.05624057,0.426860918,-0.205407357,-0.454618076,-0.462626531,-0.171587238,-0.55805791,-0.197684206,0.109095691,-0.505778776,-0.409207996,-0.311477176,-0.633970648,-0.36089053,0.375170743,-0.020235838,-0.401402771,-0.259714042,-0.272966017,-0.422560999,-0.269466849,0.302520792,0.316514401,-0.303433363,-0.600686348
KEGG_DRUG_METABOLISM_CYTOCHROME_P450,-0.460275013,-0.145628237,-0.425667173,-0.004563152,0.19708144,0.450754812,-0.220066149,-0.159023716,0.303346885,-0.123863099,-0.535863001,0.221545553,0.47833854,-0.495778552,0.278057017,-0.380208425,-0.056759816,0.397979297,0.126609029,0.526037332,-0.019270787,-0.156776053,-0.152268473,-0.620752544,-0.09403213,-0.21361174,0.30672278,0.20726623,0.524974114,0.35605051,0.416159902,0.283568164,0.468516513,0.044876182,0.328626277,0.389301133,-0.088945449,0.546235453,-0.293299778,0.264292586,0.404872025,0.243127627,-0.142532794,-0.228841578,0.335145296,0.298910975,-0.374955486,0.16454642,0.600455354,0.458381929
KEGG_DRUG_METABOLISM_OTHER_ENZYMES,-0.117293839,-0.330755116,0.032191834,0.143999054,-0.288214776,0.414762124,0.149468516,0.390338306,0.335597474,0.268653269,-0.027101107,0.348521367,0.502777393,-0.184975871,0.089424373,-0.210057337,-0.234058706,0.305401227,0.122627248,0.372405953,-0.041023412,-0.273471792,0.060557004,-0.393950639,-0.177838621,-0.11086509,0.414716337,0.081431927,0.18064747,0.085133915,0.295889815,0.361645878,0.412653595,0.144898258,0.077995318,0.410409157,0.08550545,0.323031523,0.343936128,0.037124664,0.341307307,0.254264312,0.383712762,-0.050077428,0.37160657,0.143654589,0.027801016,-0.096135415,0.339709253,0.170097808
KEGG_ECM_RECEPTOR_INTERACTION,-0.053806615,-0.318162211,0.166084934,0.489448122,-0.327260094,-0.383512227,-0.176296731,0.040589742,-0.239667564,-0.464365041,-0.172930936,0.089579747,0.193397747,0.378867329,-0.022914261,-0.246951304,0.485267422,-0.060775834,-0.185963517,-0.56851765,0.145646996,0.04470293,-0.142337203,-0.14030088,0.404094938,-0.14977115,-0.206102296,0.258196756,-0.244615755,-0.473565596,-0.200096384,-0.233817896,-0.108203063,-0.071211898,-0.474893217,0.020622647,-0.06305861,-0.274509112,-0.229967463,0.454377803,0.608974018,-0.100353679,0.32052546,-0.290121449,-0.445222042,-0.120370924,0.345869729,0.369485832,0.228301831,-0.400441386
KEGG_ENDOCYTOSIS,-0.028819753,0.253010051,0.173325214,0.135526145,0.106034467,0.1013462,0.032476564,-0.033588917,0.144268908,-0.153245466,-0.018766164,0.070123381,0.328706344,0.073125322,0.070970956,-0.108421907,0.179684121,-0.101921203,-0.16032276,-0.041200633,0.275099687,0.246927127,0.109877563,0.251132407,0.079025635,0.189936441,0.388874443,0.044634659,-0.314576177,-0.21644161,0.025007251,-0.346918039,0.03448466,0.077071774,-0.153373559,-0.184789994,-0.109708007,-0.321452109,-0.023913994,0.322200113,0.039855821,-0.047669018,0.156910433,-0.123266174,-0.147135296,-0.137015711,0.079445108,0.135748184,0.074069623,-0.050561862
KEGG_ENDOMETRIAL_CANCER,0.143384047,0.401309136,0.140540963,-0.146365709,0.268968216,-0.099782305,-0.041136055,-0.014341863,0.141338076,-0.16244936,-0.231016207,0.277129877,0.12821514,0.163110406,0.305275395,0.068349638,0.253433001,-0.258003988,-0.248929147,-0.070650377,0.362667551,0.205448498,0.154327886,0.296245803,-0.098491285,-0.002462367,0.358621567,-0.259710951,-0.462272789,-0.301475841,-0.331095623,-0.409338764,-0.265761411,-0.115434862,-0.22068562,-0.356467349,-0.166769549,-0.475445603,-0.080757449,0.263084433,0.233256634,-0.108323374,-0.051810618,0.022707731,-0.343798413,-0.262914496,0.27902203,0.342495226,-0.340884575,-0.250599813
KEGG_EPITHELIAL_CELL_SIGNALING_IN_HELICOBACTER_PYLORI_INFECTION,0.126787129,0.087346191,0.039475996,0.240633793,0.055949115,0.183425418,0.014868927,0.085198457,0.13406818,0.036754766,0.158505362,0.213326024,0.257584267,-0.081431855,-0.007261458,-0.085778332,0.172842255,0.037600053,0.052682994,-0.139170452,0.153921808,0.115470549,0.074323005,0.193091372,0.207168976,0.176532384,0.292241648,0.162526915,0.044558043,0.128779772,0.225947827,0.124320192,-0.113335456,0.118573438,-0.109181875,0.163991766,0.114741896,-0.07388385,-0.013942261,0.447412969,0.028003723,0.191586813,0.277040329,-0.380373526,0.084401712,0.177433549,-0.138802693,0.217984746,-0.14356676,0.197730626
KEGG_ERBB_SIGNALING_PATHWAY,0.014662705,0.321798447,0.280044537,-0.082711583,0.120892159,-0.106747036,-0.135821675,-0.002537471,0.124773993,-0.184457795,0.134013311,-0.016393633,0.128075108,0.037020074,0.2648186,0.053783928,0.177139158,-0.164712473,-0.096694716,-0.099040966,0.11650331,0.018157079,0.142887089,0.33056924,-0.135515174,0.035860285,0.294847045,-0.0441051,-0.374457676,-0.313420163,-0.221618305,-0.297864895,-0.099986038,-0.136407738,-0.305018109,-0.114357141,-0.120054188,-0.380940952,-0.101270381,0.319827311,0.005190806,-0.038285187,0.125871127,-0.092113206,-0.264460142,-0.128090337,0.057835815,0.292147247,-0.244976215,-0.262342152
KEGG_ETHER_LIPID_METABOLISM,-0.097548066,-0.033361217,0.013293119,-0.029016707,0.292664164,0.18375746,0.157368783,-0.092227373,0.213665812,-0.250770766,-0.283767599,0.12346694,0.32441419,0.135851119,0.210807493,-0.221047404,0.220622344,-0.00748354,-0.070037928,0.137389057,0.107649092,0.123387075,-0.464840394,-0.318566928,0.168087411,0.217909173,0.209864292,0.223375845,0.21664262,0.091568087,0.290077753,-0.250703839,-0.094257878,0.265660599,0.171341025,-0.136235506,-0.395159909,-0.043408273,-0.047833653,0.201706044,0.180307139,-0.116054119,-0.165922502,-0.35383949,-0.13181209,-0.051121677,-0.29881458,0.225101082,0.38294257,0.377562505
KEGG_FATTY_ACID_METABOLISM,0.101933778,0.04654159,-0.180108507,-0.443745342,0.40605893,0.426173312,-0.253427467,-0.048898024,0.452519636,0.367699085,-0.418110116,0.274332423,0.425028189,-0.298628583,0.170764053,-0.053940347,-0.303068902,0.322099579,0.087835738,0.565889025,0.399588664,0.280959603,-0.122008932,-0.271602614,-0.279821101,0.150587827,0.106995596,-0.037193592,0.264446624,0.403031265,0.35448369,0.269275665,0.401958229,0.175779397,0.464220197,0.079065429,-0.213917092,0.220640936,0.104863523,0.406012135,-0.007628701,0.366534416,-0.167116381,-0.180194669,0.079107708,0.228888526,-0.270054435,-0.290899479,-0.050226866,0.582419071
KEGG_FC_EPSILON_RI_SIGNALING_PATHWAY,-0.016854005,0.33167422,-0.0012671,0.023676812,0.272354119,-0.005739368,-0.018958744,-0.136767793,0.104662797,-0.345424114,0.123053594,0.020264014,0.141217049,0.24326209,0.306756278,-0.273872071,0.347622045,-0.149677611,-0.241216717,0.087956662,0.138554925,0.158518046,-0.150983335,0.081521342,0.22484898,-0.046921331,0.326902406,0.1389933,0.029932541,-0.006149588,0.020241488,-0.258881104,-0.350019585,-0.041471395,-0.08416788,-0.025533402,-0.115513021,-0.363371797,-0.050879098,0.454672592,0.092695281,-0.163564289,0.00366357,-0.212597225,-0.345679005,-0.093538259,-0.230542411,0.402871981,0.084868093,-0.166254789
KEGG_FC_GAMMA_R_MEDIATED_PHAGOCYTOSIS,-0.122296338,0.086911014,0.090395045,0.203667244,0.09718739,0.053058848,-0.077379609,-0.021868341,-0.165209979,-0.261968637,0.165513814,0.207434868,0.291187098,0.328697658,0.262093257,-0.280332739,0.26745678,-0.243143461,-0.158908647,-0.104229167,0.241595152,0.150791627,-0.182929624,0.19798216,0.173132854,0.046981222,0.349587095,0.294644398,-0.099495545,-0.131702893,0.045350204,-0.170396919,-0.026791817,0.123647295,-0.419540691,0.055541388,0.049837101,-0.236164134,-0.006289832,0.418194874,0.265985897,-0.03371455,0.220670339,-0.170388173,-0.068314678,-0.119588798,-0.074941064,0.384410028,0.028359138,-0.1735266
KEGG_FOCAL_ADHESION,-0.058287298,-0.037933465,0.273180827,0.308631345,-0.105399666,-0.357728918,-0.188934271,0.025790362,-0.019297231,-0.41088686,-0.077381571,0.143294961,0.229904657,0.346914396,0.057468546,-0.062849024,0.411431326,-0.224723422,-0.243982141,-0.426366288,0.195089609,0.082245965,0.008204942,0.110122105,0.35662312,-0.084782494,0.067963561,0.203785817,-0.341188444,-0.380650016,-0.180033905,-0.300689366,-0.093776677,-0.039952675,-0.368164199,-0.037201178,0.012197173,-0.373238627,-0.214187271,0.395173161,0.480172606,-0.074693649,0.312498165,-0.287766049,-0.287744937,-0.115492481,0.283464799,0.348886648,0.033129169,-0.279144478
KEGG_FOLATE_BIOSYNTHESIS,-0.127307151,-0.232785637,0.107992429,-0.044097468,0.618133636,0.280253691,-0.092405098,0.396635932,0.52311211,0.327832503,-0.399809964,-0.469648347,0.453566503,-0.015116042,-0.458118011,0.130077631,-0.485638651,0.472586488,0.387698022,0.265221671,-0.291786634,-0.208604312,-0.303827609,-0.499287631,0.507600268,0.366746234,-0.07827898,0.100391599,0.467845548,0.506496079,0.263229253,0.105636931,0.337639697,0.348865506,0.623075916,0.348544628,-0.046059071,0.240107848,0.30567243,0.285952348,-0.303683651,-0.000819584,0.128706075,0.20499519,0.256528199,0.304333978,-0.290235182,-0.008657433,-0.364008434,0.627585853
KEGG_FRUCTOSE_AND_MANNOSE_METABOLISM,0.379136481,-0.030203416,-0.06726734,-0.034554058,0.041514907,0.266052211,0.400180717,0.20932501,0.005140096,0.109045333,0.48410809,0.26250802,0.154479896,-0.325173098,-0.082657958,-0.026804299,-0.163265098,0.177610564,0.094683772,0.278193992,0.074081283,0.370183927,0.328951999,-0.157352224,-0.30391147,0.109502794,0.163247569,0.107127712,0.050641113,0.023571328,-0.007938899,0.374038449,0.393116925,0.285404222,-0.037425928,0.249654568,-0.000845354,0.074145611,0.087711779,0.206935418,0.085013407,0.149098789,0.432397641,-0.084277083,0.224251261,0.187581997,-0.196148871,-0.364173621,-0.083663713,0.055494734
KEGG_GALACTOSE_METABOLISM,0.432333142,-0.4972943,0.292457026,0.242821203,0.06068524,0.504402729,0.379519873,0.366158272,-0.230766992,0.025048088,0.437503697,0.219849943,0.341488845,-0.324564829,-0.217289409,0.408718147,-0.369672498,0.441757568,0.239746873,-0.068701521,0.116092553,0.395101748,0.45824496,-0.035203307,-0.138066413,0.072119396,0.18524309,0.440159937,-0.15417439,0.007645075,0.105532632,0.273668611,0.02773161,0.29412834,-0.313475103,0.263088453,0.392721885,-0.181472796,0.339373866,0.292915985,0.053661919,0.247598046,0.559579717,-0.102270609,-0.073748044,0.326647126,-0.171528019,-0.354439892,-0.401634995,0.065446197
KEGG_GAP_JUNCTION,-0.112866082,0.09327965,0.141362226,0.192372291,0.170670139,-0.019863082,0.000410625,-0.177351529,0.157297542,-0.135358118,-0.12027535,0.164253955,0.172277301,0.341289689,0.119421775,-0.046170479,0.357436735,-0.184607346,-0.127786718,-0.226164237,0.154044622,0.034326534,-0.026673489,0.200234815,0.177431779,0.130437858,0.219112455,-0.14258316,-0.312134396,-0.347617841,-0.156871434,-0.311047415,-0.119995528,0.040382404,-0.248414363,-0.062989741,-0.004061902,-0.336066015,-0.169476735,0.372321442,0.322183234,0.043285714,0.25558637,-0.126462004,-0.223940196,-0.204487654,0.140791846,0.35641237,-0.233610447,-0.312238929
KEGG_GLIOMA,-0.154734363,0.235640322,0.09647499,0.295361421,0.015059157,-0.119604826,0.03732978,-0.036916639,0.161345357,-0.112472719,-0.073263862,0.109677899,0.068219606,0.140581534,0.114684364,0.052376074,0.26606815,-0.234523172,-0.057819405,-0.167968191,0.168159766,-0.039180315,0.086853946,0.199561621,0.013976821,0.075586168,0.262581075,0.007402121,-0.326328836,-0.319953199,-0.160781891,-0.272737596,-0.185004603,-0.168923645,-0.257974277,-0.111137315,-0.112303674,-0.357145886,0.049440308,0.36357013,0.253990872,0.088689661,0.021617257,-0.15005358,-0.273533157,-0.167570271,0.175532015,0.337282695,-0.23468836,-0.29023518
KEGG_GLUTATHIONE_METABOLISM,-0.220441751,-0.277493255,-0.274657743,0.045939887,0.181299688,0.519503585,-0.083647263,0.058801773,-0.338104411,0.262967064,-0.163634754,0.165577367,0.239577904,-0.399862679,-0.068987562,-0.004304419,-0.090948727,0.55498934,0.278507049,0.233375222,-0.039509004,0.092207872,-0.022168788,-0.499826137,-0.214460254,-0.041836552,-0.132753477,0.153502964,0.423995276,0.269722074,0.309362147,0.533515133,0.127158494,-0.042066053,0.347725363,0.339273412,0.119517299,0.474170781,0.066478462,0.13540927,0.261205662,0.426422766,0.171238735,-0.247289364,0.415890976,0.418557966,-0.319056388,-0.189385121,-0.001726501,0.492790449
KEGG_GLYCEROLIPID_METABOLISM,0.262859741,0.026512804,-0.264560717,-0.319369482,0.222813034,0.352368362,-0.090030527,-0.07904863,0.13424072,0.152789041,-0.068367169,-0.168941678,0.140896988,-0.258640791,-0.079460774,-0.155132253,-0.170741579,-0.202697915,-0.085469178,0.184114175,-0.021135115,0.004564694,-0.18511258,-0.138287418,0.033050877,0.2021462,0.304454569,0.09621968,-0.164835603,-0.176710809,-0.163466668,0.003704247,0.074680577,0.114256975,0.034533163,-0.158903963,-0.281644014,-0.10807872,0.00566154,0.234099202,-0.122408671,0.105561005,0.011554928,-0.159543507,-0.102038671,-0.130131924,-0.116989729,-0.047239756,0.045577737,0.312791655
KEGG_GLYCEROPHOSPHOLIPID_METABOLISM,0.102579643,0.100060872,-0.24041687,-0.195453865,0.329741533,0.251358323,0.043320681,-0.049017435,0.004537397,-0.087557982,-0.154136585,-0.116927192,0.100164157,0.114400931,0.07650416,-0.135270406,-0.158157968,-0.18213382,-0.017947432,0.130278094,-0.039904318,-0.074622764,-0.207994679,-0.191310987,0.160334027,0.145165257,0.365295787,-0.005340639,-0.091513571,-0.104785229,-0.129537893,-0.026808044,-0.003999616,0.073419831,-0.109490015,-0.240835452,-0.251301625,-0.107271954,-0.060233601,0.279423406,-0.182631856,-0.003701822,-0.122931477,-0.213177118,-0.120007709,-0.130226244,-0.119825103,-0.050270538,0.233166002,0.174505643
KEGG_GLYCINE_SERINE_AND_THREONINE_METABOLISM,-0.328833689,-0.428912995,-0.445582342,-0.364056172,0.156828538,-0.199615728,-0.116681485,0.129898677,-0.034184896,0.237403087,0.060320925,0.01498916,0.153825409,-0.232591356,-0.014626865,-0.099566634,0.028929671,0.287086442,0.391963914,0.2913206,0.359205693,-0.348788736,-0.244421724,-0.395003227,0.037697349,0.130005794,-0.017044543,0.175469765,0.356817361,0.197472321,0.120347528,0.135147653,-0.118446173,-0.118828108,0.19147846,0.289177639,-0.272991703,0.252186828,0.33474941,0.119623143,-0.081642762,0.37480078,0.240914694,0.027293887,0.188138815,0.255253459,0.033665509,0.119354655,-0.121092189,-0.031094479
KEGG_GLYCOLYSIS_GLUCONEOGENESIS,0.087959032,-0.238804429,0.126425661,0.137594584,0.032939269,0.338888947,0.150901855,0.276675339,0.126599321,0.181907667,0.223465898,0.478492819,0.254380716,-0.415732865,0.307053232,0.181278589,-0.267798291,0.43138308,-0.132664643,0.230998695,0.109245089,0.35066715,0.145506561,-0.165785213,-0.103079072,-0.011701174,-0.018424612,0.325686794,0.135731044,0.119802822,0.151376382,0.285740138,0.296754376,0.272664923,-0.004483173,0.371319723,0.175017188,0.302348459,0.079560443,0.075474195,0.24666402,0.276815874,0.456789289,-0.054622061,0.158559783,0.269074414,-0.170111295,-0.35332142,-0.094814326,0.144557492
KEGG_GLYCOSAMINOGLYCAN_BIOSYNTHESIS_CHONDROITIN_SULFATE,-0.456473681,-0.12600505,0.081367473,0.071451124,-0.141835717,-0.224414593,0.109750641,0.298268955,-0.125539274,0.157902287,0.175996738,0.318573531,-0.166447195,0.289545428,-0.135042006,-0.093193009,0.360498749,-0.307359964,0.138999973,-0.137612879,0.118403214,0.167859065,0.394121314,-0.367870819,0.40261112,0.245657501,-0.256231917,-0.033949488,-0.335611496,-0.345676595,-0.394385649,-0.368085306,-0.601725972,0.135607007,-0.435366746,-0.070383552,-0.154251886,-0.17561204,-0.136360631,0.38048688,0.608675158,0.122322873,0.501805377,-0.176982472,-0.40322963,0.136072456,0.447078785,0.422471039,-0.292852625,-0.211332116
KEGG_GLYCOSAMINOGLYCAN_BIOSYNTHESIS_HEPARAN_SULFATE,-0.354974951,-0.006998783,-0.134949928,0.061822166,-0.086854456,-0.102109568,0.234961943,0.159244546,-0.2209009,-0.169931701,-0.218941929,0.373030872,0.308243972,0.451327163,-0.030647846,-0.363716981,0.311519004,-0.242201859,0.227480491,-0.537001898,0.285717043,0.193043735,0.066270748,-0.29314363,0.481271235,0.514926726,-0.034919669,-0.127350712,-0.350161653,-0.276821111,-0.119107108,-0.494385026,-0.154985714,0.32477075,-0.046998644,-0.044064601,-0.15788359,0.27407523,-0.173301189,0.003173465,0.587304237,0.208161485,0.265709148,-0.013433752,-0.307755747,-0.094778538,0.434336614,0.307803683,-0.166613124,-0.14038909
KEGG_GLYCOSAMINOGLYCAN_BIOSYNTHESIS_KERATAN_SULFATE,0.131607012,0.247793344,0.199506986,0.333969771,-0.379550754,0.045537858,0.183236101,0.422197644,-0.102528645,0.318001657,0.206153802,0.366714046,0.384904127,0.262149788,0.269100342,-0.070899919,0.364593185,-0.348817254,0.405788056,-0.290331195,0.578119531,0.303295475,0.201946665,-0.452669181,0.651532111,0.365927608,0.174773427,0.039079032,-0.162129783,-0.24853008,-0.087974478,-0.053678018,0.106045774,0.360923136,-0.438354692,0.119739931,-0.196496226,0.329514245,-0.351543862,0.095201525,0.431820498,0.329290607,0.410017318,-0.178345675,-0.03765577,0.154564647,0.294567939,0.134763771,0.011759754,-0.399356859
KEGG_GLYCOSAMINOGLYCAN_DEGRADATION,-0.245574869,-0.452768076,-0.06274041,0.502722371,0.012039042,0.3318364,-0.281574862,0.453442216,0.242655473,0.191456391,-0.559292186,0.015905836,0.422714144,-0.091529283,0.031398437,0.092672749,-0.096564616,0.279696591,0.274525097,0.249967172,0.088743909,0.229723246,0.126119296,-0.331762721,-0.037181431,0.042590058,0.302890257,0.066948594,0.010889315,-0.266503629,0.37050724,-0.383405343,-0.05175665,0.396422516,0.152326717,-0.107649078,-0.360837336,-0.157465971,0.33557822,0.572009533,0.560916062,0.404440882,0.451686748,-0.583189598,-0.19568285,-0.248548606,-0.195561724,0.042329464,-0.07689365,0.459550884
KEGG_GLYCOSPHINGOLIPID_BIOSYNTHESIS_GANGLIO_SERIES,0.132312754,-0.123272527,-0.26137572,0.029136305,0.304914897,0.062532456,0.271680509,0.302727407,0.139157014,0.135703635,-0.332749903,-0.087924799,0.170719159,-0.565969297,0.053561413,-0.470813405,0.409428699,0.048195256,0.69682101,0.263160496,-0.215030706,0.319036284,-0.170940836,-0.264881593,0.094717669,0.119550629,0.064850123,-0.042561809,0.342636405,0.52657585,0.422794892,0.085380838,-0.052470967,0.159210385,0.015181357,0.188669248,-0.077430189,0.01090154,-0.094078669,0.471461997,0.39162598,0.313574527,0.238315632,-0.456388248,-0.282670103,0.275190248,-0.334361945,0.29399691,0.153103435,0.274610791
KEGG_GLYCOSPHINGOLIPID_BIOSYNTHESIS_GLOBO_SERIES,0.199076952,0.001540247,0.241945528,0.446239899,-0.16898524,0.523308465,0.215840519,0.068198496,-0.594363276,0.282628697,0.065184898,0.062959038,0.317718372,-0.258354548,0.040484589,-0.264024749,0.378988747,-0.21523419,0.456479663,-0.23118328,-0.11768356,0.384635912,0.044817,-0.487354933,-0.022543815,0.017861782,0.521880176,0.408626713,0.205445125,0.271538621,0.29719943,-0.066508444,-0.335032845,0.394914265,-0.213587711,0.443663341,-0.125221189,0.26479928,0.137442894,0.417973859,0.36668795,0.381826199,0.520090316,-0.487060924,0.056113624,0.053864118,-0.385774969,0.180658061,0.203041452,-0.190769153
KEGG_GLYCOSPHINGOLIPID_BIOSYNTHESIS_LACTO_AND_NEOLACTO_SERIES,-0.162855842,-0.118504075,-0.065557134,0.328804797,-0.153429019,0.31066945,0.068329216,0.196229911,0.341527366,0.026340292,-0.105753632,0.501063035,0.493142024,0.223284739,0.407016579,-0.280702548,0.298775215,0.014192797,0.460738922,-0.056945805,0.125685516,0.299993798,-0.159516887,-0.16747662,-0.008762692,0.162843317,0.40874934,0.082415896,-0.149977499,-0.270715342,0.124090473,0.223967082,0.315313685,0.295358376,-0.264715772,0.301315703,0.04918618,0.080932698,-0.065025306,-0.296431438,-0.135195395,0.383808779,0.037934403,-0.486168544,-0.325908982,0.137135225,-0.142281268,-0.069016533,0.225909429,-0.204842435
KEGG_GLYCOSYLPHOSPHATIDYLINOSITOL_GPI_ANCHOR_BIOSYNTHESIS,0.508054236,-0.240800214,-0.029875513,0.088975183,0.312010727,0.216028661,0.009302037,0.426050518,0.24735872,0.358522454,-0.150044557,-0.017549737,-0.157409908,-0.377574176,-0.117308181,0.20498682,-0.372689471,-0.031922835,0.323458123,-0.047357389,-0.233538814,-0.047609564,0.056622616,0.003769067,-0.256015378,0.162149065,-0.043075318,-0.384862114,-0.027958416,0.205966982,0.328343626,-0.017050442,0.172781749,-0.21820456,0.410064366,-0.143259768,-0.141832983,-0.008601445,-0.004204599,-0.373098822,-0.351158151,0.251325197,-0.0731165,-0.044552632,-0.349536924,0.379351842,0.20098421,-0.559919993,-0.387260361,0.380566557
KEGG_GLYOXYLATE_AND_DICARBOXYLATE_METABOLISM,0.409327235,-0.308655286,0.272799493,-0.52118449,-0.254572905,0.590283068,0.538184588,0.48390748,-0.260345049,0.529943527,0.228637206,-0.397073708,-0.245242615,-0.558124531,0.069100783,0.568862818,-0.194597031,0.533978472,0.16314288,0.416678785,-0.280362513,0.233553071,0.009393937,-0.060098104,-0.082584315,0.247411337,-0.266662777,-0.158964165,0.461330852,0.136306844,0.464082044,0.286332114,0.23001594,-0.371800791,0.078597395,0.395555997,0.333292614,0.003139577,0.386541789,-0.284354604,-0.27904484,0.148980931,0.376223777,0.270691379,0.140055452,0.453606926,-0.139750407,-0.553932671,-0.538054411,-0.312846166
KEGG_GNRH_SIGNALING_PATHWAY,-0.060343607,0.215074526,-0.11616913,-0.122044756,0.202472684,-0.272883517,0.040518599,-0.249141853,0.183893808,-0.251984737,-0.065082666,-0.01027655,0.204312901,0.227890748,0.157849131,-0.24359452,0.236880761,-0.187169202,-0.105741324,0.054517146,0.019391228,-0.103411145,-0.102246413,0.110652402,0.013548353,0.074430768,0.33509895,0.103701349,-0.159234747,-0.268273163,-0.187530833,-0.329286815,-0.199562526,-0.111384582,-0.193765814,-0.271212971,-0.262361274,-0.315147388,-0.161938622,0.400230045,-0.037030641,-0.19847602,-0.160925424,-0.14909829,-0.279380422,-0.245585599,-0.145881476,0.206407586,0.08459799,-0.176789761
KEGG_GRAFT_VERSUS_HOST_DISEASE,-0.265812366,-0.280642065,0.358446061,0.567158037,-0.652176371,0.484480944,-0.639999121,0.139075015,-0.465138793,0.027632512,0.254735574,-0.148590547,0.402105585,-0.521806337,0.719120607,-0.508923982,0.359051507,0.424738832,-0.69284359,0.630049114,-0.207402542,0.398205414,-0.184900553,-0.016642547,0.116134865,-0.119500391,0.433254041,0.589827334,0.723438724,0.609826846,0.649390909,0.045976381,-0.430684541,-0.484519071,-0.131150507,0.635258742,0.619598914,0.247141359,0.399847454,0.471014637,0.204328218,-0.338755841,0.692544888,-0.626449183,-0.237608538,0.453997299,-0.449997632,0.672650172,0.580512902,0.210736422
KEGG_HEDGEHOG_SIGNALING_PATHWAY,-0.383367793,-0.079564891,-0.16024367,0.085666069,0.214278774,-0.418925339,-0.170739522,-0.392049063,-0.1920627,-0.451863827,-0.187387977,0.260425829,0.276367701,0.492247301,-0.155792634,-0.140804133,-0.082410788,-0.11465675,-0.277519588,-0.105518109,-0.147978495,0.057012811,-0.25604735,-0.153759001,0.236745756,0.031858529,0.013853816,0.023861963,-0.367524021,-0.416721285,-0.3493452,-0.429471019,-0.019856284,-0.309498418,-0.00925511,-0.265560894,-0.359489841,-0.093587687,-0.429713331,0.18538275,0.376860904,-0.114891056,-0.194315949,0.02068831,-0.260735395,-0.332157662,0.117521151,0.438669054,0.279838142,-0.05885736
KEGG_HEMATOPOIETIC_CELL_LINEAGE,0.050775395,-0.083233061,-0.15727885,0.338623928,-0.236402539,0.271895455,-0.22547406,-0.155324649,-0.510040974,-0.319443585,0.356802537,-0.089958636,0.303448341,-0.034992625,0.201821061,-0.266384149,0.535019583,0.248417619,-0.209991698,0.11411298,-0.126606097,0.276632729,-0.157706859,-0.239192927,0.278877603,-0.113645806,0.149421534,0.45878077,0.524756892,0.363467836,0.281721894,-0.059766264,-0.376090615,-0.226966542,-0.143587279,0.445222172,0.432009996,0.063769866,-0.030001147,0.469118079,0.25640471,-0.246708496,0.409230477,-0.429253066,-0.338242531,0.372210478,-0.424038978,0.604982366,0.559184523,0.196694276
KEGG_HISTIDINE_METABOLISM,-0.112483257,-0.278885912,-0.278532497,-0.433902874,0.420803751,0.343177079,-0.167808088,0.093461265,0.356173614,0.140719305,-0.231872463,-0.157178578,0.095388121,-0.276942517,0.249356808,-0.243614767,-0.095739572,0.184847301,0.219917007,0.415529637,-0.108512621,0.206629734,0.15373358,-0.229548145,-0.338874516,-0.153372868,0.070883728,-0.098623919,0.36960313,0.367732857,0.168888738,0.3079476,0.396126796,-0.294511419,0.325940475,0.19120435,-0.24575467,0.222680749,0.072336397,0.112533234,0.116431849,-0.072899542,-0.322670664,-0.347584751,0.145687985,0.153454564,-0.359062631,-0.279482437,0.339411944,0.570367791
KEGG_HOMOLOGOUS_RECOMBINATION,0.568667704,-0.630780978,0.441591284,-0.026817473,-0.553862616,0.130446721,0.385664825,0.479790846,-0.399625618,0.558050186,0.532810973,-0.198013106,-0.62094465,-0.436022976,-0.194805802,0.600784517,-0.689511711,0.198085821,0.270799265,0.225850022,0.146094535,0.155370867,-0.123114412,0.29708975,-0.548438095,-0.079706036,-0.417613112,0.204520613,0.156746615,0.071096603,0.116602123,0.353327354,0.057453525,-0.120154191,-0.395325798,0.138325292,0.293496053,0.342378797,0.552062986,-0.651947537,-0.540083934,0.244755816,0.233291946,0.409888763,0.473050711,0.294145726,-0.236696405,-0.549954249,-0.432256104,-0.454299583
KEGG_HUNTINGTONS_DISEASE,0.124630708,-0.177240339,0.080347938,-0.324738974,-0.17999409,0.23179188,0.270853713,0.363616621,-0.040756431,0.43534394,0.084870383,0.062103944,0.290680188,-0.457750007,-0.317453611,0.241385612,-0.233151341,0.440836285,0.335002832,0.162748609,-0.250446265,-0.060342326,-0.087558593,-0.312293479,0.205422436,0.168545413,-0.273635655,-0.113213845,0.311502346,0.301999325,0.232323966,0.396943926,0.384859892,0.324807902,0.390560631,0.380521563,0.36332578,0.422283799,0.250357275,-0.230085598,0.072754607,0.444944806,0.282131561,0.117571541,0.346542187,0.333478602,-0.311633646,-0.422680198,-0.175381449,0.344965151
KEGG_HYPERTROPHIC_CARDIOMYOPATHY_HCM,-0.036909332,-0.165015702,0.211572226,0.33808964,-0.059236234,-0.287018998,-0.152036935,-0.088880018,0.01260859,-0.480881898,0.072207231,0.187863467,0.311848409,0.442981056,0.01254182,-0.096248522,0.30489362,-0.012834509,-0.211985454,-0.206465838,0.092230396,0.010868593,-0.069304443,-0.065958185,0.427333995,-0.14945179,-0.005056576,0.267433908,-0.070874083,-0.256755166,-0.081724527,-0.151020068,0.233859636,-0.069929934,-0.239236642,0.215495101,0.111094469,-0.108192341,-0.097640747,0.360289248,0.485580708,-0.027157866,0.154728937,-0.294077374,-0.062837567,0.014020641,-0.00388717,0.373494196,0.387799314,-0.046895983
KEGG_INOSITOL_PHOSPHATE_METABOLISM,0.119011262,0.27202722,0.039514724,-0.067971493,0.344910879,0.059075556,-0.167911887,-0.302062237,0.279526849,-0.088191328,-0.101440718,0.026383149,0.04000021,0.349050537,0.286955571,0.068966549,0.264344699,-0.351905306,-0.226102496,0.175715959,0.262935185,-0.032832469,-0.124409117,0.250275468,-0.111585352,0.209150637,0.476342068,-0.186695492,-0.376114145,-0.309981613,-0.098092291,-0.368736804,-0.118223933,-0.179253789,-0.360144536,-0.332053034,-0.260690965,-0.41050847,-0.249219336,0.29181684,-0.148269069,-0.259985311,-0.148571094,-0.033963957,-0.326864744,-0.311627842,0.130483992,0.095216106,-0.117886884,-0.051851129
KEGG_INSULIN_SIGNALING_PATHWAY,-0.043073444,0.217770997,0.022896556,-0.042017447,0.21759082,0.017585016,0.189724981,0.054888978,0.245761327,-0.08073091,0.038681454,-0.063897258,0.048148709,0.086606967,0.092884165,0.05740411,0.13001856,-0.25416533,0.042019765,0.007400315,0.295214635,-0.060958527,0.111238592,0.314883296,0.030032404,0.136805717,0.241946082,-0.050966855,-0.331775136,-0.230137719,-0.092866203,-0.153550994,-0.217637431,-0.054900781,-0.066454215,-0.153817283,-0.0903651,-0.25536394,-0.076089264,0.378397151,-0.012813049,0.005338886,-0.026142399,-0.00927477,-0.185663024,-0.086596226,0.165357226,0.091571947,-0.31669043,-0.24843836
KEGG_INTESTINAL_IMMUNE_NETWORK_FOR_IGA_PRODUCTION,-0.204504756,-0.020437762,-0.073087714,0.514770732,-0.595255856,0.240230778,-0.443118755,-0.190545548,-0.495103956,-0.128344378,0.241408651,-0.055151951,0.260084712,-0.196546667,0.64170374,-0.472714533,0.433817311,0.352240799,-0.537723205,0.563247445,-0.177248458,0.339657631,-0.29280071,-0.17088533,0.184272844,-0.119491813,0.189392491,0.573817048,0.654596161,0.533085096,0.485851247,-0.048262361,-0.378770929,-0.430399309,-0.250556938,0.577988458,0.470962811,0.052998242,0.15037712,0.286379674,0.153729493,-0.378173851,0.540040829,-0.576043005,-0.213149322,0.321306454,-0.488378776,0.700801873,0.568737945,0.261707191
KEGG_JAK_STAT_SIGNALING_PATHWAY,0.075170975,0.094621157,0.053096006,0.263506547,-0.117575145,0.005846279,-0.199091863,-0.084506194,-0.193441306,-0.229492429,0.090665338,-0.188115115,-0.048684107,0.098675805,0.33335111,-0.022054016,0.293005815,-0.090443184,-0.316944466,-0.065453221,-0.000244564,0.201269681,0.070009972,0.017849329,0.029667737,-0.183593521,0.257375907,0.284485924,0.058547865,-0.08199733,0.052583848,-0.236360424,-0.291061004,-0.207777445,-0.248638773,0.005605361,0.18369385,-0.29453682,-0.07295012,0.464364994,0.033110866,-0.300421092,0.137528674,-0.279586125,-0.256101898,-0.008487611,-0.120764463,0.462926389,0.258095989,-0.231371241
KEGG_LEISHMANIA_INFECTION,-0.141277685,0.236284857,0.1769983,0.481920231,-0.047870561,0.146036243,-0.375297902,0.035152825,-0.385597832,-0.178660024,0.39020765,0.128164982,0.29728183,0.035791873,0.46209955,-0.381071117,0.277802683,0.170633632,-0.337169068,0.207188245,0.054212549,0.454577899,-0.062242591,-0.010224643,0.32403773,-0.124778962,0.351834124,0.413951619,0.47752606,0.381196723,0.324139257,0.091049613,-0.268011732,-0.111130319,-0.150865641,0.434879146,0.383552085,-0.080713463,0.065328958,0.476359008,0.351737346,-0.056956296,0.506333808,-0.379237317,-0.097229196,0.197628155,-0.229458297,0.538065655,0.323593581,0.068286786
KEGG_LEUKOCYTE_TRANSENDOTHELIAL_MIGRATION,-0.155146214,0.224530013,0.081417152,0.283890717,0.023121162,-0.264871838,-0.238527506,-0.080115783,-0.213776102,-0.42395961,0.059366018,0.162308796,0.335603801,0.289040193,0.177764608,-0.291863217,0.324371793,-0.061267592,-0.301960268,-0.185157037,0.206428242,0.057182366,-0.215764564,0.000254891,0.379878322,-0.067792856,0.387201849,0.116047092,-0.010904884,0.06714721,0.128025018,-0.2325602,-0.073547299,0.133084546,-0.336559515,0.072311454,-0.023053071,-0.31750806,-0.157740323,0.34634996,0.336154295,0.027003321,0.286676549,-0.425390869,-0.234150215,-0.002564448,0.010867945,0.507529938,0.177436459,-0.030195352
KEGG_LIMONENE_AND_PINENE_DEGRADATION,0.349706568,-0.227616664,0.055271242,-0.547249304,0.327163595,0.414678822,-0.556760431,0.067430944,0.518842999,0.364219475,-0.211129755,0.0419692,-0.207816566,-0.009951811,0.206984841,0.437894283,-0.376155026,-0.065378012,-0.44456561,0.684273425,0.533416697,0.431648089,0.139484123,-0.081496183,-0.011493837,0.004054766,0.005373776,-0.3121017,-0.364444808,-0.02166456,-0.331623214,0.127079142,0.302973027,-0.058483262,0.514211907,-0.060141201,-0.186473377,0.035676005,0.024223726,0.042787507,0.056174287,0.314091853,-0.303095027,0.020491063,-0.493695055,0.140539947,-0.34859179,-0.189144641,-0.186019711,0.744592045
KEGG_LINOLEIC_ACID_METABOLISM,-0.170214144,-0.088741678,-0.515128465,-0.347035366,0.095342897,0.107542991,-0.252308009,-0.24123053,0.482307884,-0.402470569,-0.35968473,-0.034324432,0.198368608,-0.203967876,0.285785748,-0.442361719,0.149586176,0.376560707,-0.097557563,0.568306521,-0.377779553,-0.133477418,-0.445343498,-0.593979965,-0.193128024,-0.230044938,0.373311821,0.102227964,0.394463936,0.280963085,0.211891221,-0.136073051,0.102864912,0.09912234,0.259749411,0.193465207,-0.528781512,-0.134497058,-0.331030398,0.181679501,-0.091886573,-0.195760653,-0.478958665,-0.3317857,0.19964721,-0.271145209,-0.55405592,0.026415864,0.59655152,0.389236717
KEGG_LONG_TERM_DEPRESSION,-0.116836042,0.135593033,-0.102172194,-0.112024252,0.266593136,-0.097238687,0.08286049,-0.232372815,0.21757702,-0.205500726,-0.173250243,0.010934559,0.227414163,0.243993232,0.163435708,-0.09700874,0.369114255,-0.174224823,-0.062458981,0.07289738,0.146447047,-0.086963866,-0.19642715,-0.015477568,0.138987142,-0.077043739,0.312696857,-0.27048759,-0.018814741,-0.029819727,-0.017721438,-0.23906864,-0.093284017,0.092573333,-0.094187432,-0.040805752,-0.200617935,-0.290624833,-0.23079308,0.395881816,0.158376156,-0.048891661,-0.064781519,-0.355369843,-0.296099502,-0.030722639,-0.123513834,0.322455733,-0.029898702,-0.026428403
KEGG_LONG_TERM_POTENTIATION,-0.160554664,0.234817697,-0.028040344,-0.262064562,0.252904632,-0.041271693,-0.189309298,-0.218117352,0.247825555,-0.290430799,-0.262546389,-0.039399328,0.318085189,0.135282974,0.189224229,-0.07504125,0.348604311,-0.189015211,-0.074162743,0.071181999,0.287261692,-0.09804909,0.086516848,0.208073754,0.0795799,0.037210082,0.383690054,-0.179116351,-0.133720414,-0.172435713,-0.217017407,-0.239309367,0.043381662,0.141513942,-0.144030228,-0.12715241,0.071077444,-0.334229751,-0.131932604,0.306667287,0.124581815,-0.03660254,0.050227896,-0.276046981,-0.071269996,-0.006875943,-0.080764278,0.361003871,-0.103831347,-0.036017576
KEGG_LYSINE_DEGRADATION,-0.055715454,0.067670083,-0.186659245,-0.283870159,0.045905853,0.135474352,0.076931947,-0.235965474,0.305416601,0.433324174,-0.257903125,0.040815783,-0.372823264,-0.076308238,0.17415536,0.39245683,-0.308287716,-0.292765436,0.117781985,0.311734111,0.441066398,-0.08082458,0.018775698,0.104041296,-0.185326567,-0.00810724,0.036151006,-0.169794613,-0.450240008,-0.279709666,-0.086164554,-0.318356416,-0.275456632,0.038101153,-0.159158916,-0.26133557,-0.367140233,-0.246198797,0.019129814,-0.051389432,-0.328132514,-0.110116141,-0.31194063,0.344236207,-0.249272432,-0.393159912,0.107260074,-0.344372978,-0.434754285,-0.095818767
KEGG_LYSOSOME,0.230776624,-0.130672912,-0.237111798,0.309654132,0.130473463,0.37778832,-0.100201562,0.011353732,-0.032563381,0.306157474,-0.257113349,0.311739357,0.388712136,-0.081222371,0.061194257,-0.108692971,0.024336274,-0.087318257,0.065272849,0.133348432,0.23554981,0.285387809,0.124377356,-0.086588484,0.089289251,0.075023718,0.363691129,-0.051839288,0.096859212,0.204251222,0.271433986,-0.028897986,-0.164694933,0.480297517,-0.167476563,0.039868089,-0.137871646,-0.157557393,0.235030452,0.52555577,0.327151419,0.330676295,0.242808103,-0.339510431,-0.223685235,-0.006163174,-0.052699045,-0.009812234,-0.041485755,0.166668019
KEGG_MAPK_SIGNALING_PATHWAY,-0.049771792,0.091583146,0.113630116,0.042187832,0.107182621,-0.147538907,-0.180852502,-0.091902136,0.052863868,-0.284617482,-0.041505578,0.013905038,0.109067804,0.286711807,0.067208239,-0.139897355,0.260478671,-0.172635362,-0.284389568,-0.049159562,0.032025898,0.198451088,-0.024091568,0.071757205,0.209160427,-0.006270849,0.175476111,0.137655948,-0.107110287,-0.092787164,-0.131500399,-0.276463416,-0.148715683,-0.0396423,-0.138222435,-0.076974308,0.004968467,-0.250405339,-0.044203702,0.329107901,0.213995592,-0.087385801,0.085230796,-0.132430645,-0.112672055,-0.115807336,-0.056173853,0.363489674,0.102577397,0.037314057
KEGG_MATURITY_ONSET_DIABETES_OF_THE_YOUNG,-0.35283314,0.39135268,0.383759168,0.19090786,-0.2714019,0.243993315,0.298506807,0.039560659,0.477014078,-0.605216775,-0.397565456,-0.405549436,0.529491131,0.078879546,0.293274642,-0.318307664,0.281290189,0.511746233,-0.30072372,0.439282919,-0.506483611,0.592609718,-0.424964348,-0.366193932,0.016305818,0.351110971,0.491844697,-0.315804832,0.669200071,-0.366693892,0.386408111,-0.248873557,0.615618946,0.458687215,-0.15382264,0.346672648,0.010880063,-0.26693321,-0.330652517,-0.289120667,-0.254381744,-0.160316027,-0.224189606,-0.593809147,0.444583861,0.051421675,-0.301994373,0.362083835,0.440033819,-0.271495177
KEGG_MELANOGENESIS,-0.308160511,0.182780407,-0.199748133,0.146209552,0.264701675,-0.213317928,-0.024310651,-0.240353518,0.057525196,-0.287068303,-0.176945049,0.140027626,0.235908794,0.335407993,0.14689256,-0.202674488,0.16632203,-0.155621671,-0.084070992,0.010435817,0.219088928,-0.012686891,-0.117991445,-0.03479421,0.19144674,0.126440097,0.096232058,-0.121902906,-0.315841267,-0.258519862,-0.287720742,-0.292471567,-0.083350828,-0.118801785,-0.160091453,-0.225230759,-0.172795326,-0.157506871,-0.128112223,0.23478264,0.288307701,0.001893823,-0.025808166,-0.042821812,-0.298115081,-0.185699483,0.005798367,0.296797669,0.026597891,-0.076092749
KEGG_MELANOMA,-0.346811801,-0.020535557,0.074252529,0.325960282,-0.037648501,-0.150869049,-0.069896011,-0.173164184,0.129230644,-0.165726638,-0.302411925,0.21092307,0.165069233,0.264735722,0.173097148,0.007776754,0.295863913,-0.189076173,-0.011508671,-0.278580218,0.095643442,0.178183437,-0.092900938,0.093927229,0.220553792,0.081832221,0.036222036,0.042065138,-0.267278104,-0.180859113,-0.102582977,-0.241908493,0.00204479,-0.078462221,-0.189547588,0.104993899,-0.112668871,-0.207957698,0.100765832,0.359743828,0.458283537,0.242236889,0.194140179,-0.119475871,-0.1221786,-0.142219887,0.205596274,0.355370517,-0.050655289,-0.22318118
KEGG_METABOLISM_OF_XENOBIOTICS_BY_CYTOCHROME_P450,-0.370334524,-0.268047108,-0.455417808,-0.085927606,0.103765371,0.538750783,-0.251650177,-0.006249993,0.118010804,-0.119679354,-0.511846895,0.175042342,0.490436201,-0.472108756,0.204221797,-0.360441223,-0.05332403,0.503838776,-0.090463364,0.58313827,-0.121552225,-0.089021895,-0.231308835,-0.64343776,-0.167140917,-0.212302961,0.344324857,0.217856915,0.526241879,0.259560078,0.398074063,0.445762423,0.424628026,-0.038817001,0.410514176,0.421438083,-0.077270121,0.594887358,-0.335128681,0.222903971,0.363688821,0.185393645,-0.043998077,-0.267974005,0.407484628,0.334223244,-0.482503742,0.132261216,0.566620246,0.519319705
KEGG_MISMATCH_REPAIR,0.571624723,-0.409110624,0.50505008,-0.327588936,-0.231263783,0.291428406,0.431312129,0.489419448,-0.096938416,0.604131707,0.28877539,0.200703875,-0.593117252,-0.408547992,-0.169677178,0.602031249,-0.621010388,0.151658233,0.265736473,-0.092379883,0.319019105,0.112343827,0.225093732,0.187871268,-0.39966908,0.097988797,-0.327292826,0.179615232,-0.120379144,0.180910089,0.388616501,0.441543591,0.259378657,-0.144689152,-0.220041033,0.27246577,0.336677307,0.329341565,0.508556307,-0.652261835,-0.424237531,0.302246237,0.238876574,0.291548059,0.646672132,0.430948522,0.078876246,-0.491048846,-0.601184913,-0.108874228
KEGG_MTOR_SIGNALING_PATHWAY,0.223859559,0.14658734,0.089840011,-0.235908233,0.193062414,-0.026590916,-0.015784097,0.163596091,-0.022639208,-0.233417558,0.003162288,0.092194251,-0.08830275,0.086985725,0.10125115,0.06890874,0.137445801,-0.206343471,-0.024454194,-0.133407628,0.148929323,-0.30639028,0.069107918,0.305885185,-0.024608694,-0.142337771,0.083514034,-0.250925418,-0.310134567,-0.181205538,-0.145042619,-0.024065012,-0.260529923,-0.014671039,-0.045285847,-0.103826279,-0.046680128,-0.255673012,-0.168049057,0.376416561,0.003323973,0.045550923,0.013257329,-0.13895249,-0.246635956,-0.106606266,0.265197476,0.0653649,-0.307585706,-0.307720017
KEGG_NATURAL_KILLER_CELL_MEDIATED_CYTOTOXICITY,-0.093488083,0.041891156,0.292707288,0.28338301,-0.234871651,0.29006621,-0.447212782,0.118534028,-0.178116026,-0.098605537,0.165541363,-0.13225143,0.342411867,-0.147787706,0.375793644,-0.050915484,0.343745233,0.199749155,-0.331937224,0.102185394,-0.081582082,0.065988716,0.156509283,0.175914366,0.12661266,-0.122639442,0.328551742,0.348721125,0.348923476,0.138516742,0.306097773,-0.194307186,-0.208285075,-0.084119527,-0.294136255,0.3005919,0.38322353,-0.183925159,-0.030485087,0.395889904,0.173529539,-0.200400438,0.365817937,-0.388778241,-0.169317034,0.199624481,-0.190792834,0.469046074,0.254558832,-0.147159974
KEGG_NEUROACTIVE_LIGAND_RECEPTOR_INTERACTION,-0.112499534,-0.271914895,-0.073446411,0.241633885,-0.019394435,-0.110265786,-0.021200308,-0.317799478,-0.218207207,-0.358251673,-0.133911584,-0.261116623,0.291553567,0.069247331,0.044311187,-0.36221921,0.365934601,0.127460884,0.023796822,-0.029540473,0.021770551,0.035894319,-0.232402027,-0.416534557,0.309364495,0.119128038,0.027768293,0.20368815,0.31867143,-0.044550388,-0.016352089,-0.098392527,-0.186639739,0.094943166,-0.120238165,0.287279899,0.051587021,0.143333496,-0.173295952,0.340877587,0.411217844,-0.001670991,0.215703569,-0.348552971,-0.060555973,-0.017176516,-0.151756937,0.438213686,0.493213017,-0.252808795
KEGG_NEUROTROPHIN_SIGNALING_PATHWAY,-0.048789673,0.318786071,0.132507759,0.086262179,0.124767304,-0.080116889,-0.029458923,0.043580655,0.088283693,-0.150056389,0.077315669,0.181483301,0.225148031,0.239019957,0.121483705,-0.189135475,0.166951684,-0.30589819,-0.219698783,-0.130367066,0.22899816,0.064117158,0.109707043,0.314121544,0.213903058,0.013281113,0.332877404,0.109423348,-0.327211363,-0.145072127,-0.210114004,-0.257992656,-0.168849691,-0.01984429,-0.202492611,-0.122092747,-0.03635182,-0.244425932,0.0460088,0.329932422,0.202398134,0.096039269,0.106741189,-0.120845351,-0.19030934,-0.206858275,0.196899984,0.338409237,-0.175932622,-0.124851542
KEGG_NICOTINATE_AND_NICOTINAMIDE_METABOLISM,0.015400795,-0.493984725,-0.150693627,-0.104382556,-0.001950691,0.241394681,-0.155658176,0.323761817,-0.176792326,0.303801874,0.066231552,-0.022011498,0.157509705,-0.140463489,0.007006805,0.148192566,-0.033607143,0.35022839,0.118511134,0.186120944,-0.466331857,0.043430577,0.045966486,-0.346392811,-0.128346927,-0.314989217,0.071439699,-0.032787321,0.469304254,0.340399667,0.094412852,0.279002101,0.117002394,0.054218307,0.11338594,0.338113501,0.262894887,0.300521008,-0.236073172,0.003184578,0.186804328,0.287245717,0.10112765,-0.301126546,0.430064159,0.277437402,0.022914448,0.071859076,-0.206704535,0.413135997
KEGG_NITROGEN_METABOLISM,-0.309427175,0.033787928,-0.305691832,-0.373034268,0.110015726,-0.083501609,-0.203988196,0.198725162,0.421056126,-0.306334339,-0.050356036,-0.197794337,0.228086072,-0.174721284,-0.047380917,0.073788421,0.064226455,0.222094829,0.013843872,0.362727356,-0.108449367,0.054145571,-0.009345122,-0.486110602,-0.320211848,0.089615668,0.396820728,0.071234457,0.474683918,0.263029285,0.219151745,0.260464427,0.2420727,-0.171325707,-0.069681626,0.366955612,-0.113111626,0.197089624,0.332444617,0.305574563,-0.179258352,0.10781213,-0.060135869,-0.399354169,0.163533043,0.060931096,-0.114308865,-0.07076972,0.502265199,0.289017116
KEGG_NOD_LIKE_RECEPTOR_SIGNALING_PATHWAY,0.058823418,-0.041636362,0.214047577,0.263250273,-0.092147831,0.033402787,-0.24489612,0.197487903,-0.147656275,-0.124415615,0.4418708,0.097637158,0.082634014,-0.067968257,0.169517108,-0.091416958,0.328887065,0.116865738,-0.21008152,0.040576364,-0.05917488,0.216726181,0.18936433,0.122177309,-0.036467536,-0.106427034,0.191865124,0.388952829,0.294620682,0.278855892,0.227106958,0.062322723,-0.158707276,-0.297474997,-0.157728245,0.234492127,0.271464606,-0.184376705,0.245492429,0.41979359,0.146257319,-0.244297561,0.239493476,-0.17587262,0.05733128,0.039353919,-0.167159671,0.330579091,0.181781464,0.046214826
KEGG_NON_HOMOLOGOUS_END_JOINING,0.437066922,-0.271410815,0.143683298,-0.181944501,0.141114843,-0.308800535,0.133089691,0.222565873,0.242626408,0.170548935,0.027524028,-0.456902199,-0.329890664,0.078514989,0.164856051,0.662381046,-0.338619595,0.045262535,0.149108439,0.525753882,-0.119342421,0.121071973,-0.151519257,0.367129516,-0.593964737,0.100940371,-0.003746785,-0.082170244,-0.096966414,-0.217390175,-0.187121537,0.053695191,-0.027089934,-0.638628984,0.236861343,-0.528780596,-0.204094243,-0.48192668,0.409156455,-0.380984657,-0.310788308,-0.329418821,-0.075258227,0.313437964,0.10789484,-0.034488985,0.043710161,-0.398997779,-0.468386501,-0.139212825
KEGG_NON_SMALL_CELL_LUNG_CANCER,-0.04696105,0.313356608,0.077804265,0.118660597,0.085837099,0.012126924,-0.047299989,-0.005796745,0.193181536,-0.028818807,0.063645691,0.224194998,0.066861543,0.115634727,0.364561971,0.093331502,0.151711703,-0.228530602,-0.118080264,-0.056467225,0.23143757,0.072570128,0.111999528,0.247962192,-0.19407806,0.14038861,0.358577846,-0.278903809,-0.334588904,-0.256026411,-0.052452554,-0.313289491,-0.279432528,-0.106289255,-0.316510439,-0.167676321,-0.185872164,-0.349454131,-0.088090327,0.296289904,0.098372834,-0.063750025,-0.074414991,0.019641044,-0.315250121,-0.260574087,0.07235255,0.335763113,-0.284662425,-0.355801275
KEGG_NOTCH_SIGNALING_PATHWAY,-0.255131014,0.253461054,0.175013964,0.273263241,0.274663923,-0.025610158,0.052277981,-0.089790913,-0.0935602,-0.162867985,0.001179249,0.178138606,-0.102672643,0.118043143,0.269476442,-0.049356262,0.148563914,-0.260947125,-0.372503409,-0.216966347,0.306042631,0.009613737,-0.050455937,0.126969825,0.060968138,0.21916674,-0.029496084,-0.028952017,-0.502621543,-0.538283832,-0.279131989,-0.398978192,-0.308123355,0.058009481,-0.406103691,-0.268657839,-0.046013231,-0.155243049,-0.418947825,-0.086459484,-0.098890783,-0.096033186,-0.115047784,0.180263892,-0.3079664,-0.398717055,0.269285874,-0.156287029,-0.126042046,-0.34697754
KEGG_NUCLEOTIDE_EXCISION_REPAIR,0.464592616,-0.012362142,0.287662282,-0.342367691,-0.090304491,0.231067409,0.190698695,0.432177046,-0.183274482,0.470355159,-0.030159599,0.112841756,-0.382218038,-0.401695136,-0.32889472,0.590472123,-0.47453073,0.068986006,0.089397675,0.037926829,-0.032981424,0.441106116,0.359761869,0.009759161,-0.225624391,-0.258537233,-0.195986677,0.185668085,0.108379447,0.242615943,0.260421497,0.312838302,0.349042158,-0.141969672,0.075886876,0.16548078,0.380203125,0.441719424,0.460772937,-0.488674155,-0.211635205,0.167555462,0.311386742,0.405027232,0.515550796,0.211321659,-0.052866308,-0.371908897,-0.419806545,0.183560805
KEGG_N_GLYCAN_BIOSYNTHESIS,-0.086897783,-0.058184146,-0.124946566,0.117151309,-0.061617655,0.281464154,0.363558492,0.391181092,0.481878136,0.462733331,-0.044902002,0.203204635,0.046084891,-0.329859445,0.212819018,0.027266393,-0.095501874,-0.018504847,0.447269277,-0.09405116,0.204963818,0.060202514,0.124646491,-0.122450046,0.217774937,0.246186678,-0.081161154,-0.23346307,-0.096061465,-0.171244119,0.362695109,0.061008194,0.097584575,0.293271817,0.113396066,-0.004918437,-0.044123039,0.029057023,0.086968157,-0.20077906,0.111350975,0.011758157,0.137079742,0.140049165,0.053529723,0.368123632,0.120382293,-0.301260874,-0.481795925,0.322873157
KEGG_OLFACTORY_TRANSDUCTION,-0.319701832,-0.120711383,-0.357232615,0.218830924,0.06912987,-0.084182677,0.262538188,-0.26006654,-0.166856473,-0.015820921,-0.209580991,0.109509381,0.004730726,-0.012746919,-0.067608895,-0.272447954,0.226385036,-0.083934348,0.08893379,0.223193554,0.26060775,-0.165095222,-0.140055847,-0.130017181,0.100942387,0.064739007,0.041560624,0.040399024,0.108453707,-0.087604587,-0.132874961,-0.074973179,-0.204965307,-0.025299533,0.036464003,-0.063754962,-0.288049649,0.173885256,-0.301424226,0.304451499,0.111839476,0.211575632,-0.012377466,-0.289336261,0.115166221,-0.216196257,-0.113037305,0.165774591,0.185256198,-0.180822246
KEGG_ONE_CARBON_POOL_BY_FOLATE,0.383619408,-0.46751413,0.11925575,-0.387754648,-0.269092327,0.25995643,-0.041356666,0.504235623,-0.13519667,0.573297065,-0.01918763,-0.246660724,-0.024448264,0.124698334,-0.230983756,0.672304555,-0.397382977,0.158000088,0.366825958,0.470974434,-0.32672847,-0.099684939,0.290077607,-0.123800778,-0.407906773,0.368581318,0.042350984,0.191287182,0.039261534,-0.17371246,0.295649984,0.2076394,-0.118338041,-0.342485877,-0.032156856,0.257821165,-0.126781315,-0.007877722,0.325441202,-0.100494903,-0.389260141,0.094891797,0.035503386,0.284778197,0.381163131,0.2932086,0.305708175,-0.331962378,-0.620373471,-0.185700602
KEGG_OOCYTE_MEIOSIS,0.022716634,-0.008685229,0.284614022,-0.211802628,-0.166015534,0.005482367,0.250522632,0.160029044,0.0511108,0.313102422,0.08582645,0.017128114,0.030083493,-0.1882613,-0.146013571,0.275304416,0.037602624,0.124701416,0.220089743,0.033179939,0.269693793,-0.017373045,0.064230682,0.319397013,-0.006368539,0.090988612,0.034686392,0.17834852,-0.06991548,-0.004577769,0.168304581,0.187207567,0.14614656,-0.05881727,-0.186142757,0.205242296,0.232319793,0.123246682,0.303572663,-0.035027968,-0.025035482,0.185579341,0.228042862,0.253217328,0.323602929,0.343308707,-0.239302507,-0.116199952,-0.370205147,-0.063199134
KEGG_OTHER_GLYCAN_DEGRADATION,0.420376279,-0.10680273,-0.290492084,0.490677357,0.075198231,0.637078828,-0.026495547,0.375790435,0.374593179,0.49624686,-0.509885879,0.33600986,0.200335152,-0.353567059,0.418979903,-0.186165917,-0.179269467,0.208381119,0.513180923,0.555552502,-0.123381901,0.460447214,0.103958258,-0.232658206,-0.414989233,0.093017909,0.415659491,-0.353710119,0.24945372,0.257909466,0.564622169,0.093803427,0.050415222,0.48332704,-0.047784609,-0.246475335,-0.3627852,-0.167726063,0.459059037,0.562974722,0.194634413,0.389871024,0.042012289,-0.303721809,-0.051447695,-0.337311474,0.339926054,-0.474894565,-0.289778054,0.105861443
KEGG_OXIDATIVE_PHOSPHORYLATION,0.202507267,-0.374663291,-0.147290216,-0.234674501,-0.205577199,0.371085259,0.268059485,0.42392369,-0.11885658,0.521672225,-0.090091652,-0.081331283,0.341298791,-0.542649135,-0.446284771,0.161819764,-0.205590664,0.611532082,0.447901671,0.286797436,-0.419801694,-0.057328457,-0.19434541,-0.405687275,0.099110275,0.191661889,-0.402899139,-0.219904988,0.460359554,0.409156292,0.298806853,0.566942959,0.365580606,0.381823381,0.467886731,0.53754559,0.412204245,0.540866415,0.245205262,-0.097489651,0.060406574,0.594181387,0.339229315,-0.032252649,0.430791611,0.490587695,-0.457355993,-0.406701523,-0.067530768,0.457039832
KEGG_O_GLYCAN_BIOSYNTHESIS,-0.11288777,0.049328319,-0.11539257,0.039198422,-0.252928837,-0.457101211,0.151890889,0.064401064,0.125163097,-0.301996752,-0.251751131,0.311380955,0.506921889,-0.062961742,0.411251489,-0.335004294,0.269077609,-0.399449016,0.265527446,-0.241620705,0.164052141,0.349676147,0.069266739,-0.335108017,0.176550353,-0.176429379,0.452907446,-0.067975682,-0.183949682,0.180975481,-0.288958526,-0.155861398,0.368914872,0.520531048,-0.220406207,-0.037016403,-0.423537809,-0.068917683,-0.318442987,0.15580615,0.450999752,0.428452416,0.185372603,-0.318488897,-0.226640821,-0.192403583,0.070466354,0.263921788,0.047520782,-0.13219864
KEGG_P53_SIGNALING_PATHWAY,-0.001524023,-0.076554124,0.236859904,-0.157173131,-0.222123901,0.155114167,-0.021507129,0.250854322,-0.105783345,0.164223445,-0.012779437,0.024764801,0.000746368,-0.133540559,-0.259567489,0.016790105,-0.085354721,0.15665438,0.027679766,0.022309586,-0.154380469,0.219749195,0.198175451,0.031560999,0.029096688,-0.090408787,0.000263623,0.295078935,0.174665602,-0.081743121,-0.022686255,0.073397737,0.28167619,0.054932412,-0.233618952,0.162489723,0.252524731,0.273184261,0.214583556,-0.028466573,0.159959997,0.189368013,0.154086345,-0.067105527,0.222832884,0.059053248,-0.015589232,0.118121816,0.141018482,-0.005998328
KEGG_PANCREATIC_CANCER,0.120130034,0.142800105,0.256548437,0.18831124,-0.015531542,0.081473328,-0.009846194,0.252200486,0.189712353,-0.049196943,0.130138389,0.304968623,0.146223019,0.122654442,0.287452017,0.180000851,0.208990606,-0.019579858,0.014459474,-0.292628062,0.261188843,0.142805397,0.132637737,0.277856309,0.161875179,0.153749389,0.1844825,0.257357213,-0.190275732,-0.249851765,0.021965772,-0.108359043,-0.138815836,-0.014184017,-0.268775199,-0.00972504,0.07858639,-0.360057335,0.015038637,0.328767313,0.270259201,0.113289963,0.267254129,-0.00949543,-0.128177135,-0.061336955,-0.00285778,0.231293148,-0.239232213,-0.20960094
KEGG_PANTOTHENATE_AND_COA_BIOSYNTHESIS,-0.160107911,-0.377246454,0.070868453,0.290355052,-0.06707695,0.466694858,0.325602248,0.088264921,-0.036491717,0.099721556,-0.296783547,0.561889169,0.283614208,-0.353262949,0.185253236,-0.286382557,-0.011587447,-0.062910631,0.021078105,-0.037461169,0.017084306,-0.115184099,-0.443069753,-0.122350347,-0.009513999,0.338102353,0.263375909,-0.184953349,0.29428055,0.044667332,-0.044083384,-0.042956804,0.19211151,-0.004066745,-0.05165548,0.201898672,-0.208054903,0.287592513,-0.273173705,0.181383075,-0.099592563,0.226998502,0.186965322,-0.112174372,-0.025357334,0.265362378,-0.037168671,-0.017677721,0.064528534,-0.084341656
KEGG_PARKINSONS_DISEASE,0.02455605,-0.385058173,-0.073712616,-0.375957524,-0.291072783,0.304566904,0.242773144,0.417571157,-0.167887671,0.506251172,-0.033522828,0.052320388,0.376351859,-0.557415301,-0.39095908,0.333367057,-0.223005874,0.654789161,0.41455521,0.236257568,-0.396372373,-0.107767904,-0.222721289,-0.437283407,0.109224909,0.276462916,-0.378991549,-0.224524865,0.461661791,0.384708312,0.279439594,0.516652565,0.339808384,0.341169113,0.478901619,0.52775266,0.386628638,0.52447905,0.229609214,-0.175787586,0.18522878,0.565688155,0.381264299,0.053002222,0.445670292,0.418648086,-0.394557458,-0.37642651,-0.108262387,0.462762838
KEGG_PATHOGENIC_ESCHERICHIA_COLI_INFECTION,-0.122865981,0.238076965,0.45790048,0.235496439,-0.01093746,0.059098606,0.094849877,0.318644241,-0.170410708,-0.044636245,0.333785716,0.318031823,0.345053455,0.394768736,0.002840642,0.207923987,0.228527692,0.05560397,0.101887166,-0.261999355,0.244192276,-0.023713669,-0.014286084,0.415332855,0.438137058,0.063800279,0.330390872,0.214956541,-0.045553904,-0.037007048,0.26504203,0.145952475,0.163759903,0.117749289,-0.310404172,0.385171631,0.383111731,-0.18035511,0.196516453,0.129091543,0.256790308,0.302750261,0.421354743,-0.03378559,0.268087159,0.2713894,-0.055660335,0.309988621,-0.213021879,0.048386691
KEGG_PATHWAYS_IN_CANCER,-0.17147099,0.086975065,0.06617904,0.208978078,0.045961384,-0.184580317,-0.056495379,0.004485879,0.094049611,-0.290578371,-0.074202586,0.099972561,0.156293355,0.260312091,0.06670997,0.115107959,0.199581889,-0.023532698,-0.148098069,-0.196828853,0.209240586,0.064173179,-0.090595335,0.049548905,0.140628884,0.052878269,0.157935221,0.139708304,-0.252629958,-0.316264916,-0.032509227,-0.271428813,-0.086339186,-0.188000673,-0.256180591,-0.074521996,-0.062994926,-0.259620723,-0.056217479,0.218376564,0.262853194,-0.086252167,0.131064704,-0.020239812,-0.158171253,-0.131820097,0.104358254,0.296108538,-0.011565816,-0.166507249
KEGG_PENTOSE_AND_GLUCURONATE_INTERCONVERSIONS,-0.235356219,-0.212272511,-0.221444788,0.041718256,-0.175936617,0.725560553,0.357143179,0.336278418,0.232774435,0.3099688,0.197327504,0.438419955,0.489379371,-0.456372912,-0.054094263,-0.115366447,-0.165367076,0.478532525,0.386070494,0.686581895,0.229438356,-0.149949262,-0.139795616,-0.415485454,-0.16214951,0.294700491,0.411747025,-0.108140321,0.542205406,0.407795199,0.657917889,0.733564131,0.525046844,0.520948423,0.40761723,0.530522288,0.249982613,0.662136574,0.189720394,-0.061806614,0.451257819,0.45562252,0.454596354,0.012946523,0.491598947,0.249004688,-0.318869605,0.12742981,0.070350436,0.322843333
KEGG_PENTOSE_PHOSPHATE_PATHWAY,0.391751824,-0.270928863,0.311005638,-0.128820463,0.02913276,0.431459935,-0.042899464,0.509792251,-0.195776408,0.227260623,0.489537647,0.399739698,0.131625858,-0.220569216,-0.013171255,0.383971731,-0.276098193,0.334547278,0.03293105,0.111426599,0.429550762,0.009105195,0.30402296,0.071062576,-0.319084289,-0.141333326,0.187538057,0.302131564,-0.144188693,-0.013297001,0.168782838,0.512459282,0.186264009,0.222166195,0.034067731,0.489639359,0.254666845,0.382487552,0.258598676,-0.202562192,0.168615359,0.290701981,0.363433042,0.054104007,0.491835243,0.122001701,-0.112644746,-0.372536567,-0.443126273,0.168219515
KEGG_PEROXISOME,0.236120983,0.009612922,-0.033973765,-0.438394642,0.327807624,0.44983402,-0.190252607,0.137415766,0.140095544,0.313489234,-0.046492252,0.300580042,0.374542845,-0.100338908,0.085837618,-0.002819994,-0.272305095,0.019366101,0.029168497,0.345217535,0.165322031,0.36375186,0.282504636,-0.244502664,-0.226061977,-0.054436257,0.179880238,-0.14931325,0.290394899,0.46267197,0.241185037,0.365563024,0.449455103,0.29377494,0.366132989,0.228842187,0.02692791,0.115190428,0.089276162,0.127068382,0.017795123,0.397217719,-0.127848919,-0.121737934,0.19265956,0.174737503,-0.133700505,-0.358847442,0.021237401,0.464269856
KEGG_PHENYLALANINE_METABOLISM,-0.280207195,-0.419876076,-0.113417123,-0.240497417,0.532439732,0.162299426,-0.126958029,0.400483393,0.358031879,-0.071538129,-0.182638145,-0.056407293,0.190858006,-0.46634035,0.13403133,-0.315704877,0.429068336,0.434513046,-0.093064557,0.258407893,0.209087189,-0.102338149,0.05586149,-0.494662604,-0.013784349,-0.244031603,-0.131594741,0.030754893,0.491709671,-0.012116357,-0.131699142,-0.318380736,-0.039273767,-0.277652862,0.230440208,0.016018085,-0.370799498,-0.008695869,0.071771503,0.346910539,0.052778188,-0.234399644,0.177443517,-0.315372116,0.201743624,0.256262707,-0.376553178,0.28279489,0.282239952,0.48019681
KEGG_PHOSPHATIDYLINOSITOL_SIGNALING_SYSTEM,0.007708318,0.312862749,-0.109393442,-0.013528779,0.331120709,0.047228544,-0.255908374,-0.374066297,0.185531324,-0.236469578,-0.198948173,-0.052173418,0.105037913,0.268567439,0.29836477,0.045545451,0.189248303,-0.381679131,-0.364377124,0.150190917,0.305574125,-0.04855793,-0.201639945,0.244413749,-0.174439058,0.133039403,0.551219802,-0.079853655,-0.402015186,-0.326560469,-0.213773898,-0.376436452,-0.100898413,-0.083499006,-0.310492096,-0.412930299,-0.296398124,-0.399565584,-0.287190182,0.394068236,-0.172335426,-0.255618933,-0.254155125,-0.211749985,-0.344580131,-0.330271944,-0.02728891,0.297337048,0.023483328,-0.126728243
KEGG_PORPHYRIN_AND_CHLOROPHYLL_METABOLISM,0.118454209,-0.02844254,-0.239388579,0.032885307,0.088202562,0.506271573,0.218004462,0.440576669,0.157772442,0.409075993,-0.161135909,0.125737938,0.16036365,-0.308492968,-0.23427551,0.260565224,-0.35468258,0.247380001,0.072643245,0.436035166,-0.023701258,0.142193519,0.052424035,-0.439569446,-0.178770628,0.332851861,0.005990405,0.102122887,0.357295668,0.490893346,0.454997125,0.430280472,0.323884503,0.346076397,0.352430545,0.212351506,-0.164911542,0.267923701,0.234900234,0.085245876,0.171596373,0.430500384,0.183431488,-0.01275285,0.415782416,0.313552647,0.043513649,-0.296235096,-0.029013896,0.411696855
KEGG_PPAR_SIGNALING_PATHWAY,0.079247042,-0.181468535,-0.313575972,-0.028222284,0.430266728,0.171252471,0.056021205,-0.079061276,0.07352259,0.113046081,-0.126284305,0.187527325,0.379087222,-0.191411938,0.239395188,-0.197595757,0.110292592,0.037219762,-0.042764909,0.158861851,0.230900558,0.335417934,0.004560218,-0.071700332,-0.069524624,-0.086254541,0.344323489,0.014152602,0.263803083,0.309134669,0.239475967,0.208801917,0.158326257,0.246258432,0.094322804,0.145208955,-0.068062438,-0.042934883,-0.099314633,0.528613611,0.032030328,0.093080385,0.085849854,-0.38263015,-0.036517971,0.169576458,-0.147510568,-0.001203383,0.044529243,0.365086959
KEGG_PRIMARY_BILE_ACID_BIOSYNTHESIS,0.361043613,-0.447529792,-0.573453199,-0.115095648,0.233151028,0.519827405,-0.384857481,-0.392584645,-0.04033249,-0.366038504,-0.438653409,0.113369657,0.157388196,0.231681568,-0.254578353,-0.112990094,-0.321809069,0.098436141,-0.185801634,0.188360312,-0.314688695,0.161406349,0.316432039,-0.264686158,0.126440308,-0.443911982,-0.065768642,-0.230496049,0.527622341,0.589720996,0.144937441,0.366171015,0.185277404,0.14622638,0.521408812,0.465899362,-0.197575597,0.190798785,0.201615192,0.508583876,0.392194043,0.325012564,0.110639683,-0.645717847,0.014792361,0.246161364,0.033577424,0.510274245,0.254457317,0.593543227
KEGG_PRIMARY_IMMUNODEFICIENCY,-0.407419015,-0.2499145,0.019401508,0.394528956,-0.599995127,0.404713545,-0.393078823,-0.166889324,-0.440616417,-0.221352177,0.236557848,-0.38465409,0.013475934,-0.303404327,0.449016824,-0.416285206,0.424530802,0.400837832,-0.496370755,0.566247173,-0.134858323,0.139951306,-0.339752282,-0.267236386,-0.236284389,0.327497556,0.187532338,0.59363122,0.621932026,0.222794341,0.490640188,-0.41224868,-0.345630271,-0.568615094,-0.169399504,0.401434894,0.443225974,0.180190486,0.131994221,-0.232273044,-0.311601271,-0.494061069,0.329569083,-0.224608802,0.108195522,-0.008738505,-0.471346227,0.697856516,0.577220312,-0.014368252
KEGG_PRION_DISEASES,-0.041362414,-0.219730091,-0.089867774,0.142900328,-0.09154981,0.090116583,0.15621215,-0.132187476,-0.248326829,-0.06759193,-0.116341953,-0.084152744,0.198059762,0.312554598,0.082751489,-0.09740668,0.468271161,0.039633772,-0.041623455,-0.032433896,0.262705207,-0.162160722,-0.045240731,-0.261854109,0.138980029,-0.029048965,0.047888033,0.139585098,0.152297882,0.029740061,0.094557345,-0.245546899,-0.106851368,0.060849172,-0.269041322,0.222042269,0.111040322,0.035708568,0.286537299,0.465309413,0.349750436,0.060820557,0.374064943,-0.300761729,-0.129797626,0.137910383,-0.33597592,0.478850087,0.163668785,0.198552366
KEGG_PROGESTERONE_MEDIATED_OOCYTE_MATURATION,0.041960856,-0.051281457,0.278860738,-0.300213452,-0.077274966,0.051468713,0.190244141,0.067039434,-0.042349734,0.252197484,-0.065234233,0.013477236,-0.139019013,-0.18215241,0.063870036,0.077423135,0.152712072,-0.097276237,0.114986779,-0.17189269,0.212564627,-0.128357394,0.020636949,0.289726371,0.178448574,-0.004629061,0.085535306,0.173353515,-0.146344829,-0.195907564,0.195635029,-0.036751338,-0.215920762,-0.092153774,-0.195379289,0.024753384,-0.036398468,-0.115006893,0.263068987,0.126229237,0.112022975,0.082259246,0.175972432,0.201132145,0.09161294,0.083055968,-0.103400416,0.135754036,-0.383417249,-0.286084644
KEGG_PROPANOATE_METABOLISM,-0.019346198,0.082498596,-0.239329145,-0.384329302,0.414653739,0.318310909,-0.157554749,-0.076415777,0.557242789,0.372603132,-0.31162044,0.380020704,0.127992876,-0.204901228,0.358877396,0.199662573,0.041399214,0.252552517,-0.118793702,0.635500631,0.475003213,0.326075794,-0.238729883,-0.245308916,-0.284022611,0.044095918,0.064501647,-0.251062768,0.221514986,0.327077328,0.31548668,0.298178649,0.215662948,0.256843679,0.525035797,-0.089620016,-0.206721705,0.17010864,-0.160268795,0.288237435,-0.055025879,0.425826888,-0.276377431,0.255767233,0.090744825,-0.14576075,-0.240757152,-0.340833666,-0.395023878,0.52522874
KEGG_PROSTATE_CANCER,-0.187998758,0.216656916,0.070370423,0.059550884,0.114189507,-0.039505307,0.074377699,-0.081025835,0.196667909,-0.089375994,-0.209088438,0.275087146,0.048866213,0.041300785,0.094578693,0.102916823,0.291025687,-0.175078825,-0.068587465,-0.06630473,0.260703269,0.092816725,0.014796541,0.127258835,-0.004927399,0.232148278,0.16158708,0.022987506,-0.33013784,-0.343682051,-0.093669669,-0.361974707,-0.157993025,-0.013892529,-0.218167118,-0.253072967,-0.231255278,-0.353748147,-0.113732512,0.239156218,0.210247853,0.046457893,-0.017923124,0.190289118,-0.185364396,-0.311241428,0.230172054,0.249629553,-0.263583239,-0.182177531
KEGG_PROTEASOME,0.326749453,-0.294511911,0.592743408,-0.219062436,-0.490681447,0.514432392,0.300501083,0.624610485,-0.36557086,0.558727649,0.341082544,0.337854156,-0.070225933,-0.662662672,-0.422153509,0.598651165,-0.239869155,0.57118679,-0.11265868,-0.22490128,0.342144392,0.030627682,-0.437795894,-0.032289407,-0.09070719,0.327070261,-0.422681052,0.328319822,0.473187277,0.321016424,0.559818294,0.556621378,0.411443689,0.343817657,0.40530289,0.601136405,0.588409519,0.652886983,0.588241358,-0.315916968,-0.0360572,0.495648957,0.55041807,0.300757197,0.622332101,0.510960132,0.357375086,-0.582130236,-0.521043348,0.551278269
KEGG_PROTEIN_EXPORT,-0.231855296,0.141620056,-0.204342831,-0.290116296,-0.258600662,0.153076489,0.276577256,0.528063558,0.469242731,0.181869778,-0.11337055,0.251059159,-0.086264913,-0.459241843,-0.247713092,0.428079968,0.440385049,0.35182164,0.547891823,0.068842697,-0.248341893,0.380103254,-0.13389908,0.02902335,0.163188923,0.1821177,-0.349504341,-0.342877222,0.379258957,0.275551107,0.392985662,0.336437772,0.302187296,0.40848452,0.459679921,0.162801801,0.012641109,0.269278473,0.211528217,-0.292224977,0.006357368,0.175160762,0.247575952,0.167954321,0.120976406,0.27745478,-0.156910433,-0.445371549,-0.431535202,0.577881726
KEGG_PROXIMAL_TUBULE_BICARBONATE_RECLAMATION,0.139275634,0.169056274,-0.225352662,-0.388749571,0.237201455,0.03457926,0.195224,-0.140147544,0.254718394,0.095036782,0.050949675,-0.138941702,0.491917952,-0.037891958,-0.137144,-0.137806347,0.19917575,0.150077492,0.072328253,-0.047913855,0.200972234,0.160923546,0.19019491,-0.313611443,0.425155823,0.227324993,0.439420451,0.032474445,0.362487093,0.327322958,0.250341819,0.164122383,0.364537428,0.233309924,0.100953882,0.394800899,0.32487947,0.150577234,0.127029286,0.380587381,0.245580467,-0.074268162,0.147594531,-0.420878924,-0.284718588,0.422610581,-0.327350037,0.102136745,0.359125024,0.224888693
KEGG_PURINE_METABOLISM,0.12864355,-0.109237021,0.195568759,-0.216431435,-0.010103322,0.120538636,0.309530189,0.219370665,-0.085932555,0.174076151,-0.039005717,-0.111712113,-0.148164042,-0.094833632,-0.088618258,0.267381004,-0.067080267,0.116836555,0.226143018,0.217222717,-0.028541318,-0.012892024,-0.012126576,-0.200469991,0.083501113,0.053735959,-0.267344186,0.140247053,0.158132765,0.17185301,0.175118674,0.264208949,0.126573135,0.029449995,0.141117289,0.216642449,0.225624535,0.224613251,0.233315253,-0.187699561,0.045328088,0.218990701,0.250617445,0.1125424,0.243383892,0.249860004,0.007431697,-0.142157974,-0.259806736,0.147904994
KEGG_PYRIMIDINE_METABOLISM,0.221950199,-0.186803131,0.332230039,-0.263033301,-0.183753945,0.370717535,0.334120196,0.411579722,-0.089251103,0.331890557,0.173472181,-0.039353094,-0.119208494,-0.288761672,-0.183399151,0.370207105,-0.302646334,0.27054627,0.327791971,0.159746554,-0.23124399,0.174065845,0.21737083,0.008456091,0.077363346,-0.040606586,-0.222518425,0.066303871,0.195170869,0.173629655,0.187990517,0.342100348,0.287094159,0.059568463,0.194640966,0.266060201,0.412591728,0.26594466,0.471082508,-0.409428891,-0.197573938,0.294479952,0.32165396,0.171576276,0.416742537,0.401285627,-0.200149956,-0.423115647,-0.425686272,0.088726019
KEGG_PYRUVATE_METABOLISM,0.048619451,-0.107909078,-0.078527691,-0.371578083,0.295555139,0.297218365,0.0457407,0.057483476,0.166324804,0.527285716,-0.098680918,0.173745119,-0.024244945,-0.383440065,0.261147649,0.332527964,-0.353987312,0.351126439,0.242377991,0.449584524,0.099405925,0.352549994,-0.172130285,-0.19931131,-0.281734055,0.147179305,-0.110851608,-0.040954294,0.173263977,0.391975515,0.195608381,0.274241558,0.033067941,-0.02939386,0.477320932,0.025973184,0.036879129,0.181220495,0.277430483,0.214616246,-0.10643807,0.44553609,0.195646752,0.010015142,0.002202269,0.199620202,-0.303482251,-0.417905734,-0.310084625,0.340560397
KEGG_REGULATION_OF_ACTIN_CYTOSKELETON,-0.12586904,0.042340066,0.24225047,0.299130376,0.061946338,-0.153445645,-0.179361997,0.019594438,-0.045168293,-0.164727132,0.029724161,0.207591615,0.32259203,0.305423945,0.129128687,-0.010843318,0.288739301,-0.099666686,-0.184117176,-0.286831027,0.287887879,0.245833734,-0.093249292,0.166458841,0.165913536,-0.03205133,0.232789032,0.121147791,-0.279916795,-0.237862072,-0.134804623,-0.201861761,-0.009108978,0.07988467,-0.328090095,0.030676267,0.147735238,-0.287531213,-0.045736605,0.312090893,0.335758667,0.07116876,0.302096984,-0.230271226,-0.082657297,-0.091525641,0.07004007,0.34191328,0.005560673,-0.16143714
KEGG_REGULATION_OF_AUTOPHAGY,0.264548669,-0.128274207,0.000509497,-0.311102102,0.392504372,0.192623848,-0.131152351,0.195293077,0.498212034,0.22458047,-0.101898829,-0.004655715,0.35071477,-0.271390857,-0.171352481,0.356106033,0.082887214,0.323488903,0.30479492,0.170788688,-0.166680131,-0.076760931,0.278770218,0.409831795,-0.359699603,-0.100243712,0.212333774,-0.093830434,0.344394843,0.262680948,0.106524411,0.376093796,0.086215717,-0.208538838,0.198214322,0.186037544,0.251943403,0.195669717,0.155752036,0.243821155,-0.005835722,-0.300589653,-0.251302667,0.192968414,0.302302354,-0.048068239,-0.265178766,-0.522971819,-0.077965489,0.239566197
KEGG_RENAL_CELL_CARCINOMA,0.062061587,0.248373202,0.296067652,0.176154929,0.159443548,-0.244285915,0.001962519,0.085201099,0.06059127,-0.165835749,-0.025913488,0.209526034,0.121553267,0.143514004,0.143658401,0.12883466,0.164956848,-0.188416014,-0.139012803,-0.298344253,0.241708083,0.017056785,0.079325831,0.292315707,0.148861678,-0.007573301,0.176108869,0.091073761,-0.313725257,-0.231762961,-0.122060208,-0.186623323,-0.018322522,0.006682973,-0.295407565,0.038238633,0.006616124,-0.249045272,-0.007000121,0.326132973,0.229995592,0.022869667,0.286101501,-0.098574567,-0.084537402,-0.053365179,0.166946209,0.268311929,-0.312698306,-0.289069575
KEGG_RENIN_ANGIOTENSIN_SYSTEM,-0.17352052,-0.001619181,-0.371955659,0.087747729,0.257815156,0.602514872,-0.09934928,-0.25261809,-0.039225168,-0.262662199,-0.265707807,-0.260989912,-0.035610448,0.013715544,-0.156967727,-0.089749678,0.466682288,-0.241229309,0.059330668,-0.273758263,0.114149999,-0.341135719,-0.336541376,-0.427603464,0.405549753,-0.117678046,-0.058763435,-0.001896199,0.542667146,0.231263841,0.047075341,0.004138261,-0.099463352,0.199637835,-0.167904639,0.150831868,-0.050693028,-0.138856474,0.256143921,0.608432852,0.498880835,-0.137854924,0.309600897,-0.465134908,-0.39497371,0.148047096,0.183669748,0.536883202,-0.045813189,0.145293976
KEGG_RETINOL_METABOLISM,-0.335824651,-0.216834215,-0.481410156,-0.073564495,-0.148931051,0.553850966,-0.105533843,0.085620064,0.284194327,0.07781652,-0.533227073,0.381749606,0.505733057,-0.516800569,0.211162556,-0.184352185,-0.272452378,0.419747866,-0.063464357,0.519951631,-0.112222249,-0.165459093,-0.345824453,-0.669360388,-0.146986815,-0.131357294,0.389300494,0.285421244,0.554428809,0.274174811,0.460753937,0.088976218,0.596067267,0.482719363,0.134519187,0.332675352,-0.206574376,0.519975724,-0.322025668,0.270201533,0.301893923,0.130717525,-0.01361269,-0.213161791,0.355910976,0.129696436,-0.439434323,0.13838764,0.545809724,0.37777897
KEGG_RIBOFLAVIN_METABOLISM,-0.139290301,-0.266578109,0.158502694,0.007999137,0.126032054,0.505070048,0.211474247,0.04080551,0.30869881,0.254602444,0.000377631,0.071424365,0.093328189,-0.223229304,0.017621391,-0.214340222,0.158057713,-0.123501691,0.290291885,0.545779281,-0.294161016,-0.049923476,-0.161044984,-0.085736649,-0.283655103,0.369348481,-0.063817971,-0.205377644,0.142523771,0.144623901,0.008083594,0.221972846,0.129550993,0.355630913,0.057845358,0.401031723,0.179777445,0.373159273,-0.120288291,0.23336168,0.123629491,0.176903565,-0.028679159,-0.451907227,0.298969733,0.241696766,-0.208018562,-0.118413898,-0.373085322,0.445472878
KEGG_RIBOSOME,0.302526608,-0.14065911,0.418788723,-0.490452673,-0.554309042,0.457247666,0.410541261,0.791214487,-0.584905474,-0.556877569,0.22330841,-0.626469164,0.53096282,-0.618611797,-0.793622657,0.483213466,0.037186163,0.623451315,0.610840404,0.342598548,-0.628998845,0.439372919,0.648122326,-0.165316062,0.487323204,-0.327527406,-0.57235829,-0.209391648,0.607431674,0.6154757,0.569729413,0.786649905,0.660550455,-0.278247581,0.841008461,0.705059153,0.680031702,0.812363679,0.328620096,-0.432287189,0.490265563,0.56267502,0.580765744,0.283027525,0.505920408,0.70131089,-0.348758111,0.536054931,-0.282399381,0.402594708
KEGG_RIG_I_LIKE_RECEPTOR_SIGNALING_PATHWAY,0.261811484,0.338443676,-0.041960943,-0.176737921,0.237503061,-0.061224075,-0.318865098,0.204407284,0.303627234,0.075213519,0.357640097,0.153338727,-0.018165831,0.037693998,0.234991614,-0.000854599,-0.017555453,0.082044502,-0.216566348,-0.20102239,-0.1570778,0.159318958,0.33332552,0.036759725,0.01564438,-0.148854875,0.263461276,0.113457094,0.044991664,0.11127009,0.215573327,0.010644623,-0.161917307,-0.116733695,0.148959226,-0.016543294,0.216021208,-0.280557426,-0.003879977,0.120975386,-0.135559467,-0.159333644,-0.030828201,-0.090897265,0.047389521,-0.083507369,0.114789738,-0.101237893,-0.049277618,0.120671827
KEGG_RNA_DEGRADATION,0.147151512,0.13868782,0.300612691,-0.390608864,0.207432258,-0.044787682,0.340108347,0.202335633,0.123862317,0.282408018,0.08547629,-0.289890764,-0.28757845,-0.325665667,-0.398162948,0.500016603,-0.352550015,-0.017610331,0.003764764,-0.088787713,0.100779607,-0.113364782,0.20072822,0.371353889,-0.289421775,-0.138022477,-0.143339133,-0.227207477,-0.101374164,-0.023209143,0.10089945,0.222327441,0.032812505,-0.322524888,0.225484137,-0.049299558,0.109774337,0.129499018,0.422328415,-0.39915266,-0.407647161,-0.058509935,-0.220718016,0.405252717,0.210639879,0.081325387,0.086746838,-0.365506775,-0.483779006,0.016392644
KEGG_RNA_POLYMERASE,0.258286786,0.110132912,0.337576668,-0.268914281,-0.232726379,0.34111641,0.525697457,0.423189903,-0.217478428,0.228964331,-0.039448045,-0.229642601,-0.316205602,-0.147913232,-0.201282955,0.42891871,-0.326474566,0.160086757,0.324281066,0.209995683,-0.215348953,0.051693058,-0.038589107,0.074276548,0.156661565,0.007092824,-0.499693647,-0.21888009,0.087243641,0.144690847,0.237296583,0.325497353,0.115491072,0.13713585,0.465956416,0.366259955,0.453139288,0.326332642,0.497040806,-0.452629455,-0.313739336,0.246577206,-0.014466546,0.456880662,0.290116353,0.352247301,-0.00583793,-0.422216863,-0.588508161,0.197223464
KEGG_SELENOAMINO_ACID_METABOLISM,0.085967088,-0.105242821,0.161414783,-0.424141254,0.057427523,0.315416085,0.068328363,-0.180761141,0.01708031,0.14307977,0.111393796,0.219669489,0.179603568,-0.142526553,0.001267816,0.153985304,-0.420619055,0.05298317,0.401688038,0.331798848,0.090600687,0.427949514,0.293289191,-0.01166411,-0.368426812,-0.105477449,0.033090716,0.007901334,0.254702685,0.368188326,0.318559515,0.493771234,0.275464131,-0.150477238,0.19390367,0.176460656,0.045092316,0.353817538,0.305791892,0.036161194,-0.219311569,0.317026521,-0.289960804,0.199098155,0.335097306,0.408243457,-0.068582599,-0.461749176,-0.189485946,0.425872022
KEGG_SMALL_CELL_LUNG_CANCER,0.013664264,-0.047258667,0.154206946,0.165232197,-0.105818763,-0.04022461,0.005164862,0.257749249,0.155334169,-0.159262784,-0.196687072,-0.014278531,-0.059857041,0.151817748,0.088241613,0.335094499,0.135788692,-0.089285917,-0.195770719,-0.162762681,0.184332882,-0.207855632,-0.03389508,0.203643036,0.033998437,0.101933189,0.191067652,0.215046237,-0.244082957,-0.373117322,0.112818725,-0.16306942,-0.138380786,-0.258647894,-0.325043283,-0.191549574,0.023837318,-0.246356164,0.127485765,0.171848954,0.23462562,-0.244549453,0.058369556,0.131079763,-0.106216446,-0.157219337,0.289093093,0.252161186,-0.147740809,-0.321689172
KEGG_SNARE_INTERACTIONS_IN_VESICULAR_TRANSPORT,0.328028629,0.215343763,0.18924584,-0.103008373,0.265039757,-0.001273519,-0.112777888,0.138362426,0.140386947,0.33461931,0.133844237,-0.104620549,-0.006124083,0.138781226,-0.089975072,-0.095081919,-0.068616562,-0.209805067,-0.046419189,-0.048212838,-0.284633235,0.226175291,0.203179363,0.252733578,-0.159816807,-0.155412762,0.222513416,-0.073931688,0.150322139,0.435024091,-0.131514944,0.183983638,0.066298259,0.252245554,0.356732745,0.140381102,0.244184039,0.125545816,0.092006453,0.17221487,0.198540455,0.042122839,-0.008572541,-0.229990969,0.156406319,0.053153809,0.050942364,-0.279310696,-0.065378111,0.340471315
KEGG_SPHINGOLIPID_METABOLISM,0.139029264,0.14207556,-0.091257279,0.292886663,-0.084921252,0.494009021,0.324433053,0.148848171,0.227665706,0.22130008,-0.147723159,0.104717396,0.432495345,0.035453415,0.235943263,-0.023694451,0.277418615,-0.239311643,0.271849955,0.139456642,0.152464045,0.33651233,-0.044630266,-0.056587253,0.355169003,0.4876747,0.222917289,-0.010904226,-0.104881147,-0.058730374,0.295998133,-0.132190496,0.347548657,0.562661627,-0.198764085,0.106992457,0.11661405,-0.114423459,-0.018126972,0.292052538,0.366170226,0.113484749,0.088911103,-0.169623182,-0.086033219,0.068209353,-0.181872415,-0.042166169,0.063365338,0.112004861
KEGG_SPLICEOSOME,0.285827164,0.260967706,0.324660162,-0.397298687,-0.06308286,-0.024189305,0.251075793,0.185569399,-0.260256388,0.332508077,-0.031505142,-0.012590369,-0.350307165,-0.366669081,-0.540533177,0.502602166,-0.508047674,-0.233903493,0.030864424,-0.287194502,-0.048588889,-0.049315533,0.014150346,0.324250926,-0.303104952,-0.088913195,-0.281330912,-0.078147728,-0.291015231,-0.154989644,0.048227268,0.15462577,0.157683573,-0.092045897,-0.013148159,-0.116616771,0.056284619,0.262119812,0.475702363,-0.532049182,-0.424646567,-0.094102235,-0.178049473,0.532853807,0.126040635,-0.06852375,0.062575308,-0.341469285,-0.412824069,-0.005853131
KEGG_STARCH_AND_SUCROSE_METABOLISM,-0.037008753,-0.387675732,-0.217982556,0.362410876,-0.22196016,0.215894378,0.058793519,0.20230404,0.066437044,-0.251767598,-0.168479479,0.496695428,0.241093791,-0.37923998,-0.090536201,0.237966325,-0.117780762,0.266446304,-0.329044213,0.057179747,0.201111687,-0.033864952,0.055893622,-0.082480738,-0.258873087,0.07552886,0.02790434,0.059008733,0.09124701,-0.274049401,0.366744426,0.175780942,0.043797268,0.278000291,-0.313047715,0.190367059,0.153016535,0.169815995,-0.273983681,0.08442131,0.340935298,-0.060339868,0.341714881,-0.043361909,-0.115544675,-0.028852332,0.126958136,0.13611117,0.154469121,-0.068685376
KEGG_STEROID_BIOSYNTHESIS,0.41689556,-0.312866369,-0.487433132,0.086327316,-0.134994636,0.438864952,0.178272246,-0.326871681,0.24484008,0.390754907,0.223042869,0.224554457,0.292836394,0.18985592,0.056527911,0.349941323,-0.397116181,-0.544277003,0.102232456,-0.403436158,0.278189951,0.440702781,0.083029785,-0.072000569,-0.163424206,0.561160861,0.077974243,-0.147804401,0.492183921,0.376794617,0.143445066,0.320239959,0.52627221,0.744066471,-0.464147167,0.085151054,-0.031611272,-0.184640151,-0.24047463,0.692112141,-0.267343706,0.50135714,0.402718266,0.095291239,0.337082795,0.638974771,-0.411268152,-0.27950528,-0.525400453,0.355904591
KEGG_STEROID_HORMONE_BIOSYNTHESIS,-0.176387111,-0.148840672,-0.421209669,-0.203989794,-0.031532939,0.540076981,0.098034853,0.358542778,0.228957741,-0.140873655,-0.414503314,0.312492326,0.51531315,-0.294012176,0.152844528,-0.353808627,-0.039232897,0.281222841,0.162374593,0.348299651,-0.229634434,-0.010660377,-0.182867137,-0.541183052,0.05572054,0.001893622,0.300758074,0.120138484,0.598121358,0.311126368,0.498565852,0.424218878,0.502823357,0.400132609,0.415161236,0.337040691,-0.224803336,0.397778114,-0.175532114,0.236479494,0.377146889,0.270137067,0.089294483,-0.414187096,0.403092192,0.159134232,-0.507490063,0.361783263,0.397482861,0.446379202
KEGG_SULFUR_METABOLISM,0.272454936,0.013694797,-0.248375286,0.259233447,0.460017742,0.458117577,0.047739204,0.258979326,-0.119310313,0.03200391,-0.419630303,0.602906662,0.095330783,0.019502375,-0.387468435,-0.006175995,-0.01397633,-0.119285104,-0.073095099,0.236468811,0.388427381,0.168954672,0.020756812,-0.544039498,0.250020587,0.023244986,-0.313356348,0.039857294,0.212101224,0.654462755,0.109093344,0.180363941,-0.084626381,-0.01354331,-0.079082458,-0.074717596,-0.276771075,-0.349209352,-0.282903628,0.541876024,-0.216843544,0.380285909,-0.109484684,-0.499655199,0.11145766,0.167177217,-0.391062917,0.179668484,0.095189389,0.200130575
KEGG_SYSTEMIC_LUPUS_ERYTHEMATOSUS,-0.386608538,-0.195382417,0.384376269,0.267746711,-0.427379996,-0.123219959,-0.14300359,-0.028425716,-0.359666975,0.238376379,0.075583706,-0.078868922,0.317984596,-0.138077629,0.226821889,-0.210797987,0.121010454,0.27093918,-0.059534395,0.337252167,0.212674732,0.04139512,-0.302560271,0.144896433,0.15370088,-0.030310258,-0.003465927,0.241095631,0.593755638,0.437994253,0.381301891,0.14874596,-0.027558318,-0.36020662,0.005153055,0.489123289,0.405912915,0.240134797,-0.12772947,-0.116656078,0.056431552,-0.211820485,0.309422963,-0.408665936,-0.17988309,0.195098916,-0.452182844,0.40552874,0.330476929,-0.309824476
KEGG_TASTE_TRANSDUCTION,-0.317421685,-0.304633177,-0.520017472,0.233372626,0.246690779,-0.280338323,-0.04309201,-0.178470422,-0.038189737,-0.514795142,-0.197512104,0.006733888,-0.340288951,0.072459382,0.256383918,-0.41407102,0.029695516,-0.231326614,0.078177591,0.279877943,-0.217592904,-0.47778185,-0.271918764,0.067639412,-0.318716966,0.221548528,0.008977315,-0.325486164,-0.331524323,-0.526590939,-0.437192142,-0.344276882,-0.397108707,-0.277332956,0.042047066,-0.337460842,-0.426270394,-0.171547553,-0.409700927,0.079757573,-0.349226103,-0.415027036,-0.41481566,-0.29523594,-0.390893022,-0.276052016,-0.089085652,0.01890755,0.28197606,-0.374676088
KEGG_TAURINE_AND_HYPOTAURINE_METABOLISM,-0.253127235,-0.096398592,-0.444231604,0.443207643,-0.438463744,0.161853499,-0.274108822,-0.245772451,-0.451201401,-0.589422885,-0.543148539,0.32144784,0.286866372,0.527523336,0.264265166,-0.270486285,0.018978148,0.138750638,0.33535955,0.065803242,0.018656956,-0.01507971,-0.212462574,-0.543709281,-0.138224285,0.169680524,0.138154719,0.137469908,0.239553481,-0.153207869,-0.297104847,-0.152575164,0.169300612,0.188162738,-0.399618665,-0.406812554,-0.504263683,0.127951225,-0.440905685,0.098920402,0.121840586,-0.035817901,-0.599804264,-0.454082075,-0.057917814,-0.170683275,0.037606702,0.1605499,0.543009297,0.323282388
KEGG_TERPENOID_BACKBONE_BIOSYNTHESIS,0.014074448,0.089680745,-0.442269998,-0.114897425,0.214778193,0.075558241,-0.038572573,0.041358136,0.583182421,0.563154301,0.030975446,0.084502485,0.363324024,0.028876042,0.31098044,0.540934782,-0.453840828,0.052346543,-0.147818953,0.358763092,0.253682752,0.172755273,-0.180645179,-0.198487263,-0.096557527,0.496394929,0.055396353,-0.436091743,0.608272522,0.462050021,0.332373941,0.491612391,0.515103358,0.584239468,0.374728729,0.125594245,-0.132018615,0.053398371,0.176356096,0.528460726,-0.239131769,0.514549154,0.181981393,0.303842087,-0.043300494,0.387962516,-0.329165037,-0.468761071,-0.572718711,0.502363897
KEGG_TGF_BETA_SIGNALING_PATHWAY,-0.116349896,0.074203302,0.04462512,0.141460945,0.057869539,-0.322477885,0.094089351,-0.16375544,0.194028399,-0.448432464,-0.078256063,0.223543891,0.167579565,0.268546129,0.015883456,0.090763094,0.245231451,-0.072674111,-0.155416728,-0.207197686,0.115151749,0.391480924,-0.228909211,0.054339178,0.273363246,0.104121575,-0.050679359,-0.108692095,-0.114327121,-0.240626865,-0.20833051,-0.125550606,0.033105925,-0.326155535,-0.074975086,-0.014900895,-0.073320355,-0.346903699,-0.327324815,0.261985753,0.365811402,0.090081939,0.064879237,-0.056213499,-0.121070891,-0.059886943,0.009719588,0.26228976,0.016330657,0.01750584
KEGG_THYROID_CANCER,0.076195305,0.427124598,0.152637865,-0.269012971,0.168308196,0.034151029,-0.045135892,0.228217288,0.174965525,-0.313816863,0.086656045,-0.037245169,0.334723229,0.292643743,0.052851124,0.104361374,0.341247072,-0.038522981,-0.070776129,0.032179083,0.353654991,0.262002332,0.136386662,0.317472807,0.120400756,-0.201300143,0.421334787,-0.099831127,-0.392495885,-0.18479546,0.023717679,-0.196782179,0.146624166,-0.240535587,0.095047393,-0.06194917,0.116001542,-0.319363602,0.109829174,0.146922296,-0.022413528,-0.057340684,-0.00936864,0.004278019,-0.331628238,-0.023402328,0.060169276,0.263793058,-0.177297801,0.029378768
KEGG_TIGHT_JUNCTION,-0.044246265,0.210017617,0.15037163,0.191677875,0.099847875,-0.070394393,-0.010514665,-0.037038115,0.079623864,-0.373432486,-0.037704974,0.074729143,0.260637749,0.176603869,0.01503167,-0.035461383,0.086897781,-0.077701759,-0.267401011,-0.164867097,0.281749352,-0.163737754,0.02399679,0.28859701,0.241888534,0.164146565,0.319254613,-0.181399412,-0.370700684,-0.209860864,-0.054358404,-0.21656589,0.045053131,0.051802054,-0.049443742,-0.109724312,-0.205836744,-0.285502136,-0.182972354,0.21469006,0.031752692,0.038409831,-0.001812686,-0.120853043,-0.177369816,-0.189519987,0.251002162,0.194703379,0.020423884,0.008312224
KEGG_TOLL_LIKE_RECEPTOR_SIGNALING_PATHWAY,-0.037069026,0.160022009,0.223825061,0.38276498,0.06202046,0.090169872,-0.288493831,0.132376757,-0.137450677,-0.007227149,0.392872132,0.17002415,0.271692905,0.162379814,0.277372106,-0.119775794,0.226333657,0.188891466,-0.343554516,-0.066701654,0.022016387,0.292479443,0.035469628,0.038862772,0.103187459,0.008864946,0.326381669,0.387784727,0.26860335,0.172005235,0.27559685,0.09628999,-0.20912419,0.048145598,-0.092837009,0.280492834,0.255880173,-0.285832159,0.120466114,0.391667638,0.243159652,-0.021558438,0.362477289,-0.267140813,0.034772095,-0.071879068,-0.18904915,0.393330147,0.094117407,-0.134407115
KEGG_TRYPTOPHAN_METABOLISM,-0.110103785,-0.157156346,0.17101903,-0.264655299,0.12601514,0.464634877,-0.010326664,-0.165338654,0.251081248,0.354740372,-0.264294315,0.142705053,0.185725893,-0.369896119,0.320501628,-0.043683276,-0.025264273,0.286832468,-0.198218297,0.493118186,0.281135233,0.340860032,-0.250583917,-0.359972957,0.055645435,-0.034230909,0.097668491,-0.034866365,0.519783276,0.354883148,0.396152777,0.11482994,0.090789189,0.074912882,0.304182019,0.379356029,-0.101226549,0.235061948,0.139089882,0.483197757,0.257659349,0.224408007,0.140697105,-0.102375028,-0.111431182,0.186223628,-0.368328466,0.287698292,0.052306272,0.531753948
KEGG_TYPE_II_DIABETES_MELLITUS,0.076754459,0.248378688,-0.057336843,-0.072163065,0.278445474,-0.196291987,0.261285281,-0.194987115,-0.00405193,-0.38811774,0.026942725,-0.180224655,0.262828472,0.172250127,0.035176227,-0.321707803,0.381114719,-0.361493243,-0.186867058,-0.104017107,0.46957073,-0.049231283,-0.039716609,0.007727402,-0.04866538,0.248722374,0.443336341,0.173363836,-0.220024363,-0.183924335,-0.102821108,-0.291545595,-0.249125639,-0.004476576,-0.218501684,-0.200426597,-0.225618119,-0.373702931,-0.299403528,0.50280854,0.003142593,-0.155549378,-0.230487108,-0.056516948,-0.37666086,-0.317604637,0.211206756,0.41907614,0.131932075,-0.356612098
KEGG_TYPE_I_DIABETES_MELLITUS,-0.229417434,-0.217865908,0.285832446,0.479031377,-0.579442814,0.460692039,-0.486615707,0.12592956,-0.302473594,-0.068704212,0.181643757,-0.028177096,0.352690812,-0.36634103,0.66594348,-0.412599413,0.401885139,0.420040573,-0.616751493,0.551165637,-0.223153929,0.463413612,-0.131646499,-0.338796407,0.080651799,-0.110948646,0.347887262,0.402088138,0.683724507,0.547029864,0.551927495,-0.033574661,-0.37256624,-0.366493269,-0.143167421,0.565704735,0.483524307,0.232171288,0.196212456,0.262158305,0.145996897,-0.205950249,0.555949636,-0.601359439,-0.110196185,0.361270887,-0.411387351,0.553296944,0.517753118,0.230066432
KEGG_TYROSINE_METABOLISM,-0.24097891,-0.473416273,0.017228151,-0.204755308,0.484247757,0.236313562,-0.32238683,0.128006105,0.325582536,-0.101974673,-0.146094164,-0.011998848,0.144830525,-0.462771329,0.127412992,-0.263765368,-0.188855221,0.24875251,0.229324911,0.411856905,-0.121175035,-0.13067001,0.022139908,-0.441568016,-0.099491592,-0.38815465,-0.018464377,0.214075449,0.373573937,0.261297477,0.125025488,0.231556998,0.265695045,0.026599529,0.326707001,0.123038879,-0.257934782,0.259654743,0.157205055,0.201614335,0.037948684,-0.049176138,-0.029233461,-0.1690531,0.275568085,0.306770066,-0.337994292,-0.090804215,0.38048259,0.497993812
KEGG_T_CELL_RECEPTOR_SIGNALING_PATHWAY,-0.117646493,0.093973974,0.324760176,0.106870488,-0.132447926,0.207240541,-0.281497198,-0.010772374,-0.005392885,-0.230279512,0.158228725,-0.20213245,0.037940298,-0.16854309,0.343657778,-0.105763138,0.383677308,-0.034192429,-0.413899213,0.110999869,0.174773476,0.171400378,-0.047133687,0.228938776,0.1328518,-0.063178711,0.286393901,0.251706936,0.104943309,-0.137543111,0.272618996,-0.289593419,-0.208306081,-0.302079127,-0.15110019,0.091656463,0.287314213,-0.306583182,-0.09410065,0.267604274,-0.021001934,-0.288008107,0.17331637,-0.050506844,-0.159658738,-0.019749253,-0.212502247,0.488599296,0.047553973,-0.222097532
KEGG_UBIQUITIN_MEDIATED_PROTEOLYSIS,0.128834676,0.200485699,0.2647806,-0.351543999,0.145746632,-0.097795996,0.095597374,0.153946072,0.227218992,0.136824948,0.068174223,-0.018878926,-0.083818997,0.058060351,-0.028136115,0.365969165,-0.215795089,-0.145693733,0.119880547,-0.024855014,0.084670614,0.041426939,0.296437794,0.355580196,-0.094927019,-0.082120956,0.020112137,-0.037116698,-0.22066156,-0.149638306,-0.052632022,-0.053118709,-0.082990163,-0.07344814,-0.093548192,-0.073855308,0.182259378,-0.043523726,0.173507053,-0.221575083,-0.130390827,-0.048771945,0.098913362,0.219379103,0.012314702,-0.048078229,0.188905956,-0.181693934,-0.366896615,-0.035414824
KEGG_VALINE_LEUCINE_AND_ISOLEUCINE_BIOSYNTHESIS,0.243648194,0.31762072,0.394376995,-0.225531633,0.316933129,0.078733724,0.320630601,0.059005438,0.412732633,-0.020586923,-0.357313222,-0.269873522,-0.414343094,-0.319087889,0.35632419,0.722482269,0.026110585,-0.164015839,-0.157148162,0.319750487,0.505114236,-0.222794266,-0.304536762,0.281098279,-0.443768781,0.281537347,0.064522982,-0.159798054,-0.282296711,-0.303841479,0.228732205,-0.041862742,-0.363378295,-0.12054535,0.264968651,-0.494239667,-0.483833061,-0.4489811,0.508842877,-0.090703778,-0.344416838,-0.127068484,0.423901173,0.448463656,-0.403316301,0.058308512,0.039543401,-0.339835481,-0.704657239,0.251732869
KEGG_VALINE_LEUCINE_AND_ISOLEUCINE_DEGRADATION,0.148370612,-0.056149822,-0.303918065,-0.304528792,0.393026549,0.21552101,-0.031033752,-0.19071696,0.43327106,0.314307152,-0.353154528,0.383864292,0.328464233,-0.223026776,0.343929905,0.081873601,-0.164703937,0.152416093,0.006610579,0.5870634,0.363195675,0.22667344,0.015890749,-0.134123198,-0.186195365,-0.010419769,0.10948857,-0.218460237,0.241391323,0.505712928,0.377695727,0.287571257,0.229197907,0.317381365,0.357885382,-0.106628731,-0.144317493,0.356174074,-0.070318335,0.371720463,-0.084903224,0.414622742,-0.190900682,-0.086667055,0.004192888,0.02983901,-0.137402616,-0.248590681,-0.395788933,0.545227312
KEGG_VASCULAR_SMOOTH_MUSCLE_CONTRACTION,-0.185797054,0.020963311,0.035813299,-0.02565592,0.303084327,-0.199518975,0.064352996,-0.391758625,0.190486488,-0.346716831,-0.209039253,-0.186627287,0.171357599,0.203122066,0.126099004,-0.330691504,0.419234802,-0.315733481,-0.14694657,-0.123496814,0.157796327,-0.10838738,-0.210765629,-0.071512366,0.191393842,-0.024506481,0.168968366,-0.10299225,-0.150735787,-0.155001022,-0.155060756,-0.304903928,-0.142827524,0.101964686,-0.169242333,-0.102403981,-0.197632395,-0.273849656,-0.156747622,0.466246802,0.285810614,-0.078612492,0.032426541,-0.296509376,-0.225326858,-0.078720493,-0.131126549,0.430582122,0.208537878,-0.025054088
KEGG_VASOPRESSIN_REGULATED_WATER_REABSORPTION,-0.009913973,0.399471745,0.09393774,-0.090370499,0.38205813,0.133531043,0.112829071,-0.249463704,0.310563826,-0.117684676,-0.143564061,0.226890751,0.262943335,0.076475436,-0.229165918,-0.015410891,0.208633175,-0.371212703,-0.245661247,0.175548031,0.31727207,0.299862118,0.369761315,0.223038141,0.240042807,0.244918625,0.31099022,-0.120212816,-0.289589385,-0.052319052,-0.139909717,-0.35320072,0.036890044,0.392193791,0.161015376,-0.180359158,-0.334213304,-0.231866091,-0.097539079,0.3107877,0.156532514,-0.017594759,-0.022522553,0.045749914,-0.268723472,-0.277661485,0.070194079,-0.081462524,-0.281143582,0.214343494
KEGG_VEGF_SIGNALING_PATHWAY,0.034551663,0.183451478,0.04138743,-0.135591395,0.11374331,-0.109522644,0.00830669,-0.045300325,0.185653312,-0.218438498,0.056660248,-0.01004361,0.105233153,0.190728708,0.199517111,-0.160593419,0.288328964,-0.227125033,-0.136694809,-0.013267066,0.046587912,-0.016522759,-0.040795825,0.022225139,0.28979343,0.022710537,0.097898287,-0.008958209,-0.038577565,-0.084984494,0.051530837,-0.205684032,-0.196783819,-0.111313513,-0.082006034,-0.093593953,-0.024586115,-0.336578508,0.009703059,0.344125158,0.225746372,0.003397636,0.191915768,-0.249921226,-0.157693831,0.132071855,-0.026007404,0.287004773,-0.035438442,0.017246624
KEGG_VIBRIO_CHOLERAE_INFECTION,-0.071002291,0.170042214,-0.330249479,0.14989179,-0.151807096,0.332935439,0.216823642,-0.025876104,0.146374969,0.259612891,0.049297358,0.099070418,0.26523147,-0.112454927,-0.165564874,0.015483682,0.278794577,0.029254236,0.219259224,-0.017274104,0.163229251,0.196884641,-0.139716408,0.090815712,0.237484251,0.274379015,0.239682225,-0.250801802,-0.042844519,0.08750052,0.143332637,-0.001196429,-0.106064668,0.330429932,-0.274766659,0.030388551,-0.10113093,0.072734717,0.104943154,0.381531157,0.102861381,0.221552371,0.207539424,-0.295323957,0.108267264,0.382326856,-0.216973329,0.024733286,-0.233059736,-0.032208986
KEGG_VIRAL_MYOCARDITIS,-0.011207306,-0.130793334,0.121748854,0.430811008,-0.354177807,-0.008060324,-0.546752785,-0.123303003,-0.290400117,-0.320411047,-0.05263398,0.22855153,0.225778625,-0.028432679,0.480692606,-0.203549925,0.215342133,0.062732162,-0.486718417,0.124687895,0.205507431,0.087872769,-0.140333234,0.084968297,0.215406668,-0.200340768,0.323898875,0.243080217,0.199716428,0.137698995,0.23633968,-0.315203504,-0.260304956,-0.202755639,-0.27106831,0.200659566,-0.008137157,-0.230127221,0.061618177,0.336934534,0.306992553,-0.034514342,0.448494046,-0.432626238,-0.185743046,-0.131652689,0.080165944,0.484359546,0.313536994,0.212450917
KEGG_WNT_SIGNALING_PATHWAY,-0.251000438,0.190040658,-0.037109774,-0.060319792,0.334366176,-0.139968803,-0.045529898,-0.105504353,0.04095205,-0.35237893,-0.280430377,0.056202473,0.126129498,0.204309055,0.10173896,-0.013419746,0.183434339,-0.120641405,-0.197587397,-0.103920615,0.223500873,-0.094032393,-0.071993254,-0.004699882,0.150156647,0.033312962,-0.002458901,-0.042560575,-0.389522865,-0.258092099,-0.261552312,-0.323403685,-0.148838419,-0.233398955,-0.06679508,-0.257190522,-0.222398628,-0.257153626,-0.190081496,0.140617075,0.236676955,0.005826839,-0.098290784,0.05753142,-0.271955016,-0.215586681,0.219145647,0.29030971,-0.003709343,0.157355929
KEGG_MEDICUS_ENV_FACTOR_ARSENIC_TO_ELECTRON_TRANSFER_IN_COMPLEX_IV,0.227882582,-0.353668909,0.186652253,-0.126414865,-0.413376076,0.308999205,0.192668357,0.505496749,-0.202841871,0.589601529,-0.029004239,-0.3551851,0.543399142,-0.710485858,-0.575292478,-0.011165041,0.061749514,0.731111164,0.574585851,0.217617939,-0.533568003,-0.272349996,-0.334665469,-0.588305451,0.271135868,0.030308258,-0.400459228,-0.175747384,0.625380344,0.265202915,0.30009715,0.633439433,0.4121823,0.406092322,0.502281695,0.638263803,0.487495598,0.617979997,0.083838178,-0.096653298,0.391938554,0.658269528,0.540244711,-0.009140808,0.52276596,0.588227781,-0.643205538,-0.280830028,0.23114599,0.591554011
KEGG_MEDICUS_ENV_FACTOR_BENZO_A_PYRENRE_TO_CYP_MEDIATED_METABOLISM,-0.00629753,-0.614813622,-0.639288211,-0.458321501,0.51912277,0.733381095,0.535472474,0.320006308,-0.063559104,-0.057647995,-0.244191116,-0.13525589,0.470257622,-0.287301045,0.028953082,-0.473674765,0.408144802,0.541639747,-0.140152405,0.617201808,-0.43503452,-0.188693711,-0.205815083,-0.543801384,-0.159162343,0.123885684,-0.192373062,0.008917428,0.441380876,0.09496299,-0.111586628,0.557810927,0.148647177,-0.354522548,0.750452045,0.1464778,0.059264927,0.489839976,-0.476368331,0.023809036,0.165362259,-0.032857917,-0.389249066,-0.593193149,0.328869767,0.273003179,-0.498627364,0.046343802,-0.137118613,0.769691907
KEGG_MEDICUS_ENV_FACTOR_DCE_TO_DNA_ADDUCTS,-0.264906799,-0.03451949,-0.50071542,-0.188326401,0.243209128,0.450196732,-0.180084805,-0.291238103,-0.391044656,0.059447605,-0.568005336,-0.033069415,0.294903099,-0.630375769,0.020284006,-0.19474086,-0.054410011,0.464053179,0.181270146,0.301742886,0.040134462,0.025447016,0.073960523,-0.631171991,-0.089267692,-0.189657075,0.06090133,0.220530943,0.594717908,0.369738189,0.271551625,0.546038258,0.262662407,-0.281995615,0.280258792,0.291802965,0.17786184,0.737530773,-0.114180684,0.152300014,0.333356968,0.385753779,0.244641855,-0.207332917,0.472198935,0.632142463,-0.502835858,0.037293343,0.656579193,0.457796168
KEGG_MEDICUS_ENV_FACTOR_E2_TO_NUCLEAR_INITIATED_ESTROGEN_SIGNALING_PATHWAY,-0.23883894,0.120092138,-0.524913446,-0.359991755,-0.01287268,-0.040020314,0.150134579,-0.427363735,-0.158213055,-0.270249598,0.087346563,-0.50205862,-0.50352148,-0.438274753,0.430291747,-0.483653546,0.626951627,-0.066412871,-0.227372234,-0.019184997,-0.220736377,0.031285087,-0.59697424,-0.353359216,-0.076007165,0.461174866,-0.666638959,0.175292686,-0.210077178,-0.328965153,-0.616637706,0.055778725,-0.644933013,0.568127675,-0.172876073,0.10598687,-0.238484726,0.385775568,-0.468705623,0.314568837,0.26115401,-0.044191843,-0.144742987,-0.14377614,-0.272070568,-0.123409816,-0.328803311,0.458184118,-0.140214074,-0.080607607
KEGG_MEDICUS_ENV_FACTOR_E2_TO_RAS_ERK_SIGNALING_PATHWAY,0.398640117,0.376079576,0.345377865,-0.211905212,0.130006615,0.032006215,0.359230177,0.073518176,0.020116657,0.08142358,0.26454237,0.034665203,0.219117563,-0.109205991,0.10112573,-0.190370484,0.495231425,-0.114994555,0.120921936,-0.257856668,-0.090940572,0.023358482,0.081099541,0.393872253,-0.017879026,-0.248452247,0.261655837,-0.320795073,-0.459534154,-0.190059358,-0.387560334,-0.254510965,-0.03925191,0.077344666,-0.374433878,-0.046396511,0.008935543,-0.347604424,0.154846761,0.265338667,0.142174387,0.26253928,0.056027386,-0.059507483,-0.22758678,0.133126558,-0.282336304,0.067709099,-0.271882506,-0.366687715
KEGG_MEDICUS_ENV_FACTOR_IRON_TO_ANTEROGRADE_AXONAL_TRANSPORT,0.18553764,0.088736369,0.447325196,0.024995215,-0.368631185,0.302362423,0.530452774,0.190235663,-0.271965608,0.476478934,0.527973326,0.18204525,0.007512021,0.498202546,0.031249789,0.350428702,0.083716139,0.178073191,0.218271804,-0.406247279,-0.098573874,-0.189734412,0.091764668,0.377937968,0.407802747,0.499250164,-0.434956012,0.41777917,-0.061097553,-0.164813845,0.132754948,-0.00611983,-0.015119136,-0.162279866,-0.204463674,0.617515421,0.514141149,0.158263679,0.384541316,0.101261365,0.311762046,0.34014855,0.513592282,0.42585768,0.495246703,0.416645005,0.117435128,0.20953992,-0.419132659,-0.40591017
KEGG_MEDICUS_ENV_FACTOR_METALS_TO_JNK_SIGNALING_PATHWAY,0.3764722,0.718250224,0.2053972,-0.593438017,0.673809614,-0.598490273,-0.251871587,-0.284246906,0.15898281,-0.533383959,0.216434105,-0.552176969,0.216349012,0.333249227,-0.099876539,-0.095633617,0.291698518,-0.223904668,-0.290060745,-0.45203956,-0.125698065,0.132629892,0.339004247,0.223229763,-0.037604056,-0.18549234,0.019435293,0.352285478,-0.491644915,-0.201155001,-0.334680583,-0.230478135,0.082220217,0.111373893,-0.14430899,-0.12833935,-0.387657764,-0.308857826,-0.124441216,0.506667117,0.161487275,0.254912955,-0.273746028,-0.46349984,-0.589619734,-0.299362544,-0.064636681,0.370644615,0.20361172,0.12054812
KEGG_MEDICUS_ENV_FACTOR_METALS_TO_KEAP1_NRF2_SIGNALIG_PATHWAY,-0.333413409,-0.448035729,-0.645430735,-0.295294171,0.633248914,0.889617176,0.023833425,0.183179446,0.180049887,0.246714804,-0.038153846,-0.063060335,0.512591389,-0.303791038,-0.426531447,-0.281421621,-0.226831448,0.486483774,-0.497877843,0.761730271,-0.412275582,0.089879404,-0.450066164,-0.576241184,-0.25037431,-0.036346403,0.266380184,0.544262552,0.584602804,0.094954418,0.369805176,0.285816661,0.482843845,-0.083581597,0.51448578,0.133208653,-0.381089282,0.677185131,-0.451910135,0.038451387,0.37095004,-0.060637394,-0.437604594,-0.590962971,0.627205993,0.030943664,-0.511302393,0.031665243,0.116075458,0.643579755
KEGG_MEDICUS_ENV_FACTOR_METALS_TO_NFKB_SIGNALING_PATHWAY,0.1036848,0.413496194,0.065648573,0.146869632,-0.115462463,0.367021929,0.085794274,0.299669689,0.179379721,-0.186083814,0.156130636,-0.114800717,-0.304718162,-0.209573444,-0.050750906,0.437078741,0.24648354,-0.073902021,-0.18977822,-0.213496686,0.32600572,0.321315346,0.328876218,0.348297129,-0.280772054,0.171205951,0.189088769,-0.174176154,-0.3846298,-0.558290046,-0.281617786,-0.260505548,-0.38976702,-0.002112933,-0.378613335,-0.308372285,-0.215226699,-0.554046768,-0.257604788,0.180153754,-0.109037473,-0.418273646,-0.212078643,0.158302284,0.019717487,-0.43530648,0.194895265,0.05349898,-0.503289609,-0.243652931
KEGG_MEDICUS_ENV_FACTOR_METALS_TO_RAS_ERK_SIGNALING_PATHWAY,0.37857764,0.316320872,0.497634503,-0.243213933,0.2500506,-0.149958472,0.246374386,0.06766374,0.11821735,0.112238691,0.051466811,-0.003166635,0.225983202,0.107982683,0.065854591,0.157866258,0.446699161,-0.271218099,0.247081957,-0.3664932,-0.199234437,0.126275707,0.165945156,0.354051072,-0.042861285,-0.352634425,0.357385826,-0.528802559,-0.540424875,-0.173825382,-0.443936786,-0.179380926,0.147733535,-0.032912665,-0.432617538,-0.050857873,0.127150295,-0.413508072,0.256045515,0.339672686,0.029490627,0.223004695,0.0691821,-0.251175764,-0.176936218,0.026642623,-0.306190689,0.089388634,-0.307164098,-0.396939191
KEGG_MEDICUS_ENV_FACTOR_NICOTINE_NNK_TO_PI3K_SIGNALING_PATHWAY,-0.03082528,0.291671088,0.365980104,0.135643209,-0.065721766,0.093836389,0.108011106,-0.130179652,-0.052616801,-0.018924093,-0.24248433,0.557628795,0.345205805,0.194880099,0.283755016,0.079818708,0.105263158,-0.138411642,-0.368273262,-0.286191996,0.394902328,0.113627537,0.449829454,0.609837167,0.37379404,0.090754492,0.256460601,0.011969505,-0.36291361,0.041333417,0.358749521,-0.050106294,0.01470947,-0.036675682,-0.349892459,0.275759906,0.121825188,-0.436029237,0.134548721,0.465042247,0.605625887,0.112754197,0.549988023,0.054605368,-0.105181742,-0.116917667,0.340523484,0.42970438,-0.283972777,-0.288510664
KEGG_MEDICUS_ENV_FACTOR_NICOTINE_TO_JAK_STAT_SIGNALING_PATHWAY,0.234241398,0.363636893,0.064050519,0.450157871,0.271271036,-0.183867149,0.64809418,-0.342827738,0.454247986,-0.637109345,-0.38659331,0.278394449,0.105568573,0.618764096,0.784122688,-0.214584288,0.342897609,-0.416043754,-0.583486642,-0.431866882,0.128534403,0.717574135,0.495982939,-0.426609388,-0.169367231,-0.528076763,0.594271071,-0.465351945,-0.065932706,-0.566098975,-0.637200258,-0.516144258,0.166150395,0.183398791,0.033829499,-0.572613414,-0.214669582,-0.47540349,-0.521742783,0.548867689,0.107532702,-0.389522758,-0.020658548,-0.787441963,-0.723410014,-0.194675672,-0.241126368,0.505006766,-0.181586699,-0.124492558
KEGG_MEDICUS_ENV_FACTOR_NNK_NNN_TO_CHRNA7_E2F_SIGNALING_PATHWAY,0.368404678,-0.19043744,0.546836798,0.051155657,-0.112454324,0.405364767,0.496653207,-0.274328982,0.490847486,0.350999396,-0.178076117,-0.236212655,0.150589535,-0.102569118,0.572759395,0.078871056,-0.162796104,-0.09554634,0.412794738,0.187137955,0.40456057,-0.061038684,0.009571986,0.553318548,-0.355187906,0.466939779,0.38351992,0.476139537,0.129524325,-0.270741037,0.26524473,0.302694127,0.247215767,-0.350576776,-0.420732021,0.202906274,0.144948194,-0.13637124,0.359293728,-0.343112357,-0.296145872,-0.007232369,0.316407318,0.235995781,0.434642562,0.43260036,-0.528030951,-0.281943394,-0.629885772,-0.511891869
KEGG_MEDICUS_ENV_FACTOR_NNK_NNN_TO_PI3K_SIGNALING_PATHWAY_N01339,0.206343606,0.037362419,0.38898405,0.003971836,-0.257084003,0.334267594,0.147607122,0.153180557,0.263295678,0.080401256,0.018208177,0.4242407,-0.073586568,-0.205879135,0.558295523,0.541082213,0.105253656,-0.137608009,-0.350921497,-0.390545354,0.427032583,-0.029853568,-0.034746601,0.597755151,-0.250467184,0.398626372,0.320169564,0.13046601,-0.535188853,-0.577650237,0.146596859,-0.353977645,-0.29070108,-0.12412112,-0.554643947,0.003905079,-0.049396107,-0.511253607,0.094673237,0.211030714,0.2883698,-0.077968772,0.350068346,0.515210001,0.016072163,-0.097660929,0.266827683,0.357681916,-0.607482276,-0.487731562
KEGG_MEDICUS_ENV_FACTOR_NNK_NNN_TO_PI3K_SIGNALING_PATHWAY_N01350,0.325822601,0.214076143,0.297786207,-0.268399551,0.485769252,-0.147715701,0.051301252,-0.073538833,-0.300732377,-0.331230924,-0.163170866,0.117981776,-0.009603398,-0.243417619,0.380623324,-0.379435609,0.439736276,-0.13621016,-0.499791509,-0.220643251,-0.065162864,-0.073500662,-0.168176229,0.46687975,0.137705078,-0.01714988,0.060013095,0.303019714,-0.481614776,-0.203461951,-0.016570174,-0.373175961,-0.228467149,-0.093311677,-0.290782805,0.045286349,-0.128554663,-0.389154524,-0.076001094,0.481222802,0.448111957,0.147061479,0.125532121,0.040936214,-0.207468673,-0.098208284,0.151971343,0.51376937,-0.210746918,-0.195544131
KEGG_MEDICUS_ENV_FACTOR_NNK_NNN_TO_RAS_ERK_SIGNALING_PATHWAY,0.285144686,0.231865269,0.465716597,-0.325797102,0.221070666,-0.110727289,0.291609494,0.135847194,0.020873871,-0.045275343,0.019908097,-0.146042155,0.242989578,0.141070162,0.073947604,0.157170951,0.47174779,-0.291993016,-0.081478429,-0.216950306,-0.192149485,0.136840163,0.02317754,0.311021878,-0.119393888,-0.202558127,0.363674466,-0.405497829,-0.471018427,-0.172358239,-0.424915587,-0.214608135,0.054401154,-0.193220023,-0.368249952,-0.077556725,0.171848533,-0.385330965,0.190795549,0.356966945,0.003921679,0.124172469,0.125787042,-0.068604048,-0.27635452,0.041818023,-0.359022968,0.281781179,-0.26926817,-0.360685216
KEGG_MEDICUS_ENV_FACTOR_NNK_TO_DNA_ADDUCTS,-0.648925788,-0.708059126,-0.442481254,-0.192298877,0.826291488,0.837513533,0.227438516,0.257101023,-0.525470544,-0.563695417,-0.548165904,0.030674847,0.357204772,-0.645705521,-0.041050162,-0.415358679,0.548001171,0.706529475,0.029321545,0.49278045,0.591262155,-0.578288759,-0.543990017,-0.711933136,-0.266966545,0.518823537,0.345927795,0.727855712,0.665409788,0.42127188,0.689799232,0.524842193,0.106730422,-0.493898293,0.90590406,0.692430343,-0.17665766,0.633830866,-0.353182742,-0.022284374,0.338096494,0.177082728,0.080184875,-0.68292977,0.549251615,0.072897871,-0.58304587,0.316540778,0.318523626,0.707058298
KEGG_MEDICUS_ENV_FACTOR_PARAQUAT_TO_FAS_JNK_SIGNALING_PATHWAY,-0.120713413,0.632221251,-0.384561796,-0.615627538,-0.169731651,-0.126644808,-0.480026615,0.415035708,0.690056606,-0.060291683,0.235850246,-0.49109664,0.317882427,-0.043885183,-0.333052011,0.021384102,0.456174943,-0.106419336,-0.126877861,-0.043427166,0.043953984,0.349666348,0.444445144,0.084609402,0.129758542,-0.512491412,0.493361613,0.634250609,-0.028331679,0.258808428,-0.127077218,0.095912659,0.018369583,-0.016958753,0.463698116,-0.058111604,-0.4887107,0.387025869,-0.005876111,0.378155637,0.428395678,0.197799525,-0.337109341,-0.501543247,-0.520603376,-0.054768564,-0.173164096,-0.033200742,-0.071705581,0.401125134
KEGG_MEDICUS_ENV_FACTOR_PHIP_TO_DNA_ADDUCTS,0.716038246,0.104899886,-0.611401768,0.462692994,0.822839618,0.382554573,-0.685477557,0.552137831,-0.42153224,-0.540952553,-0.705394191,0.670395093,-0.165361152,0.355587644,-0.770250767,-0.577936136,-0.48809309,-0.807414757,0.84745449,0.69556197,-0.157912007,-0.78107523,0.242033147,-0.460941728,-0.592306484,-0.315947594,-0.603033405,-0.143716876,-0.318023694,0.881742739,-0.552859462,0.534367671,0.42359733,-0.653877378,0.809669854,0.31642237,-0.705213783,-0.574931099,-0.38201335,0.790456432,-0.548619881,0.209360261,-0.785224608,-0.825365326,-0.414937759,-0.567021469,-0.736694931,-0.439834025,0.520652223,0.580305945
KEGG_MEDICUS_ENV_FACTOR_TCDD_TO_AHR_SIGNALING_PATHWAY,-0.243203122,0.043018244,-0.460821606,0.00236458,0.195771711,0.467436505,-0.21967461,-0.245826696,-0.355435531,-0.04958374,-0.499707165,0.046861652,0.235207301,-0.310978697,0.207085878,-0.206479268,0.068458151,0.376622923,-0.053204468,0.17802313,0.004445955,0.09908885,0.102977457,-0.53844433,-0.091019124,-0.150620855,0.026491673,0.117709123,0.478530157,0.276062462,0.264569782,0.509852871,0.178178803,-0.217559921,0.248442366,0.166538014,0.268474701,0.705073203,-0.166386932,0.234444548,0.341364789,0.385295726,0.201804351,-0.371760837,0.234791863,0.496562083,-0.386512361,0.2345842,0.517201691,0.399604849
KEGG_MEDICUS_ENV_FACTOR_ZN_TO_ANTEROGRADE_AXONAL_TRANSPORT,0.07258106,0.214232666,0.481137224,0.082696659,-0.348831295,0.375838819,0.509650835,0.104174559,-0.333479114,0.49393931,0.427324995,0.092276293,-0.045860149,0.475230147,0.082373863,0.335323837,0.236956358,0.001673475,0.167337115,-0.399511085,0.066719266,-0.222024722,0.165427576,0.461364482,0.416018383,0.573086735,-0.36544598,0.403627537,-0.264310329,-0.295303279,0.105962348,-0.259794987,-0.014950702,-0.258333952,-0.367923585,0.535471469,0.504765053,0.062875368,0.284638097,0.130060529,0.282605873,0.275080856,0.474046692,0.488194156,0.443417987,0.142892756,0.123313351,0.213698202,-0.465488524,-0.515318103
KEGG_MEDICUS_PATHOGEN_ARSENIC_TO_ELECTRON_TRANSFER_IN_COMPLEX_II,0.044007893,0.055705718,0.440177202,0.44121824,-0.061523755,0.486396462,-0.025173689,0.708427852,0.016736143,0.798135716,-0.300572567,0.720411824,0.692303557,-0.731083877,-0.16491633,0.302399336,-0.434937633,0.71032144,0.110851287,0.267882487,0.213803291,0.382027587,0.24168158,-0.493995267,0.525150084,0.701379861,-0.245460368,0.619868267,0.365423109,0.759762386,0.825227826,0.824479836,0.747676653,0.517459172,0.581436822,0.540846316,0.838180025,0.710953805,0.335809928,0.086142332,0.388020393,0.704121713,0.614852887,0.049660913,0.662593636,0.813614898,0.233416269,-0.671512651,-0.404672585,0.822797943
KEGG_MEDICUS_PATHOGEN_EBV_BARF1_TO_INTRINSIC_APOPTOTIC_PATHWAY,-0.37251004,0.119730534,-0.17273163,-0.466442266,-0.539281102,0.286664525,0.464848386,0.020317919,0.108981694,0.4053297,0.128058006,0.431468353,0.367815057,-0.086435544,-0.277919766,0.571953117,0.05217462,0.627767538,-0.044042452,-0.02718478,0.224191429,-0.060956889,-0.690932924,-0.018258464,0.187624803,0.490243758,0.498769518,-0.058661807,0.533495712,0.252294463,0.558680877,0.231126447,0.478197433,0.453517459,-0.177330566,0.378126019,0.272428524,0.288972019,0.03011844,0.126718348,0.17949318,0.607815143,0.031609655,0.117552025,0.522093534,0.37433325,-0.282693598,-0.086132597,-0.243020322,-0.057215053
KEGG_MEDICUS_PATHOGEN_EBV_EBNA1_TO_P53_MEDIATED_TRANSCRIPTION,0.381575669,0.32253683,-0.283851081,-0.160589054,0.000432673,0.134859297,0.422604148,-0.310010758,-0.530727237,0.167724161,-0.039356002,-0.486024589,0.32364153,-0.193618145,-0.682217708,-0.44516726,0.018595414,-0.066288662,-0.091715395,0.164461801,-0.258210846,0.609139375,0.281004225,-0.157336065,-0.195408282,-0.271328998,-0.048182745,0.165736415,0.118848156,0.00934495,0.001538273,-0.528962536,0.423014078,0.181981715,-0.187341552,-0.037738331,-0.148076226,0.295724125,0.021408655,0.370080525,0.16026157,0.403505698,-0.138450983,-0.369861285,0.069705091,-0.084542171,-0.124732864,0.280995882,0.293641726,0.425564922
KEGG_MEDICUS_PATHOGEN_EBV_EBNA2_TO_RBP_JK_MEDIATED_TRANSCRIPTION,-0.548596053,0.475142364,0.17324634,-0.332441327,-0.536773179,0.117399101,0.428048722,0.242562692,-0.632056306,-0.62380462,0.064163884,-0.072666035,0.168264848,-0.244144653,0.147051586,-0.029806841,0.636676604,-0.038737046,-0.597716433,0.150205512,-0.080012551,0.048764837,-0.061519407,-0.148386686,-0.089709133,-0.258756443,-0.013717174,0.516004267,0.033480733,-0.383447032,-0.478324249,-0.009475679,-0.379516738,-0.009095946,-0.428408021,-0.099990976,0.626136955,0.237721386,-0.026483361,-0.128669531,-0.077565698,-0.346305906,0.123217811,0.212715859,-0.424479173,-0.17537416,-0.306085408,0.789892673,0.527933657,0.072902482
KEGG_MEDICUS_PATHOGEN_EBV_EBNA3C_TO_CELL_CYCLE_G1_S_N00483,-0.187616749,-0.347511803,0.281654112,0.177534079,-0.262227478,0.388234209,0.171754096,0.238623135,0.134458879,-0.115038264,-0.345232429,0.38469081,-0.103472164,0.126112005,0.238422157,0.342579501,0.015243456,-0.049833302,0.329868604,-0.280344157,-0.297262314,-0.337042484,0.1326946,0.061776438,0.127234145,0.110094997,0.22447515,0.156241787,-0.116114473,-0.345851156,0.243658247,-0.24223868,-0.272493694,-0.438482203,-0.339573076,0.242264778,0.178080503,-0.314310355,0.120998603,0.002955571,-0.16536245,-0.125134541,0.162300621,-0.060129773,0.034246657,0.22319277,0.078206389,0.240802713,-0.40694551,-0.537468932
KEGG_MEDICUS_PATHOGEN_EBV_EBNA3C_TO_CELL_CYCLE_G1_S_N00484,-0.098348823,-0.462973899,-0.039583576,0.303375897,-0.373001465,0.152846702,0.614794745,0.166651629,0.171456314,0.489155944,0.327675564,-0.266778148,-0.466174845,-0.01365216,0.448700822,0.688825078,-0.147090371,-0.566716746,0.585581521,-0.496165298,0.059009294,-0.498359174,0.092619426,0.612691852,-0.218351006,-0.162524987,0.079039971,0.246363661,-0.130379861,-0.645111756,0.494011074,0.615302058,-0.185775028,-0.422482514,-0.603791733,0.174774629,0.22932614,0.410062475,0.516015519,-0.338350283,-0.438895399,-0.168575583,-0.238256671,0.733157365,0.441619605,0.334831129,-0.296687587,-0.298796294,-0.736094222,-0.709917056
KEGG_MEDICUS_PATHOGEN_EBV_EBNA3C_TO_P27_CELL_CYCLE_G1_S_N00264,0.064999549,-0.4131578,0.336730439,-0.211493401,-0.531508187,0.091033944,0.436065499,0.4282966,-0.123339133,0.594742833,0.490251586,-0.150801986,-0.594267943,-0.355948804,0.171385247,0.542561087,-0.363794992,0.191638039,0.446806564,-0.10505854,0.117631128,-0.418428604,0.111757995,0.45752997,-0.039274904,-0.124396152,0.043784418,0.427269788,0.07432352,-0.257945085,0.433215975,0.544205824,0.046945958,-0.327748541,-0.720121863,0.3929186,0.290132004,0.481381272,0.561182168,-0.445241342,-0.173153924,0.094711412,0.171719432,0.633091025,0.548835062,0.50661682,-0.372780849,-0.264420545,-0.454145779,-0.688532722
KEGG_MEDICUS_PATHOGEN_EBV_EBNA3C_TO_P27_CELL_CYCLE_G1_S_N00482,0.064987815,-0.473403632,0.453229446,-0.080422421,-0.538149598,0.144787248,0.499926837,0.229163999,-0.231426681,0.634253676,0.53542894,-0.127538587,-0.565076461,-0.309155731,0.225742073,0.555964826,-0.406749119,0.396056631,0.413644701,-0.240170341,0.117609893,-0.162150391,-0.065031537,0.431759754,-0.130343686,0.054892161,0.043776514,0.493553615,0.109063045,-0.264799464,0.372660841,0.443470859,0.127721152,-0.359713117,-0.775307653,0.421127632,0.303187123,0.456800236,0.597995545,-0.519115326,-0.113514087,0.113795472,0.193821077,0.688117523,0.638246785,0.542121117,-0.324171738,-0.327392053,-0.415212625,-0.670340508
KEGG_MEDICUS_PATHOGEN_EBV_EBNA3C_TO_P53_MEDIATED_TRANSCRIPTION,0.387516567,0.15110644,-0.284511059,-0.034729543,0.036765477,0.206213614,0.38763787,-0.173128791,-0.459350907,0.15135551,-0.028419113,-0.46497296,0.317836272,-0.210093547,-0.691577192,-0.440257988,0.018595414,0.313025682,0.097761329,0.217322153,-0.497397309,0.666018558,0.392204356,-0.152726572,-0.205717375,-0.260129124,0.157608949,0.267223997,0.296069111,-0.01450001,-0.006765458,-0.428598763,0.469525636,0.107173422,0.095366512,0.083368539,-0.108706715,0.319929036,-0.204090313,0.462705484,0.077981379,0.60405154,-0.324632918,-0.423221688,0.102488447,-0.065786887,-0.277502394,0.249382027,0.470643038,0.52300805
KEGG_MEDICUS_PATHOGEN_EBV_LMP1_TO_NFKB_SIGNALING_PATHWAY,0.009372089,0.568083576,0.077118192,0.194480099,0.529305872,0.389179196,-0.014367361,0.156348976,0.494333999,0.158388132,0.471815872,0.312467842,-0.242239665,-0.163168695,0.09692523,0.276738905,0.186657752,-0.180436589,-0.328962269,0.220520101,-0.036258379,0.217861141,0.302946729,0.269795378,-0.277482868,0.142270435,0.266021224,0.121789281,-0.238990454,0.05100322,-0.104590119,-0.21170263,-0.1736932,0.279643764,-0.183547888,-0.411632287,-0.233824857,-0.6161891,-0.145354425,-0.059254676,0.131420806,0.066584128,0.05155803,0.296782595,0.191686467,-0.535982186,0.153323088,0.041139653,-0.426395701,0.31334059
KEGG_MEDICUS_PATHOGEN_EBV_LMP1_TO_PI3K_SIGNALING_PATHWAY,0.509747154,-0.081476135,0.115370445,-0.004511414,0.045985344,0.632968663,-0.507802236,0.045384824,0.152100285,-0.113144894,-0.343555713,-0.09538114,-0.132062593,-0.101209471,0.766444323,0.58702708,0.379823302,-0.495295065,-0.570923008,0.003248218,0.135566832,-0.334528957,-0.022969916,0.575954018,-0.433182235,0.068404147,0.559041294,0.292794553,-0.541298099,-0.500045114,-0.273594805,-0.325930369,-0.231872609,-0.588281488,-0.491264297,-0.523684923,-0.024000722,-0.516961695,-0.028012702,0.049523253,0.174230804,-0.519933636,0.01329017,0.194397887,-0.316764399,-0.524316521,0.156520455,0.63250901,0.03610241,-0.339309457
KEGG_MEDICUS_PATHOGEN_EBV_LMP2A_TO_PI3K_SIGNALING_PATHWAY,0.285559653,0.284534748,0.337133042,0.558630982,0.208830714,0.433710109,-0.032351313,-0.212263502,0.281885712,-0.338514221,0.150495985,-0.187855749,0.277418869,0.364414877,0.543779458,-0.812028889,0.533970946,-0.531570772,-0.50328158,0.280453991,0.506830129,0.295231954,0.351065178,0.713745884,-0.217705024,-0.326018877,0.582386045,0.45835965,-0.287507238,0.11576288,0.030587386,0.417429297,-0.11351828,-0.03606257,-0.110460981,0.065711766,0.426104353,-0.378301833,-0.162507773,0.548103945,0.148335288,-0.05395651,0.299822511,-0.145530407,-0.410506928,0.009533472,-0.289439822,0.626287469,-0.349073864,-0.051791031
KEGG_MEDICUS_PATHOGEN_ESCHERICHIA_EAE_TIR_TCCP_TO_ACTIN_SIGNALING_PATHWAY,0.082118065,0.282767327,0.631557097,0.097356639,-0.266946812,-0.177387186,-0.188277066,0.608040566,-0.164364061,0.008116489,0.580782584,0.284050894,0.491404742,0.301226933,0.025080883,0.107908925,-0.205396239,-0.108910488,0.404693062,-0.453577358,0.04135329,0.186618014,-0.285213598,0.507829643,0.521008929,-0.557019061,0.399101037,-0.067627493,-0.176424025,0.170304363,0.369752053,0.477908,0.486041131,0.240128966,-0.292891713,0.580753217,0.691714578,0.169714271,0.487547953,0.013319532,0.300640292,0.490929035,0.539930798,-0.252893259,0.537304576,0.565410298,0.091444925,0.020514316,-0.126659126,0.35929138
KEGG_MEDICUS_PATHOGEN_ESCHERICHIA_EAE_TIR_TO_ACTIN_SIGNALING_PATHWAY,-0.127854715,0.20523525,0.633402634,0.343861414,-0.230369593,0.010285354,-0.306196312,0.531860184,-0.411747244,-0.014501853,0.397620815,0.279305108,0.4041194,0.210792343,0.14417643,0.250069302,0.098571226,0.013786771,0.223618512,-0.250247423,0.120515489,0.096044667,-0.3172149,0.449976739,0.604717329,-0.269281485,0.349130362,0.080611259,-0.014093879,0.020847041,0.302636981,0.235369036,0.497073411,0.122935843,-0.349126306,0.507180413,0.579122515,0.218824045,0.100691307,-0.029048887,0.398070798,0.273697596,0.541339431,-0.096897791,0.560081934,0.310029512,0.074146742,0.328609302,-0.023679665,0.299432351
KEGG_MEDICUS_PATHOGEN_ESCHERICHIA_ESPG_TO_MICROTUBULE_RHOA_SIGNALING_PATHWAY,0.10252079,0.126564332,0.495180213,0.132163644,-0.331250071,0.462918706,0.529580837,0.187878683,-0.353730277,0.449213365,0.592593818,0.100449265,-0.010006975,0.468959485,0.079590144,0.372016701,0.247347949,0.14450759,0.266311708,-0.362446952,-0.059600418,-0.382330712,0.083868437,0.457611559,0.51287605,0.561258224,-0.371098443,0.452764354,-0.10503774,-0.145931863,0.241020066,-0.11903728,0.073397368,-0.287070273,-0.415674797,0.640852275,0.58106052,-0.007070737,0.312469321,0.072509595,0.323445515,0.300508377,0.560389023,0.451749053,0.507402567,0.36289658,0.104670202,0.150766978,-0.456973315,-0.475411527
KEGG_MEDICUS_PATHOGEN_ESCHERICHIA_ESPJ_TO_IGG_FCGR_RAC_SIGNALING_PATHWAY,-0.077969273,0.451279831,0.524654952,0.878552738,0.113684731,0.187213822,0.217490958,-0.416388683,-0.548760782,-0.15283389,0.782360845,0.235069988,0.621492376,-0.112301516,0.573947391,-0.439056152,0.187109276,0.292844613,0.359139581,-0.159704051,0.340020116,0.269916957,-0.282193291,0.120691931,0.468755273,0.470507159,0.688613698,0.613867394,0.708847209,0.377650968,0.792114049,0.280183259,-0.432616917,-0.093386267,0.079310656,0.773044079,0.603497652,0.123414513,0.097876786,0.691544195,0.619971375,0.32581431,0.85515146,-0.654713295,0.530102681,0.604300798,-0.586664261,0.233669613,0.369665253,-0.513398899
KEGG_MEDICUS_PATHOGEN_ESCHERICHIA_ESPT_TO_RAC_SIGNALING_PATHWAY,0.183137958,0.321823917,0.537802292,0.402745112,-0.242219478,0.168133694,-0.148956885,0.643141427,0.009559553,0.008231978,0.624437658,0.411576957,0.540559511,0.435987605,-0.177910684,0.305178985,0.00186016,0.035637917,0.469954712,-0.377387751,0.218395169,0.148179281,-0.354883352,0.596747488,0.670266781,-0.380374812,0.409184641,0.313273984,-0.104345713,0.143460309,0.385360359,0.482432811,0.434154093,-0.011079788,-0.417345081,0.618418695,0.646708975,0.077230579,0.381301919,0.101412795,0.455477712,0.479377145,0.528438285,-0.113260574,0.666598199,0.546085789,-0.022702259,0.19472913,-0.161999392,0.420565116
KEGG_MEDICUS_PATHOGEN_ESCHERICHIA_MAP_TO_CDC42_SIGNALING_PATHWAY,0.065199839,0.310654747,0.629118496,0.195638562,-0.359136526,-0.042309125,0.008773097,0.644190463,-0.147547854,0.00819605,0.553959385,0.428699514,0.476831332,0.328602326,-0.138861849,0.095339977,-0.048158687,-0.071571856,0.421720982,-0.446693917,0.153513521,0.088277031,-0.364874274,0.607462967,0.699448906,-0.404006093,0.285760203,0.167503379,0.109635129,0.3101744,0.453019955,0.530304764,0.572323456,0.278480114,-0.307498426,0.670169652,0.698961625,0.370994149,0.483910083,0.120814202,0.527087884,0.599024069,0.642225286,-0.159833911,0.733684837,0.610862435,0.121581565,0.200512986,-0.197807944,0.496372409
KEGG_MEDICUS_PATHOGEN_ESCHERICHIA_MAP_TO_LPA_GNA12_13_RHOA_SIGNALING_PATHWAY,-0.501757239,0.44075122,0.335315315,-0.377319863,0.26992349,0.164674345,0.325947853,0.026002164,0.704859399,0.540205406,-0.478390713,0.451953907,0.704139012,0.55873298,0.399456366,0.299469994,0.067775308,0.109054812,-0.04419066,-0.373203938,0.863033475,0.286701376,-0.130395064,0.265909719,-0.458617273,0.068119134,0.803212127,-0.345744403,-0.465722457,-0.510636755,0.067969464,-0.243079017,0.465926571,0.124180164,-0.448879854,-0.328106893,-0.225289586,-0.317985624,0.461563654,0.172084534,-0.45021612,0.354577667,-0.359348003,-0.366061944,0.061265,-0.021421194,-0.09788143,0.276295655,-0.094445302,0.208539075
KEGG_MEDICUS_PATHOGEN_ESCHERICHIA_TIR_TO_TLR2_4_MAPK_SIGNALING_PATHWAY,-0.073987188,0.783209958,0.104303889,0.530294047,0.74339539,0.149959397,-0.635640776,-0.03853736,0.559673946,-0.053294311,0.577585431,0.631743941,-0.320204232,-0.043496076,0.250447488,0.193125163,0.40583038,-0.012451502,-0.32429183,0.104845259,0.406456109,-0.323321129,0.475041021,0.682536347,-0.400395565,-0.349829489,0.626035969,-0.17449251,-0.233047568,-0.359099343,0.051971309,-0.486408633,-0.438638128,0.39655328,-0.644800842,-0.53296439,-0.356774973,-0.091311017,-0.11107101,0.344327174,-0.0478713,-0.125368472,-0.298924474,0.503732365,0.145657349,-0.703185849,0.111281215,0.410046431,-0.411975399,0.405695831
KEGG_MEDICUS_PATHOGEN_HBV_HBX_TO_CREB_MEDIATED_TRANSCRIPTION,-0.350360783,0.521129118,0.239308421,0.005172722,-0.056715458,0.007690742,0.398285521,-0.325404199,0.406449738,-0.078018118,0.27603577,0.303120562,-0.059749544,-0.395102421,-0.239170958,-0.343029917,0.236322061,-0.383817536,0.165167969,0.207643113,0.060292726,0.106913132,0.062980045,0.069978148,0.162730992,0.349025661,0.236637775,0.04263777,0.031987864,-0.09384435,0.286660857,-0.122026524,0.153704626,0.101379488,0.202075714,-0.184660739,-0.186243963,0.215381217,0.388630364,-0.13564667,0.03267133,-0.049375595,0.039392528,0.346020995,0.009899861,-0.007032005,0.22204043,-0.324775523,-0.492057003,0.158775211
KEGG_MEDICUS_PATHOGEN_HBV_HBX_TO_ERK_SIGNALING_PATHWAY,0.093886832,-0.016982296,0.43032861,-0.067091128,0.461007412,-0.477143039,0.251493535,-0.532475618,-0.628348417,-0.503523587,0.31791497,0.01906305,0.522508645,0.36964752,0.036638175,-0.556040978,0.661502648,-0.434271038,-0.268117242,-0.285737127,-0.366446343,0.486458171,-0.211552104,-0.575263331,-0.044575024,-0.373099984,0.399159438,-0.182991232,-0.25210752,-0.189038714,-0.442376461,-0.165918159,0.445925515,0.638754891,-0.703752957,-0.03455743,0.199917742,-0.268282804,-0.181544135,0.221058904,0.38135452,0.156603669,0.27932231,-0.566818647,-0.110189904,-0.246614529,-0.537566472,0.537010219,0.351615662,-0.160270628
KEGG_MEDICUS_PATHOGEN_HBV_HBX_TO_RAS_ERK_SIGNALING_PATHWAY,0.205793318,0.384765354,0.449325429,-0.004126424,-0.102656689,0.374231129,0.346789519,-0.024378855,0.224572972,0.487327806,0.101269529,0.266820197,0.144451912,0.003243552,0.175172151,0.175837224,0.30251652,-0.209075566,0.445343053,-0.237283757,0.273638206,0.218007998,0.266864246,0.441001507,-0.065636641,-0.036594083,0.467593662,-0.494176642,-0.464986317,-0.260344828,-0.314421918,-0.296584791,-0.111857057,-0.148811791,-0.401882351,-0.205285128,-0.016011888,-0.438523785,0.06866419,0.234417391,0.062197437,0.13948616,0.045801075,0.118899338,-0.039885119,-0.089817055,-0.026275181,0.016924817,-0.549297607,-0.491993921
KEGG_MEDICUS_PATHOGEN_HBV_LHBS_TO_PKC_ERK_SIGNALING_PATHWAY,0.434521785,0.361948581,0.400877999,-0.345604547,0.262833258,-0.158980064,-0.053815761,-0.23786997,-0.144934085,-0.216775061,0.264437597,-0.262096817,0.304481768,0.287643541,0.108755876,-0.11193493,0.473455893,-0.404144376,-0.163976588,-0.261761859,-0.266631649,0.31948183,0.337872087,0.126550735,-0.163201497,-0.532642702,0.433978227,-0.38630691,-0.587801687,-0.092724733,-0.283548184,-0.359370611,-0.114417325,0.022391379,-0.542671989,-0.265659232,-0.167677003,-0.447614112,0.0949349,0.502831844,-0.004692738,0.083709971,0.052559755,-0.610274871,-0.370983418,0.114134606,-0.353934941,0.4425686,-0.181550746,-0.413968972
KEGG_MEDICUS_PATHOGEN_HCMV_GB_TO_PDGFR_RAS_ERK_SIGNALING_PATHWAY,-0.066911534,0.225673404,0.352919674,0.255029446,0.126055538,-0.072557787,0.345697978,-0.114300287,0.232919521,0.210163015,-0.018795464,0.299249735,0.040765076,0.278619135,0.0740091,0.092493304,0.529992456,-0.216492298,0.417801884,-0.27269144,0.236934547,0.28388042,0.072949239,0.482014845,0.133539682,-0.133297052,0.257319572,-0.505064258,-0.487400618,-0.280059738,-0.415339672,-0.241766548,-0.137092809,-0.033829472,-0.337479228,-0.237523156,-0.007619294,-0.495412435,0.092613867,0.353583877,0.300804443,0.098787122,0.041395077,0.056920922,-0.263700917,-0.262089897,0.106962835,0.224205923,-0.527474011,-0.603074633
KEGG_MEDICUS_PATHOGEN_HCMV_GH_TO_ITGA_B_RHOA_SIGNALING_PATHWAY,0.570811151,0.270892387,0.661038976,0.5676383,-0.378612353,0.286141057,0.137553552,0.529214831,-0.267198966,-0.325143967,0.596972292,0.391072069,0.437211133,0.463882265,0.214619279,-0.420150607,0.099639283,-0.022109918,0.190672921,-0.571480632,0.158469452,0.494131211,0.384266846,0.316925902,0.360717459,-0.120584442,0.228000729,0.051686381,-0.320548254,-0.238854984,-0.082065733,0.239310048,0.225534487,-0.096020215,-0.284735093,0.508741299,0.618170518,-0.512045569,-0.183688249,-0.164233291,0.523533564,0.450682133,0.672632009,-0.619261011,0.092053408,0.689276337,-0.449617649,0.071920555,0.042263963,0.00127778
KEGG_MEDICUS_PATHOGEN_HCMV_UL33_TO_GNAI_AC_PKA_SIGNALING_PATHWAY,-0.162675748,0.465100407,-0.034672983,-0.016312633,0.315929926,-0.008092521,0.110259314,-0.322735683,0.297469074,0.084260672,-0.03983635,0.194649481,0.115523303,0.095822086,0.007991006,-0.333597524,0.346334647,-0.348424008,-0.206530068,-0.029369391,0.235107311,0.026247675,0.091050907,0.017097415,0.112252032,0.159390889,0.233694578,0.108639411,-0.216758008,-0.277699259,0.086009814,-0.305542555,-0.160838761,-0.113908815,-0.078644944,-0.286278546,-0.301624931,-0.354221466,-0.038725316,0.323363157,0.259511921,-0.266316215,0.038354095,0.037620985,-0.270926892,-0.269147465,0.253790109,0.137961306,-0.304372657,0.092666945
KEGG_MEDICUS_PATHOGEN_HCMV_UL33_TO_GNAQ_PLCB_G_CALCINEURIN_SIGNALING_PATHWAY,0.637500005,-0.047273894,-0.572744414,-0.421707957,0.401909624,-0.398903792,-0.606313419,-0.524970908,0.257912002,-0.440367721,-0.060312298,-0.046903835,0.381517335,0.574710682,0.53715054,-0.504214483,0.372694907,-0.581503436,-0.024293885,-0.164334113,-0.229155266,-0.387717682,0.095561597,0.37129924,-0.158397601,-0.209472589,0.645256989,-0.588051899,-0.597620902,-0.608012994,-0.214934155,-0.716747879,0.266396182,0.213656802,-0.684956085,-0.539187074,-0.48699514,-0.674979339,-0.269791275,0.224592826,-0.104331491,-0.628586898,-0.332129959,-0.320489053,-0.630506494,-0.571710516,-0.080446369,0.102095309,0.149370891,-0.02762543
KEGG_MEDICUS_PATHOGEN_HCMV_UL33_TO_GNB_G_RHO_SIGNALING_PATHWAY,-0.379918135,0.235918469,0.321473414,-0.053676545,0.048214084,-0.248137537,-0.056033504,0.111356445,0.171786507,-0.070256306,0.163744363,0.124003915,0.159189649,0.043345671,-0.016210656,-0.253443931,0.168229602,0.058434425,0.147208913,0.154426832,-0.242830208,0.010140554,-0.196328193,0.059476244,0.431270219,0.178764296,0.007266641,0.065848867,0.156680835,-0.020721371,0.095977337,0.195147638,0.004218101,-0.053629012,0.265628595,0.373141667,0.309974259,0.307366289,0.383164516,0.078120356,0.370559648,-0.040426827,0.240719806,-0.329565229,-0.002428991,0.239469792,-0.110251179,0.24669401,-0.179591073,0.112071923
KEGG_MEDICUS_PATHOGEN_HCMV_US27_TO_CXCR4_GNB_G_PLCB_PKC_SIGNALING_PATHWAY,-0.267279872,0.662360123,0.340066531,-0.344668,0.371606767,-0.364071434,-0.334375845,0.235274472,0.215320304,-0.635183294,-0.328776085,-0.236288253,0.489192895,0.529205278,0.039191386,0.029684071,0.205843238,0.001739238,-0.56327243,0.29600379,0.27054788,0.116765167,-0.003919207,-0.274258003,-0.302928153,-0.293661016,0.665086885,0.502499586,-0.39084287,-0.239961738,-0.169375126,-0.545288628,-0.143206282,0.251394232,-0.564374385,-0.562107106,-0.232628989,-0.344508537,0.242999715,0.413284885,0.058118376,-0.208612398,0.270813053,-0.540744719,-0.453900883,-0.125594392,0.41239378,0.149440527,0.014628448,-0.040411716
KEGG_MEDICUS_PATHOGEN_HCMV_US28_TO_GNA12_13_RHO_SIGNALING_PATHWAY,-0.178680516,0.100477089,0.463411192,0.333311916,0.422833694,-0.024162221,-0.246770567,0.055282759,-0.258662553,-0.30711816,0.191436733,-0.014950716,0.281417869,0.082628727,0.612998779,0.071013709,0.331350102,-0.204627496,-0.339460182,-0.399095075,0.324769547,0.335877927,-0.043307595,0.50939412,-0.157996177,-0.09541275,0.524868789,-0.19124321,0.014552062,0.001864462,0.294962504,0.104729245,-0.20519376,-0.164303644,-0.32735862,0.05838574,0.531107693,-0.511808407,0.217208754,0.419953668,0.125341058,-0.24321751,0.317705791,-0.303259465,-0.172102034,0.27683891,-0.37088874,0.508578586,0.023903247,-0.272760463
KEGG_MEDICUS_PATHOGEN_HCMV_US28_TO_GNAQ_PLCB_G_CALCINEURIN_SIGNALING_PATHWAY,-0.055566832,0.172449354,0.197653768,-0.10654752,0.115628815,-0.283976113,-0.004139838,-0.379976019,0.170507626,-0.201323097,-0.36501514,-0.062534793,0.322699517,0.124182595,-0.113983551,-0.154416989,0.507250921,-0.232484209,-0.190755701,-0.073601932,0.379114784,-0.223826383,0.158641233,0.444164491,0.390925885,0.006084155,0.276649837,-0.344982085,-0.119587615,-0.197274139,-0.050212229,-0.116614679,0.174850854,0.105449001,-0.340650363,-0.064632941,0.384591674,-0.274312892,-0.323795857,0.474440365,0.363900696,-0.134516313,0.296578716,-0.318629653,-0.189306306,-0.007632727,0.119362947,0.526759955,0.204773503,0.307251334
KEGG_MEDICUS_PATHOGEN_HCMV_US28_TO_GNB_G_PI3K_NFKB_SIGNALING_PATHWAY,-0.234754902,0.19852551,0.290978405,0.280431897,-0.148667167,-0.087685208,0.108520831,0.254229892,-0.100311424,-0.061577418,0.207179936,0.057011581,0.102008152,-0.025483186,0.084439026,0.144970777,0.299241304,0.329492278,-0.076171846,-0.226896485,-0.148461749,-0.041238872,-0.008403505,0.363126553,0.200935695,0.368003593,-0.031785294,0.233619588,-0.06699765,-0.06421164,0.040730057,0.244088859,-0.149121647,-0.268953961,-0.085504035,0.386733419,0.409239751,-0.073987503,0.282748112,0.31717192,0.505031393,0.086419035,0.415762725,-0.232549218,0.303812995,0.190946904,-0.10297052,0.469405124,-0.151176273,-0.042011891
KEGG_MEDICUS_PATHOGEN_HCV_CORE_TO_ERK_SIGNALING_PATHWAY,0.346278484,0.395091801,0.651458861,0.148244546,0.133883601,0.321703156,0.406529295,0.155718753,0.054111212,0.419909974,0.315960881,0.215102301,0.369683474,0.18246351,-0.190729662,0.054152919,0.316029582,-0.223937048,0.562790711,0.006615975,0.340061445,0.15214447,0.359845326,0.392834193,0.200566142,-0.241727501,0.236767553,-0.074544004,-0.464765323,0.056712314,-0.00789295,0.089938624,0.176313363,0.214950848,-0.2206713,0.130593073,0.175094785,-0.036597199,0.571990663,0.173640122,0.222887047,0.387430353,0.401856364,0.086862934,0.080675103,0.27717954,0.044277384,-0.048848758,-0.456751554,-0.113091485
KEGG_MEDICUS_PATHOGEN_HCV_CORE_TO_RXRA_LXRA_MEDIATED_TRANSCRIPTION,0.42517768,0.276741108,0.344978824,0.232871714,0.199081024,0.622879862,0.008608419,0.688520352,-0.190624386,-0.11293186,0.086310812,-0.200538341,0.313932503,0.090125725,0.372833554,0.187643705,-0.191391446,-0.080787724,-0.095787862,0.33512848,0.081354545,0.542218057,0.464265392,-0.142392973,-0.017305923,0.063711744,0.267052622,0.429261572,0.106886966,0.085154617,0.280392685,0.393244224,0.191812356,-0.18969738,0.387573213,0.148145128,0.333244491,-0.410638164,0.331476516,0.689059651,-0.020303194,0.145343748,0.483507593,0.206874131,-0.219791597,0.330916717,-0.044401245,0.328698613,-0.560146118,-0.025897852
KEGG_MEDICUS_PATHOGEN_HCV_CORE_TO_RXRA_PPARA_MEDIATED_TRANSCRIPTION,-0.177540272,0.41786604,0.16694479,-0.295675106,0.305759738,0.483436286,0.150512697,0.442060359,0.225413801,-0.384202654,0.200236977,0.028213465,0.311828927,0.667255414,0.658504029,0.263050842,0.069205089,-0.495713223,-0.084177717,0.19426742,-0.074332566,0.090950104,0.60174754,0.176995011,0.305461253,-0.159692608,0.446300927,0.396232393,-0.327764548,-0.002512203,0.07615077,0.184470879,-0.355933297,-0.554964981,0.359058051,-0.090919112,0.074905568,-0.394477547,0.0951078,0.409517481,-0.107732563,-0.172717017,0.090824174,-0.10342063,-0.282840512,0.26359296,0.24506095,0.321623552,-0.661590092,-0.073831184
KEGG_MEDICUS_PATHOGEN_HIV_GP120_TO_CXCR4_GNAI_PI3K_BAD_SIGNALING_PATHWAY,-0.072207838,0.010150861,0.380640446,0.338854681,-0.133531961,0.12292748,-0.118258968,0.042885518,-0.13051763,-0.130921609,-0.040977086,0.47152151,0.360081809,0.170188583,0.35518653,-0.081798794,0.360182039,0.154238473,-0.347930043,-0.194105422,0.356263623,0.099624794,0.311755779,0.57128417,0.341091155,0.181948932,0.296628696,0.170132652,-0.275570115,-0.016930588,0.442447356,-0.00631233,-0.053561033,-0.036731054,-0.414654778,0.36844494,0.24620156,-0.372793239,0.132614397,0.473689783,0.553028446,-0.154224813,0.5845131,0.218783727,0.004208617,-0.112439632,0.183563681,0.553077866,-0.2562875,-0.335716987
KEGG_MEDICUS_PATHOGEN_HIV_GP120_TO_CXCR4_GNAQ_PLCB_G_CALCINEURIN,-0.26592132,0.334083427,0.152788064,0.197098834,0.092663611,-0.342564476,-0.200984476,-0.423760986,0.194187603,0.001854881,-0.419880191,-0.225695662,0.129898939,0.128170863,0.001371962,-0.15912578,0.491778555,-0.226303833,-0.538566446,-0.018034165,0.508676036,0.024094134,-0.009777625,0.436918145,0.332412944,-0.136544881,0.233638888,-0.032460496,-0.164642134,0.035488815,-0.154288893,-0.230489681,-0.351095782,-0.023828726,-0.324756314,-0.131649865,0.146658391,-0.144061681,-0.396511725,0.547765134,0.447861968,-0.175404331,0.250692207,-0.09961961,-0.316017886,-0.093253119,0.025054639,0.637581552,0.13871531,0.03191195
KEGG_MEDICUS_PATHOGEN_HIV_GP120_TO_CXCR4_GNB_G_RAC_SIGNALING_PATHWAY,-0.323971831,0.081518377,0.397055182,0.283541667,-0.320317059,-0.151614072,-0.134675943,0.421982806,-0.252871714,-0.100664915,0.306849879,0.20077719,0.325791376,0.227046164,0.121782332,-0.083661917,0.319887806,0.336209045,0.006002706,-0.123870049,-0.145774966,0.123146136,-0.181583849,0.07834259,0.332888996,0.170898142,-0.134114604,0.181027882,0.125036247,0.221655384,0.025632222,0.245416363,0.060534184,-0.081063057,-0.259768299,0.589958113,0.653397067,0.001828286,0.311077214,-0.043971664,0.578622046,0.19453672,0.537167953,-0.482598148,0.193823986,0.533857195,-0.26757529,0.429464415,0.177176413,0.009870092
KEGG_MEDICUS_PATHOGEN_HIV_GP120_TO_TNF_NFKB_SIGNALING_PATHWAY,0.102453411,0.436379933,-0.002142519,-0.003125983,0.446610465,0.295721016,0.026217934,0.199822799,0.563261407,0.159368165,0.498147268,-0.013888643,-0.491090172,-0.155439522,0.188671202,0.131997871,0.240538178,-0.234455314,-0.25833382,0.383704144,-0.088240437,-0.018020802,0.136593222,0.280899114,-0.3481841,0.014210839,0.179534915,0.209321086,-0.343633919,-0.17166434,-0.103461241,-0.249952018,-0.410864087,0.114891918,-0.169674535,-0.419066973,-0.163909463,-0.556444503,0.015537753,-0.145294038,-0.079524225,-0.149048267,-0.179238122,0.044546502,0.024138106,-0.392628486,0.174516353,0.0342274,-0.35684929,0.144137438
KEGG_MEDICUS_PATHOGEN_HIV_NEF_TO_TNF_NFKB_SIGNALING_PATHWAY,0.099473057,0.476251242,0.005223017,-0.032115448,0.394419195,0.266698411,-0.006429361,0.110949503,0.554483611,0.192961585,0.380974605,-0.017048708,-0.501495912,-0.148184938,0.244517697,0.143545918,0.205330192,-0.279481503,-0.272993826,0.326545621,-0.100236199,0.014059865,0.065518756,0.294892744,-0.386704999,0.156829456,0.182122035,0.219542569,-0.334013041,-0.108128037,-0.073125544,-0.274549193,-0.399088091,0.116590794,-0.324160017,-0.480496462,-0.289854329,-0.587950924,-0.016572285,-0.248856551,-0.187496299,-0.147487479,-0.211253313,0.150850973,0.021312309,-0.483467643,0.188878435,0.034224309,-0.360076607,0.160734733
KEGG_MEDICUS_PATHOGEN_HIV_TAT_NEF_TO_CROSSTALK_BETWEEN_EXTRINSIC_AND_INTRINSIC_APOPTOTIC_PATHWAYS,-0.225125456,0.285945526,0.230511367,-0.25240514,-0.570267424,0.401320818,-0.030196209,0.406620722,-0.122318216,0.396537792,0.421682766,0.622937569,0.50293889,0.173177879,-0.233882418,0.567834894,-0.226406867,0.641179374,0.215160512,-0.262534303,0.405841713,0.158767275,-0.354826461,-0.240447702,0.360121327,0.041121682,0.512453952,-0.032396726,0.586117111,0.422589467,0.680903769,0.541206436,0.604541442,0.50937805,-0.347400336,0.526272543,0.32068421,0.441478172,0.291313105,-0.112861699,0.169517288,0.478151837,0.180622229,0.025460852,0.741296905,0.516249465,-0.098899055,-0.560481721,-0.105552951,0.001541354
KEGG_MEDICUS_PATHOGEN_HIV_TAT_TO_TLR2_4_NFKB_SIGNALING_PATHWAY,-0.18238045,0.73314846,0.171333799,0.069373027,0.535372899,0.729273793,-0.28173207,0.264700238,0.705075948,-0.114027966,0.749604581,0.567007939,0.421863339,-0.239332431,0.634009923,0.06607717,0.197056709,0.272848095,-0.52782719,0.160577357,0.255043263,0.642470838,0.58823483,0.069324213,-0.079904807,0.088947162,0.092395884,0.569237709,0.019279541,-0.054050555,-0.123951286,-0.049787629,0.500160458,-0.305321089,-0.329548363,0.11287508,0.567736112,-0.800384625,0.372903061,-0.248936059,-0.614420006,-0.292486006,0.197053925,0.622278539,0.217501128,-0.355670427,-0.317635769,0.408660352,0.189979107,-0.01894452
KEGG_MEDICUS_PATHOGEN_HIV_VPR_TAT_TO_TNF_JNK_SIGNALING_PATHWAY,0.352982321,0.69240609,0.377847329,-0.50844191,0.688027718,-0.743664959,-0.481211153,-0.258113246,0.258368087,-0.549558449,-0.004146577,-0.511431083,0.028692592,-0.125417306,-0.378980791,-0.530010815,0.480778833,-0.470767951,-0.183773313,-0.300037462,-0.025444779,0.021925471,0.298593147,-0.065761902,0.138278846,-0.336301841,-0.048903726,0.040716287,-0.521855487,0.058510212,-0.079460982,-0.321317594,0.018658981,-0.176802284,-0.16135332,0.084568517,-0.269722451,-0.240177733,-0.549538656,0.54335599,0.220337454,0.13592941,-0.345448173,-0.328977291,-0.514816584,-0.054768564,-0.479423185,0.419062686,0.268253178,0.362511377
KEGG_MEDICUS_PATHOGEN_HIV_VPR_TO_CDC25_CELL_CYCLE_G2M,0.121328178,-0.327007605,0.690772338,-0.499458343,-0.699281086,-0.257069826,0.225048423,0.380528264,0.259847013,0.590283363,0.333945542,-0.037225327,-0.537032235,-0.347598199,0.294820091,0.660955698,0.106336884,0.178724872,0.59985973,0.030691461,0.516115158,0.227951927,0.192485231,0.272209168,-0.590337894,-0.017506822,0.221758191,0.528469048,-0.039491891,-0.567217506,0.384893605,0.097364304,0.348937088,-0.308150209,-0.497210783,-0.09889194,0.137553507,0.194195228,0.475761248,-0.528527283,-0.281615847,-0.355800852,0.439852599,0.527615353,0.331928507,-0.017736576,-0.212461189,-0.487619915,-0.756951797,-0.415354649
KEGG_MEDICUS_PATHOGEN_HIV_VPR_TO_WEE1_CELL_CYCLE_G2M,0.094460484,-0.793596181,0.791050162,-0.069289065,-0.94063515,-0.081756242,0.618385234,0.572122406,-0.137557971,0.713325423,0.442161839,0.005503428,-0.278386826,-0.805034284,-0.612543247,0.697072996,-0.465626128,0.299118292,0.761320439,0.041320823,0.247473836,0.678748856,-0.32903284,0.621456738,-0.539676433,0.192259112,-0.033742331,0.045432366,0.369988538,-0.019307109,0.248115072,0.481630894,0.69704078,-0.480550592,-0.744220743,0.710754585,0.530900892,0.622033404,0.670875237,-0.834355828,-0.386128682,0.000178231,0.506980981,0.538523999,0.702724648,0.426428068,-0.403326293,-0.169215582,-0.678004331,-0.455781725
KEGG_MEDICUS_PATHOGEN_HPV_E5_TO_ANTIGEN_PROCESSING_AND_PRESENTATION_BY_MHC_CLASS_I_MOLECULES,0.023020774,-0.599554382,0.514691094,-0.03426589,-0.696507535,0.662171754,-0.862708968,-0.000721957,0.163055694,0.556706059,-0.557602593,0.39847603,0.70262297,-0.825859703,0.682072881,-0.651885796,-0.620328815,0.573233463,-0.761601942,0.779622778,-0.451667664,0.041061276,0.52847216,-0.238991074,-0.139427849,0.210245102,0.893023013,0.726561055,0.482501277,0.011551304,0.858050372,-0.410496109,0.052883314,0.117949644,-0.43541217,0.599404386,0.275217981,0.35439322,0.624672863,0.290668485,0.517458184,-0.161718256,0.781698403,-0.753153748,0.265207881,-0.057215053,0.219955213,0.404030038,0.714492024,0.547155013
KEGG_MEDICUS_PATHOGEN_HPV_E5_TO_EGFR_RAS_ERK_SIGNALING_PATHWAY,0.35230905,0.346477,0.359571278,-0.091759102,0.034075147,0.062168061,0.305329143,0.181182055,0.251171983,0.331967813,0.224963271,0.385423224,0.034586124,0.225619973,0.271624742,0.391529035,0.356757793,-0.220619709,0.396849886,-0.295677755,0.127607019,0.22312086,0.217303246,0.47964654,-0.126191981,-0.115801284,0.382442578,-0.511710438,-0.525773931,-0.211434261,-0.388130708,-0.23087412,-0.190785555,-0.033393304,-0.43440303,-0.262656669,0.014678505,-0.545636734,0.104998005,0.285947088,-0.029118448,0.12059044,0.046656914,-0.073953802,-0.262864973,-0.15291032,0.009582592,0.050553697,-0.573449234,-0.584894065
KEGG_MEDICUS_PATHOGEN_HPV_E6_TO_NOTCH_SIGNALING_PATHWAY_N00380,-0.363304076,0.423770355,-0.210234332,-0.318511014,0.220287105,-0.442806309,-0.132055805,-0.238369131,0.395179296,-0.642098938,-0.221748765,-0.113729194,-0.159469248,0.220308649,0.019490494,-0.153273144,0.591597454,-0.288732574,-0.487787761,-0.521336058,0.552610966,0.320596938,0.038790915,-0.079873241,0.479775676,-0.089927554,-0.081216664,-0.502105137,-0.669049608,-0.613315694,-0.499684965,-0.599866279,-0.328154351,0.104360386,-0.29764887,-0.6452396,-0.396758151,-0.153679534,-0.677675324,0.17208268,0.108398963,-0.495940858,-0.262540141,-0.029802802,-0.639250241,-0.399982941,0.525524813,0.183262616,-0.076502129,-0.585736684
KEGG_MEDICUS_PATHOGEN_HPV_E6_TO_NOTCH_SIGNALING_PATHWAY_N00381,-0.253411805,0.466959813,-0.307905717,-0.0936209,0.26189575,-0.331110077,-0.079945075,-0.318479001,0.438666881,-0.657571497,0.156527153,-0.10853329,-0.162617,0.242741116,0.168103052,-0.351481517,0.51484983,-0.293616367,-0.483875182,-0.441112993,0.605463137,0.369849741,0.04450736,-0.029229679,0.52561181,0.002187279,-0.052100876,-0.384935689,-0.593528368,-0.547237638,-0.521118949,-0.595451441,-0.516554591,0.126658843,-0.327256708,-0.559195867,-0.404920472,-0.313166881,-0.671797302,0.300492553,0.190600359,-0.429809045,-0.26632122,-0.281223544,-0.621536951,-0.552480028,0.412951497,0.4682065,-0.083650857,-0.529326927
KEGG_MEDICUS_PATHOGEN_HPV_E6_TO_NOTCH_SIGNALING_PATHWAY_N00382,-0.219593583,0.511105788,-0.254100989,-0.036524099,0.31049981,-0.19850273,0.149983046,-0.239742448,0.517017399,-0.529451182,-0.02500519,-0.06818437,-0.143223232,0.121239828,0.153729897,-0.136817247,0.529328909,-0.363721124,-0.495669466,-0.263468784,0.588100805,0.266874784,0.147346543,0.315016534,0.37790108,0.118235942,-0.006374458,-0.477568695,-0.672043914,-0.618276809,-0.548403162,-0.59155112,-0.462297599,0.05619482,-0.310741788,-0.619286795,-0.332346381,-0.326088705,-0.655476552,0.152904595,0.048289999,-0.320868232,-0.330127675,-0.122756606,-0.644280757,-0.628170392,0.551002258,0.103828097,-0.331958892,-0.52584923
KEGG_MEDICUS_PATHOGEN_HPV_E7_TO_CELL_CYCLE_G1_S,0.225724685,0.052048487,0.378849446,0.434642494,-0.068061913,0.185210072,0.545037421,-0.249954882,0.336235992,0.495953801,0.591881861,-0.525771559,-0.445835377,-0.097751737,0.516477328,0.434219866,-0.084902333,-0.334929487,0.242017208,-0.404735152,0.154094223,-0.293025598,-0.110178668,0.599349223,-0.53558507,0.179720516,0.085634362,-0.103985787,-0.130391626,-0.278964499,0.47207284,0.532118573,-0.303136093,-0.457132131,-0.667245694,-0.038888313,0.039374813,0.072193914,0.352815626,-0.291425883,-0.411090701,0.01038513,-0.094781466,0.502615387,-0.03773856,0.234177712,-0.257279508,-0.092873029,-0.730321537,-0.675115105
KEGG_MEDICUS_PATHOGEN_HPV_E7_TO_P27_CELL_CYCLE_G1_S,0.127860283,-0.461332647,0.438880773,0.118218137,-0.508990772,0.291242349,0.602097814,0.237773362,-0.137410364,0.649805677,0.365967886,-0.127515567,-0.591075409,-0.190114376,0.092301129,0.576934948,-0.389668724,0.344207208,0.526643701,-0.338804044,0.213157657,-0.133356348,-0.141291191,0.616605207,-0.302137406,0.24691058,0.038068685,0.400994148,-0.01702376,-0.315658749,0.571518941,0.508726512,-0.056222803,-0.339615887,-0.760699688,0.364419041,0.28191758,0.468458954,0.579155964,-0.530540299,-0.36493694,0.174022381,0.026268546,0.638636943,0.650850704,0.439310888,-0.232328254,-0.384610533,-0.588168137,-0.739940889
KEGG_MEDICUS_PATHOGEN_HSV_GD_TO_HVEM_NFKB_SIGNALING_PATHWAY,0.421595901,-0.165227551,-0.022214661,0.263489324,-0.19158541,0.289795158,-0.101127294,0.493548003,0.26552956,0.017485516,0.358856101,-0.187968065,-0.209623163,-0.413782149,0.113487345,0.21849444,0.10438417,0.06829837,-0.44134557,0.311845562,-0.450479534,0.334933655,0.208701182,0.078413569,-0.393672608,0.035190771,0.050126432,0.37905491,0.181390068,0.081439049,0.25852161,0.13149569,0.073727349,-0.350479126,-0.381733238,-0.216642446,0.453319486,-0.677802008,-0.095889506,0.060232782,-0.218845583,-0.367435272,0.097914175,-0.24020984,0.054647081,-0.022080234,-0.078464926,0.376260306,0.093396814,-0.160216162
KEGG_MEDICUS_PATHOGEN_HTLV_1_P12_TO_ANTIGEN_PROCESSING_AND_PRESENTATION_BY_MHC_CLASS_I_MOLECULES,-0.266736913,-0.606732969,0.583882321,-0.063151891,-0.771591012,0.600432634,-0.881812258,-0.000721957,0.446446945,0.529977165,-0.186148935,0.254350724,0.830923955,-0.833721212,0.920675029,-0.68642106,-0.093402284,0.582438408,-0.847377766,0.843967151,-0.439767268,0.210056911,0.471437596,-0.153957224,0.056312607,0.048023587,0.922750654,0.683247163,0.651008055,0.11253497,0.906596878,-0.424139725,0.388400637,0.036910026,-0.149331634,0.599404386,0.515206209,0.359358444,0.630719249,0.418941914,0.628275768,-0.161718256,0.791264326,-0.773629604,-0.044671059,-0.057215053,0.098689339,0.486702306,0.836296363,0.546297556
KEGG_MEDICUS_PATHOGEN_HTLV_1_P12_TO_JAK_STAT_SIGNALING_PATHWAY,-0.263463326,0.236342516,0.316676692,0.429885003,-0.422499228,0.300588865,-0.573476949,0.046742465,-0.528563422,-0.519303879,0.312134048,-0.637872137,-0.359894248,-0.019792486,0.549446905,-0.004452166,0.57733496,0.100884317,-0.619713912,0.100779074,0.220691951,-0.093179246,-0.440041215,0.108937692,-0.458239631,-0.06072911,0.39758663,0.788896351,-0.042850854,-0.522300287,0.075861893,-0.71472051,-0.371044128,-0.358699929,-0.634987642,-0.277285145,0.341783279,-0.630374115,-0.31880527,0.37977398,-0.080459091,-0.633122228,0.163598628,-0.315021854,-0.500700714,-0.081636427,-0.51066354,0.890001805,0.674853358,-0.294628271
KEGG_MEDICUS_PATHOGEN_HTLV_1_TAX_TO_E47_MEDIATED_TRANSCRIPTION,-0.305419958,-0.284162004,0.041141348,0.166684785,-0.77778372,0.792797482,0.383484477,0.211145264,-0.755097469,0.421637966,0.316142575,-0.431401433,0.490339541,-0.033471163,-0.299472868,-0.064603447,0.163167393,0.01567474,0.065025174,-0.283788169,-0.301536546,-0.160003028,-0.413999203,0.139256909,0.31643565,0.373635297,-0.066569245,-0.345103178,0.274375716,-0.05779294,0.241922172,0.41257091,0.612217778,0.191909219,-0.235336006,0.347860823,0.45810361,0.46135473,0.592692804,-0.554480468,0.193942132,0.541137743,0.57554172,0.186174412,-0.046619964,0.40583398,-0.746065355,0.458606916,0.193025576,-0.451764394
KEGG_MEDICUS_PATHOGEN_HTLV_1_TAX_TO_NFY_MEDIATED_TRANSCRIPTION,0.02748255,0.200268778,0.061981036,0.55632578,-0.63234683,0.363158998,-0.615034499,-0.469378613,-0.459078908,-0.062121896,-0.239705852,-0.015259594,0.098776631,-0.448048299,0.731614807,-0.724360406,0.130710434,-0.018148984,-0.777260144,0.675960473,-0.085786457,0.477258225,-0.26567623,-0.001625282,0.184433139,-0.380837965,0.036719744,0.435494531,0.724329939,0.707374086,0.451515728,-0.140767494,-0.546367991,-0.428575341,-0.175006446,0.628791834,0.350337255,0.033227991,0.051557562,0.431067794,0.258238338,0.154279721,0.551537263,-0.598610977,-0.459747881,0.103205418,-0.314645442,0.67636361,0.546694226,0.601421063
KEGG_MEDICUS_PATHOGEN_HTLV_1_TAX_TO_P21_CELL_CYCLE_G1_S_N00497,0.195410243,-0.241439559,0.243648005,0.151521908,-0.37653448,0.316159544,0.552644913,0.059254085,-0.359644945,0.513828893,0.248076307,-0.271815965,-0.31678937,0.053218889,-0.179098399,0.329620505,-0.357915068,0.410876291,0.440419621,0.000920312,0.195011404,-0.080963986,0.119672546,0.574854157,-0.011789347,0.103552012,-0.278214555,0.513151437,-0.104462589,-0.294386886,0.238342378,0.181733567,0.144708807,-0.154436321,-0.616770882,0.319130574,0.083461628,0.461752066,0.54833796,-0.330404966,-0.183732607,0.302536632,-0.036515566,0.544279111,0.335462974,0.32657658,-0.083098906,-0.159936742,-0.371234115,-0.355615223
KEGG_MEDICUS_PATHOGEN_HTLV_1_TAX_TO_P21_CELL_CYCLE_G1_S_N00498,0.196581288,-0.476525903,0.48346299,0.194840879,-0.457812831,0.320247118,0.586558456,0.069385836,-0.263943417,0.605016481,0.286591141,-0.012274368,-0.345334675,-0.171598454,-0.212848102,0.551176334,-0.36090616,0.443279704,0.459246281,-0.308159707,0.000543197,-0.058870598,0.229394557,0.59516305,-0.031033132,0.021152454,0.043772563,0.439447718,-0.055189085,-0.341001586,0.537093863,0.18401712,0.148512159,-0.197060785,-0.749229173,0.381064538,0.271528402,0.451813549,0.525323382,-0.381621784,-0.185441573,0.247077588,0.168039083,0.512752327,0.586344718,0.417830919,-0.236123081,-0.282011496,-0.396575922,-0.587368359
KEGG_MEDICUS_PATHOGEN_HTLV_1_TAX_TO_SPINDLE_ASSEMBLY_CHECKPOINT_SIGNALING,0.027097655,-0.1306027,0.104571383,-0.441932913,-0.122024137,0.130164827,0.220250976,0.26602729,0.071516623,0.619469006,0.24635778,-0.284269571,-0.414906141,-0.534745199,-0.477105908,0.551998399,-0.434338447,0.281266944,0.415960699,0.076083686,-0.292794943,0.225688192,-0.136601887,0.428445274,-0.499382071,-0.239341781,-0.38384521,0.01159776,-0.034209197,-0.225390903,0.120804218,0.416064364,0.0787197,-0.362517249,-0.137049561,0.373755775,0.444513883,0.421815723,0.361139023,-0.51615698,-0.384205163,-0.107478145,0.326543833,0.561493494,0.390153084,0.44133173,-0.390042464,-0.536882592,-0.430659935,0.091920807
KEGG_MEDICUS_PATHOGEN_HTLV_1_TAX_TO_SRF_MEDIATED_TRANSCRIPTION,0.067919524,0.180419688,0.836990421,0.500896222,0.509086528,-0.576461131,-0.351943413,0.09059974,-0.460863199,-0.777815543,0.193353529,-0.733081628,0.317573011,0.155606331,0.074764579,-0.216232228,0.717571616,0.354027499,-0.587102078,-0.768113327,-0.290929717,-0.399169888,-0.0261662,0.271541863,0.334376959,-0.795529678,0.47221859,-0.070686137,-0.399144673,-0.487522432,-0.412032751,-0.409801009,0.276914271,-0.199997857,-0.567134249,0.225135838,0.519359798,-0.181369092,0.216829552,0.343897004,0.453242002,-0.305242263,0.585159116,-0.711747957,-0.142074441,-0.192330985,-0.791137653,0.608770189,0.631039622,0.529965805
KEGG_MEDICUS_PATHOGEN_HTLV_1_TAX_TO_TNF_JNK_SIGNALING_PATHWAY,0.229369912,0.696328434,0.2843485,-0.328095415,-0.223563551,-0.539014366,-0.512352277,-0.272166839,0.253840694,-0.595562075,-0.004416965,0.065972103,0.046274959,-0.125417306,-0.402870337,-0.600606943,-0.096224703,-0.486849006,-0.362795074,-0.319109528,-0.160117081,0.478254042,0.197361903,-0.288901983,0.337846144,-0.025718237,-0.097897681,0.416007981,-0.271652724,0.06189738,0.087559021,0.146944275,0.153126862,0.029966915,-0.153982377,0.404334735,-0.311687851,-0.066949382,-0.505731437,0.54278403,0.288290213,0.316298926,-0.202216313,-0.033462327,-0.5733011,0.463804163,0.403258753,0.443825911,0.285999035,0.064693675
KEGG_MEDICUS_PATHOGEN_KSHV_K15_TO_TNF_NFKB_SIGNALING_PATHWAY,0.185157178,0.270282523,-0.0502968,-0.037575351,0.407347046,0.460071687,0.17119638,0.509830446,0.621380268,0.019745189,0.422643841,-0.123635155,-0.395996528,-0.396612508,0.067860457,0.335591798,0.136832675,-0.054354128,-0.019306445,0.319634404,-0.259886619,0.292634095,0.328151576,0.493011584,-0.2630884,0.223588492,0.0136286,0.14661787,-0.151125366,-0.212272872,0.158262271,-0.075858545,-0.353016467,-0.215515991,-0.204480141,-0.366315709,0.101714801,-0.719476792,-0.019308524,-0.0223317,-0.393949781,-0.207105997,0.032942238,0.261802755,0.37062207,-0.367502795,-0.153657663,0.093632236,-0.610774707,0.299386484
KEGG_MEDICUS_PATHOGEN_KSHV_LANA_TO_WNT_SIGNALING_PATHWAY,-0.107270657,0.496596549,0.123932999,-0.31054509,0.016153777,-0.1629588,-0.214575215,-0.273638246,0.057576031,-0.638170168,-0.299516128,-0.03578984,0.370317391,0.277558383,-0.286870013,0.064349725,0.615815074,-0.157547368,-0.178063298,-0.256907204,0.245893572,0.441309142,0.160012776,0.251434064,-0.030871328,-0.293198352,0.542672787,-0.346219438,-0.555580772,-0.612593357,-0.453389449,-0.635788134,-0.166410974,-0.305827595,-0.050979463,-0.504959592,0.074143029,-0.500406101,-0.217467429,-0.315629629,0.0867542,-0.377985743,-0.287874437,0.112936308,-0.266882757,-0.224465297,-0.014258641,0.585788803,0.249584574,0.173975232
KEGG_MEDICUS_PATHOGEN_KSHV_MIR1_2_TO_ANTIGEN_PROCESSING_AND_PRESENTATION_BY_MHC_CLASS_I_MOLECULES,-0.33427226,-0.5953554,0.583829634,-0.200924227,-0.771521386,0.650284391,-0.878519613,0.029020887,0.344937236,0.545333617,-0.288661593,0.31448409,0.787169833,-0.839258067,0.956325573,-0.700497087,-0.310323046,0.528604945,-0.855577376,0.843890994,-0.469535659,0.001985201,0.477711604,-0.21531102,-0.139415268,0.078497434,0.915628948,0.636226541,0.531233778,-0.047735066,0.906515069,-0.559217354,0.052878542,0.036906696,-0.164053246,0.599350298,0.405702942,0.352071265,0.630662335,0.396518713,0.616264128,-0.161703664,0.791192925,-0.76498114,-0.044667028,-0.05720989,0.294269061,0.424701901,0.813210612,0.540520805
KEGG_MEDICUS_PATHOGEN_KSHV_MIR2_TO_CELL_SURFACE_MOLECULE_ENDOCYTOSIS,0.519940127,-0.081320453,-0.048908139,0.735599353,-0.450501988,0.461114437,-0.620590854,0.318512725,-0.623978279,0.548285435,0.472356029,0.22297337,0.28966144,0.278018651,0.246706371,0.262312988,-0.308080182,0.475856342,-0.437193267,-0.259852003,-0.216693459,0.444087941,0.308259073,0.477105614,0.353748523,0.077868258,-0.103862119,0.563236442,0.624128615,0.66022365,0.733979989,0.614226422,-0.100838438,-0.333084356,-0.117948049,0.676296336,0.566414005,0.081381057,-0.035311159,0.722342537,0.414412482,0.307286197,0.622385428,-0.714148247,-0.089424292,0.585014698,-0.040910006,0.454926879,0.395717416,0.350484221
KEGG_MEDICUS_PATHOGEN_KSHV_VCYCLIN_TO_CELL_CYCLE_G1_S,-0.428379859,-0.439273671,0.377883149,0.373482179,-0.311156626,0.451350571,0.350094698,0.544043248,0.129146882,0.299431693,0.286892872,0.126601696,-0.25153325,-0.01209985,0.183103841,0.601985435,-0.059916982,-0.114149071,0.688207444,-0.179308668,0.089623562,-0.433946941,-0.216823175,0.416402064,-0.119345866,0.240438956,0.009762078,0.296551873,0.069575814,-0.326624607,0.57752082,0.050370676,-0.073515247,-0.5109344,-0.551873769,0.404896765,0.400660473,0.354043216,0.532665584,-0.2998117,-0.240004674,-0.088473803,0.212968639,0.583268719,0.483221805,0.427938306,-0.067811323,-0.120662278,-0.673160635,-0.708373681
KEGG_MEDICUS_PATHOGEN_KSHV_VFLIP_TO_NFKB_SIGNALING_PATHWAY,0.267483423,0.194034634,0.03049991,0.128853828,0.236094892,0.542714555,0.327816931,0.423082975,0.443679518,0.02133003,0.401610533,-0.014664084,-0.302487881,-0.424610774,-0.130041862,0.28412945,0.13853799,-0.015951329,-0.282439979,0.066865187,-0.155206641,0.365356542,0.354948028,0.373464372,-0.251460035,0.387007437,-0.035088217,0.350056689,-0.229871377,-0.171949953,-0.088857351,0.057029417,-0.323328577,-0.076507798,-0.099638676,-0.378054503,0.101696445,-0.766672823,-0.018588702,0.184151004,-0.303040782,-0.020042743,0.163856506,0.236444539,0.303486919,-0.396788704,-0.101090451,0.19197279,-0.580814696,0.147862308
KEGG_MEDICUS_PATHOGEN_KSHV_VFLIP_TO_TNF_NFKB_SIGNALING_PATHWAY,0.193291783,0.140338509,-0.091359605,-0.05792357,0.216835394,0.486695779,0.288526578,0.53576102,0.553650948,0.021098175,0.352993674,-0.143774335,-0.330608881,-0.398175156,-0.215580963,0.237612201,0.134243756,-0.074650873,-0.25377247,0.370384782,-0.361433894,0.332322479,0.252562591,0.37702089,-0.28244485,0.474335996,-0.031495352,0.329303024,-0.159458881,-0.282442471,-0.08775581,-0.1309747,-0.266862913,-0.237816946,-0.077520079,-0.419287345,0.101705622,-0.779829263,-0.01859038,-0.016056113,-0.542576776,-0.360566889,0.032939265,0.121775693,0.247852026,-0.376705629,-0.14451992,0.144049235,-0.594762048,0.222598068
KEGG_MEDICUS_PATHOGEN_KSHV_VGPCR_TO_GNB_G_ERK_SIGNALING_PATHWAY,-0.111370782,0.188007864,0.407869091,0.135562411,0.060758267,-0.393519819,0.115136208,0.306954752,-0.010116474,-0.066769417,0.168861659,-0.041245388,0.177201078,-0.029278734,-0.225957096,0.032415535,0.410830059,0.107567811,0.232381376,-0.335616528,-0.232690612,-0.049547891,-0.03440854,0.316916343,0.263008317,-0.01264442,-0.089788717,-0.236858742,-0.131215024,-0.2720334,-0.140922769,0.011165182,0.116573906,-0.132283427,-0.295900579,0.445839363,0.431554401,0.014052857,0.351737867,0.345062935,0.45006227,0.010925293,0.418224278,-0.465330102,0.052149382,0.389292577,-0.33197011,0.309372406,-0.061428534,-0.224090407
KEGG_MEDICUS_PATHOGEN_KSHV_VGPCR_TO_GNB_G_PI3K_AKT_SIGNALING_PATHWAY,-0.301299412,0.378231637,0.164766232,0.232849326,-0.145974074,-0.279551508,0.016025995,0.096577348,-0.275288992,-0.070763259,0.127837507,0.13151292,0.120641936,0.193275439,0.245253042,0.208533391,0.281460888,0.330024212,-0.238344707,-0.135503447,0.028487338,-0.214352786,-0.24124132,0.252714909,0.309347946,0.313875804,0.106648385,-0.001137152,-0.030118084,-0.115725646,0.051213573,-0.012940309,-0.262821251,-0.055562024,-0.249788281,0.459564444,0.392413606,0.041574815,0.164741394,0.233699937,0.519286004,0.028359668,0.395549194,-0.400586566,0.058096995,0.36359298,-0.107753392,0.528575109,0.066722015,-0.318473162
KEGG_MEDICUS_PATHOGEN_KSHV_VGPCR_TO_GNB_G_PI3K_JNK_SIGNALING_PATHWAY,-0.375238333,0.378415532,0.164882706,0.267430291,-0.209642774,-0.256866445,-0.015706297,0.249914255,-0.083968324,-0.08558185,0.282460994,0.084462626,0.257034874,0.16305352,0.057997368,0.095536499,0.3841907,0.391548951,-0.058229885,-0.159350171,0.0467179,0.026967413,-0.052921028,0.191270748,0.341108929,0.065366951,0.117510348,0.321255368,0.088369142,0.263178111,0.151629445,0.167893442,-0.211277263,-0.06689623,-0.115069311,0.506339978,0.398338255,-0.097474845,0.21530901,0.33666895,0.539008676,0.037187572,0.394742126,-0.436488864,0.102618966,0.352670362,-0.20567045,0.540472116,0.210375214,-0.112389498
KEGG_MEDICUS_PATHOGEN_SALMONELLA_AVRA_TO_BETA_CATENIN_SIGNALING_PATHWAY,-0.225003877,0.643336768,0.111275331,-0.616909634,-0.193883459,0.080367201,-0.229726378,-0.025354064,-0.241969568,-0.73318302,-0.030319437,-0.338371517,0.404938019,0.121451201,-0.517898187,0.270094691,0.57844107,0.328398319,-0.460169878,0.282672014,0.165840682,0.414863894,-0.133546957,0.401117576,-0.20655433,-0.379606743,0.474706675,-0.040499618,-0.233052763,-0.415809421,-0.183736351,-0.523120913,-0.188259737,-0.470981858,0.156294811,-0.253372406,0.358190937,-0.497925832,-0.006067123,-0.162894313,0.199569036,-0.533697298,-0.137529992,0.435763408,-0.082115142,0.20268105,-0.092402093,0.719422908,0.373719601,0.233091092
KEGG_MEDICUS_PATHOGEN_SALMONELLA_SIFA_TO_MICROTUBULE_PLUS_END_DIRECTED_TRANSPORT,-0.001509218,-0.038916853,0.412723953,0.190764512,-0.26264846,0.436285789,0.347211308,-0.002268482,-0.24938132,0.41308803,0.496001555,0.135694036,-0.144471472,0.45950962,0.250593297,0.204678822,0.017994185,0.038537076,0.224068266,-0.362409262,0.030063831,-0.314767702,0.066500693,0.500013352,0.326809689,0.574746499,-0.244947069,0.131384438,-0.327703699,-0.341681305,0.054873959,-0.242078234,-0.176172677,-0.336079918,-0.255966149,0.260410715,0.481056767,-0.069362667,0.292935234,-0.01052151,0.143213054,0.147190146,0.411250337,0.524248495,0.250538495,0.169435,0.104797181,-0.124797929,-0.295289462,-0.494432383
KEGG_MEDICUS_PATHOGEN_SALMONELLA_SIFA_TO_TETHERING_OF_LATE_ENDOSOMES_AND_LYSOSOMES,0.550905547,0.334055477,0.437230392,-0.022190292,0.704904918,0.35490541,-0.366192674,-0.11198565,0.391981743,0.35547051,0.130071482,0.556861173,0.421891133,0.634872231,0.327219702,0.282968879,0.141800362,0.018366077,-0.025242825,-0.451038474,0.295892652,0.301598246,0.564376015,0.603516092,0.240458361,-0.111255198,0.415548285,-0.192364687,-0.522638068,-0.264962995,-0.172254642,-0.509232449,-0.076242594,0.594070938,-0.214121382,-0.539721923,-0.341748921,-0.597295794,-0.100906315,0.519485741,0.229082047,-0.081752751,-0.211571441,-0.155234576,-0.195040092,-0.099016106,0.110099774,-0.086018594,-0.228911956,0.498593617
KEGG_MEDICUS_PATHOGEN_SALMONELLA_SOPB_TO_ARNO_ARF_ACTB_G_SIGNALING_PATHWAY,0.1217406,0.437963462,0.426987775,0.280903823,-0.066403143,0.161537723,-0.244979374,0.26658456,0.224237672,-0.185940956,0.314475169,0.295967571,0.441310911,0.356385246,0.019243236,0.074656648,0.130799935,-0.188797081,-0.208840803,-0.167226242,0.368205819,0.129365558,-0.146970891,0.495427207,0.366268714,-0.300151042,0.421297964,0.290350128,-0.177359225,0.034924677,-0.016392985,0.165173671,0.212756576,0.080939012,-0.284946052,0.204367035,0.326999708,-0.155846547,0.183388383,0.247562878,0.329303397,0.196814564,0.313819199,-0.044776713,0.280674538,0.15502484,-0.128767954,0.366310824,-0.134555956,0.298254939
KEGG_MEDICUS_PATHOGEN_SALMONELLA_SOPB_TO_RHOA_SIGNALING_PATHWAY,0.242216406,-0.072722599,-0.019210595,0.357516153,0.496060611,0.295343219,-0.369732416,0.218150373,0.129320649,0.366163581,-0.071667043,0.347748155,0.477555065,0.421372586,-0.697553053,-0.04511922,0.103424027,0.070004889,-0.041770209,0.001445132,-0.116451917,0.240811459,-0.254531299,0.026103806,0.536424767,-0.416478657,0.245793941,-0.296656018,0.421715486,0.273101966,0.347133037,0.496610446,0.621533095,-0.242412858,0.233812105,0.306879121,0.422865867,0.000475711,-0.140086242,0.268464792,0.176664842,0.575823571,0.282501208,-0.603792177,0.347940749,0.684492502,-0.581280022,-0.036494459,0.547173328,0.615656051
KEGG_MEDICUS_PATHOGEN_SALMONELLA_SOPB_TO_RHOG_SIGNALING_PATHWAY,-0.038584386,0.565969691,0.405295843,-0.235298454,0.661740374,0.240066612,-0.387230244,-0.394545044,-0.321158087,-0.246810554,-0.035910854,-0.126126991,0.316272409,0.029414418,0.125928024,-0.740667831,-0.359196234,-0.346720722,-0.714652297,-0.239409453,0.088140061,-0.029550459,-0.112889268,-0.232861869,0.116207349,-0.161929793,0.13254534,-0.391884782,-0.213389876,0.09898042,-0.207973137,-0.546264723,-0.465774448,-0.060902175,0.32965115,-0.09247295,0.42849503,-0.540196698,0.028308683,0.496858701,-0.21363369,-0.428528778,0.297276908,-0.362364401,-0.406773793,-0.386183056,0.201573342,0.368470828,0.137658012,0.563578385
KEGG_MEDICUS_PATHOGEN_SALMONELLA_SOPE_E2_TO_NOD_NFKB_SIGNALING_PATHWAY,0.164776763,0.226305048,0.274251963,0.003289201,0.036082908,0.443670376,0.364056412,0.441248217,0.387212152,0.01877713,0.398424883,0.21676702,0.008927417,-0.045526662,-0.095894312,0.228016261,0.130889375,0.090609945,-0.303475777,0.046758255,0.066074237,0.417674021,0.272169103,0.473813656,-0.21375343,0.280608255,-0.015596235,0.377582971,0.026433194,0.19660314,0.040207415,0.062507371,-0.345697764,-0.156875234,-0.041084235,0.127395431,0.475089523,-0.530971635,0.049622439,0.19770774,-0.166524165,0.201642634,0.348829681,-0.005744823,0.229354076,0.007783034,0.138758047,0.100853612,-0.556399414,0.157715821
KEGG_MEDICUS_PATHOGEN_SALMONELLA_SOPE_TO_RAC_SIGNALING_PATHWAY,0.118267535,0.309028926,0.484520022,0.331695191,0.059900106,0.169697537,-0.202249118,0.446313194,0.321502979,-0.103029613,0.31903217,0.373249502,0.534777738,0.391836623,-0.164997457,0.11651022,0.066922884,0.026013242,0.221716821,-0.231713583,0.373286099,0.095414766,-0.117070889,0.54668615,0.570447011,-0.349094446,0.325337666,0.243996143,-0.129607723,0.071906793,0.120504917,0.283155941,0.393754228,0.067693767,-0.245210222,0.544876714,0.546829557,0.014119955,0.263669112,0.168146606,0.42291614,0.38615628,0.420324417,-0.000318267,0.492966375,0.369875127,-0.108660611,0.28529779,-0.187309025,0.453762024
KEGG_MEDICUS_PATHOGEN_SALMONELLA_SPVD_TO_TNF_NFKB_SIGNALING_PATHWAY,-0.001443652,0.56359533,0.387259767,0.201437234,-0.025985744,0.348552792,0.227225348,0.417155398,0.672897044,0.512741164,0.506365626,0.305343374,-0.011458991,-0.448131188,0.405982318,0.608048362,0.092249009,-0.036780445,0.241654066,-0.514194851,0.612022738,0.486774093,-0.2590311,0.520670503,0.034334568,0.008384078,-0.137936015,0.482406579,-0.404566197,-0.560089286,0.432435903,0.245986612,0.450801166,-0.165910741,0.002425731,-0.015206063,0.067671208,-0.354563229,0.488272911,0.077530718,0.3929804,0.067760008,0.494257152,0.543685119,0.705303875,-0.382004655,0.163533537,-0.086937173,-0.586844717,0.315936543
KEGG_MEDICUS_PATHOGEN_SARS_COV_2_S_N_TO_LECTIN_PATHWAY_OF_COAGULATION_CASCADE,0.053554683,0.378709968,-0.38419593,-0.287968394,0.168031241,0.315381146,0.087630978,-0.170180755,-0.437766062,0.615203947,0.115992853,-0.714050039,0.701627926,-0.501780363,-0.298008105,-0.243932613,0.744068561,0.147496617,0.602950851,-0.613459827,-0.394948128,-0.694310987,-0.57592505,-0.506320325,0.336495582,0.487944601,0.164518623,-0.261759416,0.630491655,0.504431566,0.580243572,0.288948288,-0.328431173,0.365110872,-0.077852954,0.51369921,0.160306721,-0.053346192,0.072530447,0.940550293,0.349720135,0.402443794,-0.237286952,-0.5251545,-0.31974798,0.158496465,-0.756427605,0.87767253,0.616642333,0.52981836
KEGG_MEDICUS_PATHOGEN_SARS_COV_2_S_TO_ANGII_AT1R_NOX2_SIGNALING_PATHWAY,-0.396531824,0.118498197,0.226419247,0.596056942,0.167821457,0.150602044,0.214065391,-0.207905927,-0.036962355,-0.279664078,0.480605807,0.242374747,0.205856957,-0.012556198,0.095581562,-0.281638457,0.467317978,0.346760477,-0.035881031,0.167194114,-0.285053656,0.198321536,0.089773688,-0.281403243,-0.036859132,0.071456672,0.201934377,0.534944705,0.534007694,0.443114959,0.333098658,0.331996154,0.05893237,-0.055413533,-0.156028682,0.514941671,0.551922956,0.127568096,0.148435193,0.456160462,-0.072212333,0.11724118,0.505870164,-0.154608183,0.321259829,0.325925012,-0.380409309,0.537053596,0.466780217,0.304372954
KEGG_MEDICUS_PATHOGEN_SARS_COV_2_S_TO_CLASSICAL_PATHWAY_OF_COMPLEMENT_CASCADE,-0.584318325,-0.637101868,0.505625435,0.790941081,-0.337240358,0.677726343,-0.387981593,0.580528738,-0.31764679,0.139138178,0.50318055,0.10475503,0.662878097,-0.101957954,0.318056677,-0.470179554,0.539835785,0.355770098,-0.582784445,0.539273684,0.118860532,0.344581792,-0.190191535,-0.144996842,0.557430299,-0.230082108,-0.479958454,0.787692863,0.857699443,0.147157846,0.668853419,0.29649012,-0.660749999,-0.301513444,0.533167838,0.808954781,0.743851171,0.390641314,0.587162912,0.781737797,0.8114229,0.352143003,0.754273549,-0.53324912,-0.365765563,0.025083461,-0.389669778,0.747992421,0.430749797,0.127867404
KEGG_MEDICUS_PATHOGEN_SHIGELLA_FIMA_TO_CROSSTALK_BETWEEN_EXTRINSIC_AND_INTRINSIC_APOPTOTIC_PATHWAYS,0.14496663,-0.060731162,0.166385328,0.157748439,-0.332805203,0.242660075,0.918959043,0.20464562,-0.58877244,-0.605612188,0.40445949,-0.45568595,0.571486344,-0.591661677,-0.58325084,0.301057669,-0.0887024,0.340778083,-0.625678635,-0.149510031,-0.06080093,0.479046766,0.442848789,-0.142686962,-0.195332795,-0.563232263,0.690074318,0.669881,-0.016991445,-0.257688421,0.29398394,-0.233760232,0.134756555,0.608454788,-0.41709662,0.22883956,0.150010229,-0.251844392,0.463032411,0.735678874,-0.085363653,0.079818147,0.634986228,-0.265938971,0.116432285,-0.028424472,-0.019660668,-0.458066247,0.424044,-0.092825159
KEGG_MEDICUS_PATHOGEN_SHIGELLA_IPAA_TO_ITGA_B_RHOGEF_RHOA_SIGNALING_PATHWAY,0.242238267,-0.063020977,-0.028334934,0.33304345,0.474338969,0.271389892,-0.15818385,0.030993839,0.23145605,0.345480931,-0.384549008,0.318420527,0.397537008,0.358920556,-0.577486441,0.085518753,0.083379536,0.000959324,-0.060413568,-0.100256062,0.107779099,0.173407017,-0.297183953,0.056056006,0.378432717,-0.416516245,0.326765722,-0.404401078,0.354422437,0.225450747,0.407078897,0.409039634,0.582802965,-0.314080622,0.133751709,0.160298396,0.340005607,-0.13823546,-0.136118068,0.287327235,0.130806294,0.57042831,0.230873768,-0.574137289,0.269513036,0.459992232,-0.514174811,0.044875709,0.465979384,0.53113456
KEGG_MEDICUS_PATHOGEN_SHIGELLA_IPAB_C_D_TO_ITGA_B_TALIN_VINCULIN_SIGNALING_PATHWAY,-0.183500316,0.19589,0.568963365,0.353035955,-0.412695829,-0.44952604,0.070562814,0.395409874,-0.162402171,-0.28437821,0.321439556,0.324617239,0.346954822,0.426229075,-0.23388602,0.638142438,0.465515876,-0.256584842,-0.444553178,-0.338465298,0.610752586,0.175893464,0.253713006,0.251362079,0.563875612,-0.133172687,0.491806191,0.47824857,-0.585748621,-0.625786147,-0.49876438,-0.711586955,0.195642793,0.232289819,-0.769661968,-0.261849396,-0.29492198,-0.557382255,0.594836065,0.411506305,0.595347919,-0.196854266,0.645412406,-0.009436544,-0.545789965,0.174653534,0.22107824,0.04470478,-0.492265242,-0.528541582
KEGG_MEDICUS_PATHOGEN_SHIGELLA_IPAC_TO_ACTIN_SIGNALING_PATHWAY,0.131124514,0.379641962,0.615376079,0.275473417,-0.262107953,0.237937104,-0.12400586,0.567532115,-0.135000952,-0.035632299,0.603264913,0.244153229,0.456722429,0.236791197,-0.061996343,-0.074882977,-0.043248473,-0.157747615,0.41941441,-0.430382017,-0.017928297,0.13329792,-0.401802438,0.511349105,0.56463674,-0.380491214,0.41630779,0.124193078,-0.083792992,0.064080176,0.440180639,0.349569961,0.547762012,0.137714959,-0.341471117,0.532855441,0.584458648,0.148783152,0.322831347,0.01514651,0.414877002,0.430546429,0.572196577,-0.118481424,0.640817655,0.600425987,-0.047775233,0.001888072,-0.106225869,0.398859167
KEGG_MEDICUS_PATHOGEN_SHIGELLA_IPAH7.8_TO_NLRP3_INFLAMMASOME_SIGNALING_PATHWAY,0.405015852,-0.560135165,-0.115201162,0.394460554,-0.346536249,-0.412199133,-0.443954945,0.297345442,-0.509665132,0.367579072,0.41304616,0.311820327,0.438060983,0.52543168,-0.24394797,-0.241848455,0.027118258,0.372692127,-0.340590656,0.004238757,0.039910496,0.448641375,0.440855364,-0.386202479,0.036813137,-0.00819427,-0.476243185,0.411060211,0.628349725,0.650545881,0.077298032,0.590896138,0.370458401,-0.450960931,-0.252408961,0.655418208,0.759377382,0.571589626,0.619907579,0.533447264,0.056006333,0.260263822,0.597849974,-0.485996777,0.210017784,0.562643176,-0.329996688,0.219292201,0.55496374,0.088153027
KEGG_MEDICUS_PATHOGEN_SHIGELLA_IPGB1_TO_ITGA_B_RHOG_RAC_SIGNALING_PATHWAY,0.056630944,0.697491531,-0.049259323,-0.05109375,0.782970608,-0.071806071,-0.323865213,0.054515115,0.086635853,-0.462103021,0.188962392,-0.379509599,0.238877387,0.350181519,-0.207619747,-0.55650805,-0.051188365,-0.22200495,-0.279926896,-0.142991971,-0.098529279,-0.414449658,-0.174996326,-0.234271302,-0.18030452,0.233573694,0.411252511,-0.11035787,-0.736614902,-0.134770575,-0.201209059,-0.626880157,-0.420513442,-0.332698779,0.115567813,-0.36567015,-0.362345045,-0.692231345,-0.229164984,-0.020568311,-0.210506565,-0.369737234,-0.280901405,-0.643979366,-0.33861284,-0.356406916,0.499793953,0.095919999,-0.169899847,0.257457697
KEGG_MEDICUS_PATHOGEN_SHIGELLA_IPGD_TO_ARNO_ARF_ACTB_G_SIGNALING_PATHWAY,0.168748503,0.410077108,0.442493848,0.329928258,-0.069584568,0.134300404,-0.230617998,0.248024289,0.185827123,-0.127452477,0.320577098,0.308591918,0.429862664,0.353747575,-0.004579253,0.081690216,0.140526409,-0.179112846,-0.172464447,-0.175785111,0.352427008,0.131142292,-0.154340882,0.535460474,0.378354604,-0.273746054,0.403614195,0.306226608,-0.178510811,0.035720836,0.017049796,0.165628747,0.132355699,0.038652374,-0.290460589,0.280878781,0.409780808,-0.109968801,0.20171231,0.27739352,0.368591863,0.279025091,0.390103488,-0.035197247,0.233374984,0.216813612,-0.168628969,0.352021703,-0.161781697,0.279714409
KEGG_MEDICUS_PATHOGEN_SHIGELLA_OSPF_TO_TLR2_4_MAPK_SIGNALING_PATHWAY,-0.105035192,-0.254605891,0.510558255,-0.588434905,0.319993887,0.021517461,0.009325471,0.604230774,-0.485857474,0.127184813,0.605063879,0.364321518,0.066976178,0.272442498,0.276657286,-0.666890024,0.095379895,-0.229197123,0.370469734,-0.007940644,-0.335240549,0.062533839,0.025116736,-0.098332612,0.675749036,-0.426692193,0.003446332,-0.006569689,-0.342940428,0.062533839,0.106981937,0.22897303,-0.067508576,-0.135703091,0.29758736,-0.034560549,-0.022920051,0.262553073,0.536035152,0.447238759,0.253203716,-0.084987269,0.424919792,-0.551578795,-0.346307015,0.300957241,0.042753319,-0.016964447,-0.258102624,-0.322233226
KEGG_MEDICUS_PATHOGEN_SHIGELLA_OSPG_TO_TNF_NFKB_SIGNALING_PATHWAY,0.367099444,-0.000233402,0.190953023,-0.276129678,0.613325959,-0.358187301,0.559890101,0.369863744,-0.267865995,-0.010132241,0.49614997,0.342397388,0.304972919,-0.500778499,-0.404603146,0.400445194,-0.154461038,0.186436286,-0.106482064,0.278677626,-0.265228388,-0.050065146,0.307072576,-0.030095072,0.35410278,0.08003577,-0.130441234,0.251279409,-0.126344662,0.425220444,0.229205833,0.178781282,0.195862358,-0.285533241,0.599043732,0.52664662,0.393187034,0.25598481,0.143976756,0.108022742,0.397241731,0.463646901,0.170060579,-0.000360978,0.164377795,0.433358595,0.073042281,0.059832145,-0.190050332,0.672870321
KEGG_MEDICUS_PATHOGEN_YERSINIA_YOPH_TO_TCR_NFAT_SIGNALING_PATHWAY,-0.258590194,-0.132533381,0.150226629,0.548357994,-0.595362685,-0.111262754,-0.653464774,0.156857312,-0.085339446,-0.302149971,0.511883187,0.419089755,0.208679177,0.464040335,0.48645133,-0.370139744,0.551467174,0.559553147,-0.706091886,0.207757021,-0.028464118,0.395732715,0.126255722,-0.042765304,0.247734421,-0.340767271,0.426396333,0.678816312,-0.003625393,-0.08642417,0.546289882,-0.42746038,-0.393893512,0.271980725,-0.356098881,-0.183741307,0.341914995,-0.155344896,0.157411459,0.714216954,0.077498486,-0.632547041,0.487356544,-0.145429741,0.267759012,-0.110670219,0.173362296,0.72776033,0.126365685,-0.544447914
KEGG_MEDICUS_PATHOGEN_YERSINIA_YOPP_J_TO_TLR2_4_MAPK_SIGNALING_PATHWAY,0.36653062,0.080501409,0.08452555,-0.476905495,0.055033943,-0.092131384,0.356910932,0.30481918,0.052097432,-0.138422126,-0.244451585,-0.522987453,0.603230766,0.473759406,-0.35479874,0.499522042,-0.109740116,0.577863965,0.086967507,-0.39192518,-0.471676556,-0.470245502,0.059631268,-0.009086296,-0.052971314,0.182414155,0.037799161,0.230032608,-0.248606922,-0.548807281,-0.221226815,-0.457730408,-0.153216563,0.523550274,0.056459359,-0.263823359,-0.526037337,-0.384607796,0.29323098,0.63016496,-0.061902184,-0.050871229,0.05320938,-0.138875431,-0.24201375,-0.348724425,-0.130082381,0.336130662,0.004229415,-0.261088674
KEGG_MEDICUS_REFERENCE_26S_PROTEASOME_MEDIATED_PROTEIN_DEGRADATION,0.390438657,-0.315862505,0.573877039,-0.22759038,-0.444790498,0.406705747,0.369054428,0.64647804,-0.355721052,0.588604322,0.415759265,0.341630878,-0.166767327,-0.650897625,-0.579248192,0.673963729,-0.346182249,0.584007809,0.196804845,-0.261853168,0.272887935,-0.041490934,-0.432444794,-0.099700062,-0.108865159,0.415477785,-0.562259244,0.182323135,0.438940311,0.351504177,0.559943847,0.612281521,0.487792725,0.398231831,0.402811545,0.60163683,0.559681855,0.687803498,0.605481148,-0.354682393,0.046612835,0.543166081,0.537507143,0.322146399,0.651429628,0.562975208,0.475174734,-0.599135328,-0.610874351,0.56913821
KEGG_MEDICUS_REFERENCE_ACH_CHRN_PI3K_SIGNALING_PATHWAY,0.247165377,0.268427755,0.443695168,0.177585273,0.142754016,0.20877539,-0.014251698,-0.195411345,0.154160747,-0.102654488,-0.30300135,0.37597553,0.106839921,-0.070384407,0.522388321,0.306552914,0.207812277,-0.465159548,-0.589793016,-0.312096381,0.368589325,-0.03187602,0.11570101,0.623614904,0.018869513,0.405165274,0.412144957,0.299083073,-0.587681291,-0.454159899,0.146543945,-0.36617939,-0.200212371,-0.358513296,-0.40951512,0.074112552,-0.240119112,-0.487601252,0.115750263,0.520009364,0.504082008,-0.041598989,0.456810036,0.42542748,-0.050991309,-0.168917484,0.349226719,0.433634972,-0.579194812,-0.488831212
KEGG_MEDICUS_REFERENCE_ACH_CHRN_RAS_ERK_SIGNALING_PATHWAY,-0.141721619,0.407713823,0.318398518,-0.176304901,0.041820189,0.069889236,0.335065676,-0.104703766,0.447270545,0.12403423,0.151839658,0.212992144,0.125131083,-0.07627926,-0.027580752,-0.018258815,0.28055836,-0.324885356,0.393514321,0.107844796,-0.022637992,0.161185789,0.094792226,0.23723634,0.095762942,0.106182254,0.35541367,-0.33841958,-0.314009569,-0.057981806,-0.180734802,-0.16968523,0.073693794,0.027239561,0.003070666,-0.129844266,-0.084442917,-0.207904067,0.427120715,0.110785288,0.0091084,0.032014579,0.020244966,0.181588902,-0.200090485,-0.087847933,0.185117233,-0.233360113,-0.540818987,-0.184059441
KEGG_MEDICUS_REFERENCE_ACTH_CORTISOL_SIGNALING_PATHWAY,-0.23813146,0.277886266,-0.19883409,-0.104841134,0.2351946,-0.246079941,0.083257071,-0.355735368,0.333978013,-0.049614188,-0.086340201,-0.141362168,-0.104580882,-0.189957474,-0.015298834,-0.202839232,0.233078216,-0.428038314,-0.095664733,0.198575919,0.166027407,0.07164767,-0.182685307,-0.076184444,-0.042789038,0.446001617,0.279383706,-0.028657703,-0.18409468,-0.310678964,0.052677276,-0.443472789,-0.176358744,-0.139893237,-0.072200642,-0.376151261,-0.346652097,-0.245974283,0.033775791,0.29736108,0.248319029,-0.208347598,-0.25304706,0.22371981,-0.26517324,-0.375826368,0.058046356,0.122092984,-0.2887611,-0.087093848
KEGG_MEDICUS_REFERENCE_ACTIVATION_OF_PRC2.2_BY_UBIQUITINATION_OF_H2AK119,0.228707459,0.394938808,0.279756836,-0.09260072,0.206587661,-0.120908794,0.264052126,-0.134523054,0.326678078,0.381932006,-0.044998521,0.273531791,-0.256287951,-0.2242849,-0.45752636,0.397248272,-0.18393362,0.053174247,0.059451957,0.236956314,0.325439802,-0.270797535,0.169800072,0.499221383,-0.184466413,0.117225662,0.056444251,0.117337299,-0.40511491,-0.12770227,0.0760421,-0.027098255,-0.102856978,-0.011113119,-0.18704029,-0.242762878,0.090663526,0.143388219,0.305474602,-0.422856565,-0.322679952,-0.036783095,-0.192632528,0.314512504,0.040427207,-0.133717189,0.389211892,-0.109890036,-0.464393094,-0.066634838
KEGG_MEDICUS_REFERENCE_ACTIVATION_OF_PRC2.2_BY_UBIQUITINATION_OF_H2AK119_IN_GERMLINE_GENES,-0.118278049,0.312997465,0.349186886,0.035934398,0.029738518,0.027428111,0.155134509,0.081534718,0.147896945,0.457663555,0.135893376,0.294871871,-0.395598652,-0.09104281,-0.396346853,0.452879891,-0.162141713,-0.167680089,0.24168093,0.007771709,0.28491177,-0.267946582,-0.047076568,0.460945178,-0.20496978,-0.020738388,-0.009317812,0.168844427,-0.248437809,-0.364931433,-0.069035725,0.04422088,-0.163653926,-0.107497317,-0.3330871,-0.263935912,0.065544932,-0.007914226,0.377470862,-0.366419985,-0.304072277,-0.206920573,-0.213328882,0.347493591,0.158374059,-0.277791104,0.297323336,-0.215097101,-0.497326648,-0.185210224
KEGG_MEDICUS_REFERENCE_ACTIVIN_SIGNALING_PATHWAY,0.242996655,0.106395506,0.071213912,0.396908077,-0.050313268,-0.143105917,0.145654219,0.344043321,0.638212526,-0.354334909,-0.092781204,0.411053565,0.290651237,0.512749089,0.393595915,0.348158001,0.019022615,0.353143397,0.057022796,-0.065004949,0.023661271,0.006160626,0.053360401,0.563173601,-0.116012018,0.142717438,0.131913925,-0.343140875,-0.153542979,-0.522235608,-0.343792549,-0.307902641,-0.134975553,-0.346406324,0.048910993,-0.165488455,0.167238267,-0.681393777,-0.397804901,0.065514816,0.176904342,-0.384703457,-0.234244107,0.333282656,0.191396225,-0.521144211,-0.010155978,-0.183506598,-0.144596682,-0.14907012
KEGG_MEDICUS_REFERENCE_ADRB3_UCP1_SIGNALING_PATHWAY,0.190394993,0.501626574,-0.143840033,0.092178661,0.330221769,-0.272037269,-0.062966544,-0.310216821,-0.11681,0.124725453,0.0493377,-0.046711486,-0.065333195,0.19382833,0.340248025,-0.063996514,-0.011996095,-0.44480534,-0.191164884,-0.216468035,0.55811262,-0.222823369,0.02592892,0.221542897,0.030434226,0.169974629,0.225573362,-0.179621138,-0.564393602,-0.544760466,-0.3096722,-0.45528375,-0.233875327,0.082375422,-0.320124698,-0.380132786,-0.396749185,-0.487394087,-0.080226749,0.0971239,-0.197255039,-0.10047741,-0.105075293,0.297259888,-0.242444786,-0.329438113,0.047526618,0.260740599,-0.349440858,-0.373385945
KEGG_MEDICUS_REFERENCE_AGE_RAGE_SIGNALING_PATHWAY,-0.042246885,0.260590278,0.37348987,-0.012845048,0.248124314,0.374212248,0.19714211,0.118889438,0.240900277,0.058324198,0.372781435,0.151619128,0.2853175,0.056729035,0.095931913,0.251372279,0.363814724,-0.03115291,0.380550459,-0.336435998,0.1260353,0.264284678,0.230159428,0.255535315,0.089292562,-0.082862049,0.41470097,-0.303916682,-0.21746643,-0.046251777,-0.223224472,-0.009397649,-0.168813226,-0.107730828,-0.180364884,0.106073887,0.222362554,-0.328851398,0.382318489,0.388397634,-0.011598215,0.041151082,0.101652726,0.168851099,0.004437983,0.095052844,-0.224793333,0.121837141,-0.170415938,-0.250225135
KEGG_MEDICUS_REFERENCE_AHR_SIGNALING_PATHWAY,0.204438125,0.019518127,0.094691258,0.43274036,-0.33275481,-0.179030659,0.219982937,0.063127246,-0.353980796,-0.628316188,0.258897355,-0.076739248,-0.391767476,0.755147469,0.056552167,-0.140027465,0.63048806,-0.047314833,-0.102643932,-0.615401838,-0.467017266,0.055199816,0.277626001,0.350960493,0.084007493,0.074246018,-0.409426078,-0.376119357,-0.144912208,-0.473365508,0.059106311,0.371798342,-0.033883515,-0.263809834,-0.134001083,-0.100217851,0.413716712,0.286612179,0.034489914,0.805118591,0.253856382,-0.213259454,0.018859412,-0.674787944,-0.392810902,0.063562364,0.398417181,0.418229798,-0.019260669,-0.451075806
KEGG_MEDICUS_REFERENCE_ALTERNATIVE_PATHWAY_OF_COMPLEMENT_CASCADE_C3B_BREAKDOWN,0.451800082,-0.545822693,-0.28229039,-0.294932253,0.305823304,-0.577421938,-0.132807064,0.127198528,0.533219842,-0.423830451,-0.057091091,0.333382854,-0.012090589,-0.106493299,0.318345433,0.557978067,0.330180383,0.276910584,0.055950335,0.175675713,-0.476141908,0.445091966,0.557133175,-0.684242961,-0.274027393,-0.527967896,0.01646915,-0.230606628,0.643866571,0.644590815,0.620499865,0.504105387,-0.308508774,0.225193028,0.667543198,-0.131162635,-0.387259767,-0.118923835,-0.502303553,0.531105972,0.156858196,-0.179505669,0.172691802,-0.801407561,-0.164821705,-0.379855771,0.092123162,0.404802008,0.34622854,0.600858341
KEGG_MEDICUS_REFERENCE_AMH_SIGNALING_PATHWAY,-0.29242295,0.396141488,-0.264487982,-0.20571465,0.12200019,-0.362873341,0.1327208,-0.174846084,0.542362574,0.272955898,-0.440493718,0.355393419,0.169585499,0.35393336,0.009676573,-0.003578572,0.062458736,-0.636003443,0.154522137,-0.206762163,-0.222394137,0.131496279,-0.063459677,0.641929346,0.32898089,-0.032571016,-0.054512635,-0.416357806,-0.354289623,-0.225708247,-0.602210999,-0.420144278,-0.282017241,-0.440586363,-0.03724166,-0.069584838,-0.385144902,0.213718412,-0.477703279,-0.125631769,0.487114601,0.091840899,0.103921181,0.081894538,-0.075812274,-0.442512447,0.116067925,-0.014079422,0.004033598,0.181734145
KEGG_MEDICUS_REFERENCE_ANGII_AT1R_NOX2_SIGNALING_PATHWAY,-0.595716282,0.024332213,0.072833935,0.707072697,-0.37519178,0.112647581,0.551485936,0.026481735,0.057967307,-0.358726618,0.235155101,0.109638802,0.257784648,0.404973051,0.258628686,-0.397709446,0.663809448,0.344828789,-0.357158905,-0.160644114,0.119765343,0.252297963,-0.352265498,0.008920935,0.272121741,0.093598022,0.121704014,0.532521161,0.504260446,-0.080789633,0.072021661,0.041281705,-0.03723628,0.430281421,-0.410390579,0.235517411,0.472909333,-0.473233138,0.029602888,0.392251865,0.588043697,-0.117380781,0.612345427,-0.082371062,0.034476534,-0.163181568,-0.307373566,0.774749838,0.218776504,-0.345144931
KEGG_MEDICUS_REFERENCE_ANGIOTENSIN_ALDOSTERONE_SIGNALING_PATHWAY,-0.208603482,0.30970212,0.092724803,0.161873564,0.081598905,0.037640395,0.088388046,-0.344484985,0.194463993,-0.302204993,-0.08389838,0.362318289,0.303276945,0.008057771,0.140986402,-0.385987102,0.220207569,-0.439822002,-0.130501807,0.25903479,0.142194324,0.052796048,-0.163067051,0.136035308,0.213616685,0.169563257,0.317587875,0.031985568,-0.037067758,-0.141341655,-0.081861741,-0.209708702,0.04291809,0.200778794,-0.100390555,-0.017012313,0.133976092,-0.182713014,-0.010619257,0.001378291,0.283059814,-0.012543928,0.115232545,-0.077933252,-0.374991965,-0.190714476,0.049155004,0.138621015,-0.05134846,0.105064126
KEGG_MEDICUS_REFERENCE_ANTEROGRADE_AXONAL_TRANSPORT,0.064353023,-0.028068841,0.448341057,0.154024661,-0.301891604,0.456714001,0.375986172,-0.007339832,-0.199811611,0.369853424,0.497705103,0.068047566,-0.149944647,0.45972334,0.206866507,0.208174905,0.078720597,0.043646463,0.228054249,-0.323541931,0.030906972,-0.286691542,0.020713124,0.484918453,0.328690036,0.56328565,-0.265476433,0.1331168,-0.256186374,-0.305490539,0.071615679,-0.20500272,-0.078025449,-0.343433169,-0.237832924,0.273184923,0.500244937,-0.054614283,0.297229261,-0.103882432,0.113399261,0.153785238,0.425272508,0.499411213,0.291716912,0.174191379,0.094308943,-0.126292707,-0.276168059,-0.474995901
KEGG_MEDICUS_REFERENCE_ANTIGEN_PROCESSING_AND_PRESENTATION_BY_MHC_CLASS_II_MOLECULES,0.004861431,0.300505136,0.071052045,0.554139426,-0.684579809,0.522831724,-0.686778835,-0.434314237,-0.547028867,-0.125959368,0.001896163,-0.015259594,0.210787167,-0.506938246,0.779885082,-0.734091324,0.03246344,-0.01227991,-0.845080971,0.734717833,-0.084257318,0.5318022,-0.124478065,-0.124013789,0.133182844,-0.399262861,0.178239278,0.440126487,0.722076749,0.741218962,0.496665469,-0.161518048,-0.574537246,-0.347937055,0.018600451,0.651530282,0.384758107,0.014808126,0.019954853,0.475221618,0.046230248,0.115193317,0.565120258,-0.667629797,-0.534482685,0.172318697,-0.274696489,0.688893876,0.581524962,0.65170737
KEGG_MEDICUS_REFERENCE_ANTIGEN_PROCESSING_AND_PRESENTATION_BY_MHC_CLASS_I_MOLECULES,-0.205850488,-0.513990215,0.422587366,-0.086288975,-0.717675251,0.533527877,-0.604091444,0.249813688,0.47336768,0.462211044,-0.343548365,0.319061122,0.734896315,-0.799723237,0.83416102,-0.474593757,0.17843817,0.553881032,-0.346215023,0.772170938,-0.107340168,0.209100758,0.295350093,-0.10473095,-0.181873499,0.184971671,0.710106928,0.658609372,0.445512499,-0.263958478,0.895045046,-0.571889433,-0.185761012,-0.098091835,-0.281523744,0.341861829,0.037058488,0.136250296,0.579706278,0.406251551,0.318358069,-0.440621917,0.572579383,-0.57138606,-0.00639355,-0.257074421,0.218909074,0.468031705,0.678144186,0.35771018
KEGG_MEDICUS_REFERENCE_ANXA2_S100A10_REGULATED_ACTIN_CYTOSKELETON,0.321547839,-0.389781048,0.82597226,0.770526898,-0.294702148,-0.192614825,-0.433372172,0.407196154,-0.828006717,-0.684004121,0.688916108,0.140965649,0.59036362,0.057350822,0.08078716,0.49030046,-0.567348437,0.1843257,-0.568431674,-0.364973383,-0.349724647,0.597998793,0.573694991,0.50228829,0.131583166,-0.47320538,0.603089481,0.725975267,-0.693681944,-0.70452234,-0.752140548,-0.344310137,0.707362702,0.620763422,-0.402893301,0.310879006,0.567981839,-0.408218089,-0.041733932,0.288048223,0.450042034,0.348329341,0.834933246,-0.388483518,0.049470753,0.2066885,-0.522094186,0.417044327,0.129387274,0.326372674
KEGG_MEDICUS_REFERENCE_AREG_EGFR_PI3K_SIGNALING_PATHWAY,0.511476698,0.086704898,0.428997594,-0.287522085,-0.142367067,-0.016777582,0.025602091,0.180268333,0.09918675,-0.33748156,0.147478866,0.351763971,-0.321260961,0.068350171,0.570444227,0.503618914,0.018303373,-0.133703212,-0.202153577,-0.34377539,-0.080495058,0.028800416,0.051526714,0.635491115,-0.307053251,0.414811818,0.243264592,-0.346312543,-0.463776193,-0.459343383,0.084021683,-0.308527631,-0.324511292,-0.450101307,-0.468739096,-0.063509464,0.175037069,-0.53931757,-0.085852795,0.362318978,0.181603595,0.158035464,0.377503311,0.023124856,-0.146666643,0.111822527,0.448319937,0.129847547,-0.53526204,-0.513720596
KEGG_MEDICUS_REFERENCE_AREG_EGFR_RAS_ERK_SIGNALING_PATHWAY,0.373680349,0.256569164,0.419488104,-0.08822762,-0.066750297,0.058161735,0.271996035,0.25025639,0.236103673,0.205610537,0.265853122,0.343085274,0.027904458,0.222513868,0.253110415,0.407862997,0.293903158,-0.081878917,0.374698034,-0.294003345,0.021328055,0.269103638,0.197398305,0.539252176,-0.10367487,-0.165201095,0.396053304,-0.53342767,-0.450864279,-0.139793975,-0.341055434,-0.205683441,-0.160081257,-0.161113773,-0.423039363,-0.152684045,0.106342929,-0.568844264,0.095014604,0.319645764,-0.102237317,0.069449076,0.140348431,-0.203470716,-0.240090115,-0.011268318,0.009144613,0.100960105,-0.506755563,-0.546717306
KEGG_MEDICUS_REFERENCE_ARL8_REGULATED_MICROTUBULE_PLUS_END_DIRECTED_TRANSPORT,0.090459921,0.004428246,0.142471407,0.253832199,0.124253932,0.50790986,0.337572148,0.027859377,-0.123897938,0.24819024,0.208513121,0.047460197,0.05691904,0.320543699,-0.153599804,0.039730104,-0.002664608,0.199210797,0.121405466,-0.122591193,-0.061915272,-0.248055871,0.020371194,0.281294364,0.354289542,0.340581319,-0.264291002,0.042994504,0.009186469,0.126511785,0.191955909,0.005772144,0.01689181,-0.000747102,0.158068356,0.322381776,0.450122437,0.055303614,0.259649682,0.057646847,0.144460086,0.333221692,0.223892516,0.465886098,0.228831789,0.308289657,-0.005742986,-0.307244468,-0.148765636,-0.114790323
KEGG_MEDICUS_REFERENCE_ARNO_ARF_ACTB_G_SIGNALING_PATHWAY,0.181653116,0.419549537,0.447569987,0.323823134,-0.085633692,0.125178377,-0.131721407,0.278550872,0.182927362,-0.11702143,0.357745073,0.303868924,0.457387487,0.390029546,-0.167105598,0.097958523,0.057067357,-0.131668237,-0.075325332,-0.223531608,0.306294924,0.173713414,-0.164491342,0.488096635,0.470892556,-0.322444094,0.350304119,0.231716221,-0.147840536,0.022521811,-0.00274421,0.174293035,0.233708828,0.119291913,-0.267054366,0.335969697,0.434920349,-0.096604476,0.184011373,0.212174028,0.360770942,0.309463069,0.401953186,-0.041124423,0.355890915,0.277096697,-0.138851149,0.288597897,-0.139701296,0.358658055
KEGG_MEDICUS_REFERENCE_ASSEMBLY_AND_TRAFFICKING_OF_TELOMERASE,0.373098703,-0.193914433,0.447880116,-0.475213166,-0.541383218,0.313076576,0.408651761,0.623884751,-0.345393257,0.383120873,0.238245051,0.165846048,-0.168090373,-0.401458798,-0.474457993,0.723462871,-0.572110887,0.504934904,0.255155275,0.008925145,0.102871395,-0.05004013,-0.029088116,-0.045342653,0.097059663,0.027414703,-0.112153021,0.568249482,0.225211472,0.30520452,0.411827522,0.560019991,0.432643555,0.148308146,0.42656848,0.433322689,0.375734352,0.484434877,0.658814421,-0.611684568,0.092140921,0.471903177,0.576585681,0.578529684,0.66422695,0.519626174,0.202402521,-0.487748216,-0.63731865,0.387021154
KEGG_MEDICUS_REFERENCE_ATR_P21_CELL_CYCLE_G2_M,-0.190957604,-0.442398486,0.380382155,-0.130136008,-0.687561638,-0.240582561,0.056509309,0.266687863,-0.384197927,0.278692946,0.169411565,-0.466359304,-0.297342348,-0.226538542,-0.246997903,0.316154896,-0.075722022,0.163053757,0.49883688,0.411973628,0.04882124,0.482273361,0.117763356,0.264338834,-0.191854736,-0.288011556,-0.418125863,0.624767374,0.24295615,-0.255241065,0.067443452,0.139902275,0.336096654,-0.476559901,-0.409912465,0.160317453,0.142907735,0.419326913,0.374837193,-0.444308069,-0.295469014,-0.186742804,0.171271875,0.319532536,-0.043777915,0.265347488,-0.19359102,0.028753133,-0.445734418,-0.358522876
KEGG_MEDICUS_REFERENCE_ATR_SIGNALING,0.41988791,-0.530402373,0.38371345,0.037112597,0.024742202,0.181847238,-0.160635299,0.271558036,0.30563309,0.338129757,0.099173494,0.006988703,-0.705240861,0.232894975,0.247141716,0.364815737,-0.633158751,-0.286635189,0.469468728,-0.009749932,-0.042180948,0.123950528,0.421105083,0.397294815,-0.483490123,-0.33236343,-0.450570875,-0.253305806,-0.333568069,0.005882261,0.135132639,0.491993262,-0.021937348,-0.16810504,-0.020938257,0.135153177,0.305479823,0.020606941,0.274155931,-0.65623073,-0.39743545,0.2818132,0.028201528,0.168831792,0.459533743,0.022609991,0.141986308,-0.457062904,-0.522806663,-0.111194694
KEGG_MEDICUS_REFERENCE_AUTOPHAGOSOME_AND_LYSOSOME_FUSION_TETHERING_FACTOR,0.473101397,0.286210153,0.067989047,-0.131722782,0.632430266,0.195047431,-0.182722219,-0.067369031,0.363976163,0.341654636,-0.088626669,0.332365701,0.307100393,0.468235082,0.092860268,0.026122604,0.139603956,-0.273573531,0.105318377,-0.203244882,0.285579692,-0.079479557,0.414316056,0.471552172,0.16413984,-0.008641235,0.404685332,-0.504607399,-0.407536159,-0.075342461,-0.284594199,-0.474184994,-0.293816892,0.31129817,-0.288708888,-0.43335518,-0.245122642,-0.507729146,0.021059273,0.484944137,0.201669961,-0.269306623,-0.192196532,-0.189749486,-0.250371524,-0.100934257,0.236572872,0.083205818,-0.254367542,0.426773359
KEGG_MEDICUS_REFERENCE_AUTOPHAGOSOME_AND_LYSOSOME_FUSION_TETHERING_FACTOR_GRASP55,0.287840633,0.491992097,-0.050677249,0.129940444,0.211951111,0.16066768,-0.057302198,0.055372041,0.39469597,0.641989891,0.088218107,0.100583222,0.503442511,0.512964046,-0.171701211,-0.4720405,0.230928453,-0.351495506,0.364628636,0.335416636,0.154363887,-0.184767915,0.218168234,-0.170164815,0.538648975,0.151326475,0.532207726,-0.334769143,0.389795361,0.693346894,0.133935803,0.325087358,0.088338374,0.297371895,-0.248962281,0.583029234,0.2596831,0.290061362,0.021819866,0.30003478,0.674843735,-0.028308459,0.2691762,-0.427305933,0.336588213,0.694363374,0.337721531,0.42564519,-0.521665484,0.548327692
KEGG_MEDICUS_REFERENCE_AUTOPHAGOSOME_AND_LYSOSOME_FUSION_TRANS_SNARE,-0.121715752,0.26611909,0.365565954,-0.230810628,0.368515664,0.407678276,-0.212676185,0.371628537,0.283742851,0.093656952,0.663380384,0.215345553,0.355605012,0.592296042,0.437806383,-0.037566258,0.239729967,-0.449308373,-0.204954321,0.277365028,-0.142601594,-0.010015339,-0.049902406,0.646746679,-0.147587953,-0.263203462,0.740310084,0.248535138,0.307398726,0.160271106,-0.161261012,-0.069247322,0.263791257,0.129814815,0.295295003,0.095670755,0.423108459,-0.151361822,-0.094320606,0.494135015,0.25748615,0.024112004,-0.122620229,-0.017865199,0.179466192,0.019973847,-0.158030133,-0.11107101,-0.456175411,0.237242094
KEGG_MEDICUS_REFERENCE_AUTOPHAGY_VESICLE_NUCLEATION_ELONGATION_MATURATION_E3_UBIQUITIN_LIGASE_MALIN,0.269216309,0.321850424,-0.139162011,0.361367651,0.549480902,0.209402158,0.125230715,-0.664193905,0.550907064,0.476192775,-0.121982647,0.235019789,-0.274188235,-0.130914942,0.259744356,0.30174456,0.05360527,-0.779492161,0.115983454,0.044729671,0.469089446,0.181816207,-0.32451599,0.487223942,-0.627547412,0.119625705,0.502613786,0.059200433,-0.430297076,-0.219740665,-0.587129629,-0.164180949,-0.176974411,-0.17556246,-0.372200204,-0.245493074,-0.017281354,-0.081305438,0.067217515,-0.053822012,0.202765431,-0.061714193,-0.436614724,0.776464218,-0.304848541,-0.736395632,0.492797911,0.064649995,-0.338386787,0.365047425
KEGG_MEDICUS_REFERENCE_AUTOPHAGY_VESICLE_NUCLEATION_ELONGATION_MATURATION_LC3_II_FORMATION,0.474002747,0.269746624,-0.019873524,-0.33901701,0.22190781,-0.07776256,-0.236922573,0.159223185,0.330328752,0.521772427,0.20652502,-0.095260008,0.392530649,0.38236259,-0.407743907,-0.136312111,0.124506241,0.144707102,0.421975036,0.040200193,-0.294559781,0.246761118,0.441027321,0.351281439,0.358267415,-0.012994272,0.343752904,-0.287515575,0.477098605,0.653019233,0.139542786,0.539898511,0.396721467,-0.06743017,0.040597485,0.470259247,0.516684596,0.511849295,0.317479024,0.38997399,0.226293805,-0.005300851,0.127103436,0.044121267,0.387018591,0.57353185,-0.175388471,-0.381935601,0.051376975,0.406387659
KEGG_MEDICUS_REFERENCE_AUTOPHAGY_VESICLE_NUCLEATION_ELONGATION_MATURATION_MTORC1_PI3KC3_C1,0.361857948,0.334466212,0.021924795,-0.333066462,0.273712877,0.256765621,0.564016951,0.243775875,0.311538863,0.221978798,0.327255528,0.085675542,-0.301233992,-0.36410198,-0.120230646,0.136193915,-0.241865752,-0.106412345,0.077455636,-0.350537225,0.360308844,-0.21684979,-0.126986994,0.151635737,-0.166964788,-0.047838898,0.260558914,-0.491470626,-0.413211877,-0.386944087,-0.110726542,-0.432880374,-0.32261168,-0.156907206,-0.349328328,-0.479096029,-0.320593796,-0.426738326,0.202027072,-0.222819418,-0.133343403,-0.201161322,-0.300468239,0.511287158,-0.181897502,-0.393352445,0.570385356,-0.408855099,-0.574941333,-0.273477355
KEGG_MEDICUS_REFERENCE_AUTOPHAGY_VESICLE_NUCLEATION_ELONGATION_MATURATION_PACER_RUBCN_PI3KC3_C2,0.062676464,0.444906873,0.260784122,0.61277693,0.418553115,0.054688205,-0.124941507,-0.506231369,0.565514207,0.096200704,0.14244541,0.108199729,-0.120208305,0.28425053,0.167907178,0.223553793,0.068840955,-0.437565762,0.492437814,0.03084402,0.536286133,0.287519177,-0.20647956,0.697357938,-0.239859646,0.43422791,0.515489884,0.261774519,-0.206381084,-0.212113436,-0.354046694,-0.160903168,0.113960207,-0.341139605,-0.380651645,-0.165555187,-0.200186661,-0.470516322,0.051099486,0.487952351,0.361332957,-0.255843335,-0.182481961,0.671535884,-0.129635324,-0.50044267,0.310737006,0.473031206,-0.305730456,0.175387971
KEGG_MEDICUS_REFERENCE_AUTOPHAGY_VESICLE_NUCLEATION_ELONGATION_MATURATION_PI3P_SYNTHESIS_BY_PI3KC3_C1,0.140335732,0.38602454,0.355304033,0.268430833,0.422410063,0.212791577,0.50411986,-0.163836442,0.50051926,0.336165049,0.700617894,0.325649016,-0.261899718,-0.042339241,-0.217715907,0.109087719,0.017809319,-0.498346311,0.149184886,0.157452085,0.405716308,-0.192182704,-0.250556874,0.620742305,-0.123424357,0.188683149,0.154160523,-0.307805526,-0.459240207,-0.334562206,-0.530818226,-0.096555242,-0.117240351,-0.304795652,-0.437614123,-0.180361187,0.278374953,-0.095926782,-0.073214205,-0.011173647,0.315029532,-0.159838545,-0.321171363,0.673380461,0.041305079,-0.36828112,0.61601559,-0.48868574,-0.33941091,0.102341364
KEGG_MEDICUS_REFERENCE_AUTOPHAGY_VESICLE_NUCLEATION_ELONGATION_MATURATION_SEQUESTOSOME_1_LIKE_RECEPTOR,0.280065474,0.261278275,0.345783111,-0.271920434,0.312922813,0.260863654,-0.284644569,0.477105034,-0.032138846,0.189296335,-0.00156571,-0.178619335,0.537239721,0.118381251,-0.231937176,0.086133468,-0.169405815,0.245110808,-0.362601057,0.405636152,0.552814735,0.380120455,0.26979354,0.365497107,0.25613043,-0.167770235,0.42523117,-0.022808715,0.258626542,0.339847218,0.118343083,0.117106571,0.37060634,0.127875218,0.381260076,0.161087956,0.019316694,-0.018113911,0.0075081,0.103443489,0.472800434,-0.044654145,0.280866858,-0.473226878,0.224569862,0.36204572,0.34087197,0.185060619,-0.154038708,0.507227228
KEGG_MEDICUS_REFERENCE_AVP_V2R_PKA_SIGNALING_PATHWAY,0.016302317,0.11285465,-0.204321128,0.031142721,0.14457179,-0.008511635,-0.000632759,-0.380220809,0.057643614,0.515733928,-0.50454462,-0.153388442,0.394596694,0.047387165,0.026317116,0.025344194,-0.108839602,-0.34353688,-0.109465943,-0.022792812,0.600565014,0.235725364,0.264730508,-0.052415236,0.158920675,0.625737697,0.269425393,0.220291301,-0.530966895,-0.428555844,-0.27544278,-0.510564575,-0.238281626,0.371891403,-0.240209447,-0.191049358,-0.196876468,-0.312160575,-0.373475714,0.63838882,0.318170741,-0.260625633,-0.291309449,-0.101258087,-0.259691521,-0.348957431,0.088766596,0.18308886,-0.125393985,-0.414821724
KEGG_MEDICUS_REFERENCE_BASE_EXCISION_AND_STRAND_CLEAVAGE_BY_BIFUNCTIONAL_GLYCOSYLASE,0.347762914,0.04632059,0.483177617,-0.488680593,0.139723802,0.413678069,0.64106809,0.224378805,-0.703041145,0.463357276,0.130200672,0.18595781,-0.520558313,0.077767086,-0.532884732,0.328277053,-0.61502792,-0.403179745,-0.258298437,-0.34225457,-0.000753701,0.137807325,0.313453729,0.129149903,0.088218303,-0.006282744,-0.467293227,-0.223308195,-0.193226115,0.070440335,0.370535992,0.457793662,0.23403648,0.077333058,0.241887706,-0.417804477,0.116820478,0.484710549,0.463862761,-0.642794031,-0.207801724,0.446279723,0.336830579,0.670645775,0.115878991,0.209432465,0.080749234,-0.406482504,-0.586079291,0.0260972
KEGG_MEDICUS_REFERENCE_BASE_EXCISION_AND_STRAND_CLEAVAGE_BY_MONOFUNCTIONAL_GLYCOSYLASE,-0.15901092,0.094347083,0.408224824,-0.304646761,-0.03501489,0.671588379,0.685472244,0.765591556,-0.11845749,0.50009819,0.408745082,0.335033596,0.083641025,-0.04108822,-0.334089897,0.499568869,0.008436059,0.411516159,0.506896307,-0.167037932,0.265917177,-0.06389315,-0.156943714,0.009234831,0.426804782,0.203775411,-0.443641376,0.528682712,0.566644794,0.593098771,0.409895715,0.65427308,0.555360753,0.085542211,0.165287501,0.392783232,0.639653461,0.65857692,0.407688069,-0.604986965,0.242126162,0.585400938,0.105501043,0.450807956,0.69651522,0.528982653,-0.325569452,-0.342694735,-0.503312414,0.424046436
KEGG_MEDICUS_REFERENCE_BASE_EXCISION_AND_STRAND_CLEAVAGE_BY_NEIL_GLYCOSYLASE,0.45614935,-0.372370266,0.250171999,-0.412486174,-0.142190339,0.268093662,0.244095286,0.065391501,-0.163746065,0.372108953,-0.313589284,-0.439836532,-0.573674723,0.050754019,-0.466232055,0.246188784,-0.369827995,0.149592907,-0.28551409,-0.146111433,0.037767556,-0.164515863,0.2446925,-0.228086829,-0.477054503,0.161784571,-0.572905841,-0.389252257,-0.404365317,-0.371693387,-0.127673288,0.424907185,-0.057719106,0.372469507,0.111988984,-0.544223489,-0.417891977,0.318757979,0.006248636,-0.677973672,-0.428594337,-0.07158445,0.18859295,0.630168192,0.306323486,0.273319542,-0.38682105,-0.479329253,-0.201663927,-0.248478415
KEGG_MEDICUS_REFERENCE_BCR_BCAP_CD19_PI3K_SIGNALING_PATHWAY,-0.388692728,0.367266301,-0.076264478,0.376600345,-0.197981584,0.022091403,0.322371984,-0.336534466,-0.283719504,-0.389106744,-0.005950396,0.413417752,0.215440181,0.256057665,0.395568349,-0.576765557,0.385195427,-0.29087226,-0.135084215,0.294396577,0.099147144,0.266824171,0.071348754,-0.188021173,0.074507524,0.357435031,0.19774877,0.220824164,0.212737308,-0.15112658,-0.000216917,-0.273631856,-0.419392138,0.384088904,-0.254035605,0.21637161,0.110491341,-0.089131155,0.011883312,0.33276211,0.365048907,-0.181168746,0.116038733,0.092109575,-0.45567815,-0.029719182,-0.149433723,0.691844555,0.094353968,-0.134497206
KEGG_MEDICUS_REFERENCE_BCR_PLCG_CALCINEURIN_SIGNALING_PATHWAY,-0.27506343,0.469730092,0.108145875,0.271239935,0.040864562,0.079947252,0.07558634,-0.4603266,0.280759202,-0.060410621,-0.193731444,-0.208032633,0.388350988,0.172399544,-0.122927044,-0.398127922,0.511818986,-0.214233773,-0.508837424,0.164808341,0.49601787,0.135670945,0.203085827,0.422488854,0.191078337,-0.140566836,0.342807617,0.203259814,0.047677191,0.262419799,-0.203852288,0.038464086,-0.116907469,0.223072515,-0.1105586,0.196133005,0.399467741,-0.144390568,-0.323785845,0.562839711,0.365195267,0.08073797,0.307447192,-0.281516555,-0.335891182,0.038204704,-0.254527165,0.642567506,0.275264499,0.160077942
KEGG_MEDICUS_REFERENCE_BCR_PLCG_ITPR_SIGNALING_PATHWAY,-0.302471665,0.696809591,-0.626759208,0.478333549,0.056700643,-0.022833935,-0.244036335,-0.507534124,0.046596173,-0.537108284,0.35916877,-0.337575255,0.169809559,0.54083932,0.647576873,-0.567492476,0.414196527,0.116286511,-0.730537085,0.50078668,-0.021548234,0.267233868,0.024071436,0.054436105,-0.592582213,-0.115434866,0.652813369,0.404946838,0.085277825,0.05700441,0.119855596,-0.247501611,-0.378749464,0.258303249,-0.024485341,0.173545158,-0.076440875,-0.426578539,-0.505784827,0.583425075,-0.361866551,-0.344420249,0.134389035,-0.635672976,-0.672382671,-0.030433362,-0.606572896,0.68097701,0.012554648,-0.341905067
KEGG_MEDICUS_REFERENCE_BETA_OXIDATION,0.1486844,0.226094222,-0.028196603,-0.420298217,0.516711337,0.29803474,-0.305678789,-0.09084617,0.448914264,0.431159414,-0.633411821,-0.016189769,0.312327829,-0.339745405,-0.2429157,0.069476837,-0.279977013,0.66956797,0.410968038,0.678808833,0.397035044,-0.020223524,0.049334303,-0.410456011,-0.308665227,0.299943209,-0.010575494,0.273108313,0.169289977,0.536835805,0.611398219,0.426060114,0.135697749,0.200771701,0.592605483,0.111022502,0.007297386,0.30450752,0.097409046,0.61016807,-0.237355728,0.420539281,-0.251456291,-0.174863191,-0.025871799,0.352946587,-0.355335779,-0.402741462,0.085260259,0.722575767
KEGG_MEDICUS_REFERENCE_BETA_OXIDATION_ACYL_COA_SYNTHESIS,0.082611946,-0.247816048,-0.208044137,-0.25087675,0.486178633,0.466586935,0.189818424,0.074817758,0.564151809,0.498737282,-0.53339249,0.052882455,0.289584323,0.149705778,0.118225991,-0.26075015,0.441325764,-0.21374179,0.290846431,-0.190679699,0.452987483,0.507059122,-0.15115339,0.006497609,-0.55529485,0.767105099,0.284516643,0.346560578,0.090674622,-0.152774002,0.26669021,-0.245648457,0.331400206,0.22599244,0.087845248,-0.219484954,-0.587229434,-0.252363834,-0.082544053,0.62638751,-0.308279685,-0.161906275,0.080774868,-0.446406327,0.143251433,-0.104150846,0.417819535,-0.120088965,-0.413360363,0.041558296
KEGG_MEDICUS_REFERENCE_BETA_OXIDATION_PEROXISOME_VLCFA,-0.095215803,0.519774027,-0.63250563,-0.008988968,0.793522528,-0.145821495,0.175698773,0.088333484,0.590634305,-0.71081837,-0.243872809,0.741567011,0.603220131,-0.13972944,-0.082047372,-0.552889823,-0.425031641,-0.48674934,-0.480906315,0.179458281,0.191640859,0.814820222,0.303323843,0.226321314,-0.603004086,-0.505081823,0.552571897,-0.591124191,-0.118433937,0.334313411,-0.484540621,0.185736818,0.711669172,0.13501241,0.523546196,-0.469006587,-0.556260499,-0.405151982,-0.618195453,0.736141575,-0.308694554,0.296195418,-0.481309074,-0.640915626,-0.464749936,-0.694532812,-0.584458581,-0.208571779,0.08027268,0.802828224
KEGG_MEDICUS_REFERENCE_BILE_ACID_BIOSYNTHESIS,0.407291701,-0.348170738,-0.508057026,-0.274950513,0.445346744,0.384074929,-0.314467349,-0.424534316,0.127012318,-0.044271495,-0.440075674,-0.013733783,0.138676851,-0.05269437,-0.367013326,-0.253012361,-0.390266149,-0.085429323,0.105055353,0.103148222,-0.46191026,0.320362386,0.362259368,-0.177878063,0.166560852,-0.389352536,-0.067133389,-0.260348528,0.506894538,0.614181918,0.131882691,0.456486666,0.185717725,0.05136405,0.521336971,0.4534321,-0.090079375,0.244377098,0.164839376,0.461368587,0.329907606,0.332006882,0.136891485,-0.551116141,0.234666258,0.267042443,0.084918158,0.01473695,-0.041798321,0.553172851
KEGG_MEDICUS_REFERENCE_BLOCKING_UBIQUITINATION_OF_H2AK119_BY_CK2,-0.062945516,0.465451702,0.297912065,0.356705787,0.014319094,0.246336187,-0.204496208,-0.10537587,0.30285737,0.069256953,0.120296115,0.243875921,-0.171002906,-0.163677431,-0.35507922,0.189214969,-0.043957723,-0.11644474,-0.042990048,-0.071864179,0.202187447,-0.43030346,0.311757877,0.222728866,0.213550406,0.16652348,0.058490358,-0.290261578,-0.462212734,-0.405827544,0.107134186,-0.340532429,-0.137518239,-0.126489707,-0.200013336,-0.00547299,-0.025890746,-0.109458221,0.108432764,0.056331697,-0.018455102,-0.088737135,-0.160798122,0.409836269,0.094718441,-0.482779444,0.508531818,-0.053318436,-0.347346216,-0.42222171
KEGG_MEDICUS_REFERENCE_BLOOD_GROUP_H_O_ANTIGEN_TYPE_1_BIOSYNTHESIS,-0.373695341,-0.174124865,-0.471939079,-0.079935042,0.389177106,-0.007049393,0.655463978,-0.091619653,0.751968151,0.070916426,-0.359694968,-0.056116925,0.690993943,0.459657371,0.5192256,-0.467947162,0.78820212,-0.422270853,-0.149567823,-0.220474343,0.274310825,-0.434345425,-0.216050465,0.494498862,-0.561393502,0.24014331,0.635621422,0.178455431,0.514943475,-0.03274991,-0.602610917,-0.025532299,0.606330631,0.16105421,0.16892174,-0.163545066,-0.109959241,-0.521085128,-0.655058813,-0.176023533,-0.547154971,-0.284711768,-0.424492219,-0.79967865,-0.296794157,-0.355647781,-0.020679358,-0.016445505,0.236562995,-0.220156762
KEGG_MEDICUS_REFERENCE_BLOOD_GROUP_H_O_ANTIGEN_TYPE_2_BIOSYNTHESIS,0.168396354,-0.171697016,-0.245986626,0.596109772,0.26790861,0.311795418,0.600156004,0.282921047,0.811987811,0.128702474,0.263591922,0.211478537,0.345143215,0.342972069,0.40765002,0.277256676,0.502570197,-0.176319345,0.573056107,-0.37520105,0.403882211,0.167655907,-0.235551215,0.546103497,0.165164804,0.519046151,0.195525474,0.055861384,-0.631158839,-0.662451894,0.176549565,0.098845578,-0.012919227,-0.413642354,-0.037862052,-0.128387411,0.031675842,-0.076317829,-0.272563337,-0.152512921,-0.419434351,0.307917692,-0.131495601,-0.329888481,-0.191823339,0.12177465,0.25824251,-0.483704296,-0.45649167,-0.38397425
KEGG_MEDICUS_REFERENCE_BMP15_SIGNALING_PATHWAY,-0.315433238,0.493681528,-0.556537314,-0.160729942,0.212391309,-0.399064163,0.351720412,-0.274384284,0.630643044,0.116971564,-0.688792651,0.137850214,0.127233351,0.250645792,-0.004143999,0.160239722,0.381323533,-0.635386128,0.028497506,-0.245408755,0.142415387,-0.148799856,-0.409560526,0.640436632,0.413107246,-0.32346345,-0.069482043,-0.610982797,-0.413822294,-0.357721569,-0.620646093,-0.445633656,-0.264529727,-0.210039476,-0.062133627,-0.345689492,-0.436723708,0.287567777,-0.73213095,-0.111092351,0.639999669,0.199340693,-0.046884615,-0.17999215,0.021205559,-0.653672622,0.34040976,-0.014076881,-0.111651389,0.227686593
KEGG_MEDICUS_REFERENCE_BMP9_10_SIGNALING_PATHWAY,-0.106735535,0.555053808,-0.234816352,0.100770404,0.420226212,-0.341669067,0.484124606,-0.47711093,0.499711199,-0.242902547,-0.710360766,0.163255285,0.355154837,0.279927819,-0.385922889,-0.2795495,0.635038173,-0.566308994,-0.032435113,-0.518891372,0.411425264,-0.295639827,-0.02481113,0.727946283,0.532475598,-0.082737848,0.362209146,-0.517893211,-0.418078772,-0.486517617,-0.598527468,-0.44849001,-0.296667633,-0.196294303,0.149042293,-0.245355087,-0.414759775,-0.354008173,-0.680720552,0.448742323,0.692793969,-0.028899689,-0.366899959,0.115720057,-0.330347324,-0.617904521,0.322978749,0.331401422,0.123629091,0.442515197
KEGG_MEDICUS_REFERENCE_BMP_HAMP_SIGNALING_PATHWAY,-0.289760279,0.263709072,-0.117444672,-0.04267464,0.236563855,-0.380971333,0.329063535,-0.242618964,0.479026027,-0.402644421,0.013004137,0.299728453,0.181540708,0.387459136,0.159331226,-0.120858543,0.414161837,-0.294147879,0.041256658,-0.241000908,0.463352185,0.134666158,-0.154762011,0.475370461,0.388078138,0.462066356,0.193444751,-0.423293289,-0.362666489,-0.421559128,-0.282835826,-0.362332701,-0.255352558,-0.203508706,0.287144147,0.000374897,-0.26062898,-0.200393492,-0.623974005,0.275158551,0.44236796,-0.127870642,0.000571211,-0.126284463,-0.034476551,-0.469733213,-0.20523573,-0.024180255,0.028720026,0.342627612
KEGG_MEDICUS_REFERENCE_BMP_HAMP_SIGNALING_PATHWAY_AUXILIARY_FACTOR,-0.380418755,0.503344103,0.001888498,0.417211959,0.211620155,-0.058112254,-0.247214483,0.177944071,0.672024267,0.24384837,0.02124826,0.289218732,-0.308698791,0.717251269,0.320805272,0.27248057,-0.091420164,-0.210558702,0.263144987,-0.37665278,0.402087727,0.107559021,0.462912832,0.7987236,0.462317859,0.256767865,0.067767551,-0.116232868,-0.65273938,-0.475449829,-0.557954526,0.242734178,-0.46002952,-0.419278456,-0.207794571,0.105134904,0.322268522,-0.091985665,-0.192464127,-0.666189211,0.146043078,0.173378513,-0.079112668,0.09618785,0.27125687,0.004150875,0.333951265,-0.383366883,-0.438668174,0.246588921
KEGG_MEDICUS_REFERENCE_BMP_SIGNALING_PATHWAY,-0.28122022,0.125333629,-0.395702145,0.010649742,0.074898304,-0.352691992,0.10674539,-0.404090574,0.347723446,-0.501219451,-0.202354963,0.475199007,0.278302029,0.424956456,0.149477468,-0.088037673,0.26755652,-0.320385323,-0.116926439,-0.221477775,0.177839284,0.204422544,-0.321544128,0.228537002,0.414073515,0.090637135,0.124426199,-0.47522665,-0.42368364,-0.353125597,-0.397526188,-0.228564711,0.061746168,-0.402555164,-0.153192339,0.037865369,-0.224754705,-0.379194884,-0.652838437,0.004070159,0.471454134,0.152511537,-0.235207585,0.105445529,-0.191054218,-0.388223426,0.248368656,0.264798205,0.273621023,0.027400708
KEGG_MEDICUS_REFERENCE_BMP_SIGNALING_PATHWAY_BMP_ANTAGONIST,-0.218514773,-0.428145345,-0.40479554,0.410400092,-0.313904426,-0.545639194,0.284083707,-0.543528832,-0.061897677,-0.686379937,-0.103838008,0.529277052,0.482142891,0.491943387,-0.052836269,-0.313943776,0.272713366,0.26029648,-0.103210542,-0.286607323,-0.173974982,0.254395402,-0.362354579,-0.451251626,0.44794371,0.219173332,-0.08071708,-0.068507616,-0.119684485,-0.206788491,-0.155181569,-0.083735272,0.300338693,-0.414642881,-0.130538269,0.268900648,-0.114117674,-0.190316548,-0.621805835,0.252929522,0.619387586,0.355098951,0.078355337,-0.23650827,-0.129786465,0.049467221,0.199504295,0.479830617,0.518836517,-0.156310821
KEGG_MEDICUS_REFERENCE_BRANCHING_MICROTUBULE_NUCLEATION,0.072075498,-0.078042503,0.497574333,-0.060803915,-0.364873003,0.208946362,0.336866984,0.001931888,-0.355203238,0.474490915,0.31879545,-0.411182714,-0.283921165,0.061380926,-0.277852538,0.429555995,-0.055241241,-0.000185233,-0.019633213,-0.223120694,-0.13111715,-0.147124028,0.314017078,0.332054223,-0.123863088,0.074923058,-0.275560088,0.178908117,-0.250610553,-0.308121666,-0.083324378,-0.086967814,-0.140373249,-0.046629758,-0.339526353,0.181005597,0.177381853,0.010464406,0.477588935,-0.325696643,-0.133185276,0.012617361,0.317212061,0.473714346,0.336685335,0.13002026,-0.215515028,-0.21094618,-0.429818837,-0.424931943
KEGG_MEDICUS_REFERENCE_BREAK_INDUCED_REPLICATION,0.179569431,-0.618413371,0.635894559,0.097563177,-0.82844248,0.388289997,0.512480227,0.46822636,-0.208404783,0.69765343,0.645306982,-0.279044138,-0.66534995,-0.473908172,-0.009025271,0.531137184,-0.608067711,0.002617329,0.148933391,0.19487798,0.321025958,0.402844135,0.00177575,0.163267148,-0.577997143,0.348114597,-0.135649819,0.398382603,0.175090253,-0.662168724,0.555235574,-0.121048378,0.464259928,-0.176718099,-0.807230754,0.122918075,-0.192075236,0.410405651,0.686462094,-0.723010013,-0.518453261,-0.06967509,0.659622391,0.58596163,0.624129036,0.338414985,-0.483214678,-0.471389941,-0.638530179,-0.74688427
KEGG_MEDICUS_REFERENCE_C9ORF72_MEDIATED_AUTOPHAGY_INITIATION,0.536586973,0.182384087,-0.092794916,-0.152149646,0.486195755,0.437415322,0.153317526,0.364296788,0.57628636,0.447022159,0.051445335,0.125455005,-0.053154047,0.200088179,-0.568599743,0.538109403,0.181179724,0.247323831,0.190444389,0.417859599,0.503630582,0.143659314,0.297772271,0.540567974,0.079539947,0.584201726,0.264506728,-0.258999947,-0.171961983,-0.213549786,0.249109115,-0.415738358,-0.160920975,-0.019784793,0.04051484,-0.319135718,0.188324516,-0.312434451,0.007219565,0.082982341,0.326669044,-0.120917351,-0.125398242,0.439224304,0.220559613,-0.47994591,0.508952214,-0.234158334,-0.512512843,0.469578277
KEGG_MEDICUS_REFERENCE_CA2_CAM_CAMK_SIGNALING_PATHWAY,-0.159689338,0.248506246,-0.017264901,0.462255112,-0.14143472,-0.046343255,0.192000706,-0.323116035,-0.093950603,0.062324828,0.065924075,0.132680133,0.111065415,-0.04569133,0.169553187,-0.362839742,0.017953148,-0.321299345,-0.125985008,0.135247106,0.082049571,0.154441726,-0.136478933,0.20442789,0.103648772,0.123642839,-0.089074665,0.34324152,-0.341644506,0.080106332,-0.160851982,0.05833968,-0.39755549,0.026060266,-0.162908518,0.152813747,0.315096917,-0.196671935,-0.121287896,0.07487536,0.395018686,0.201217473,-0.002417881,-0.19183564,-0.148896932,-0.063256583,0.019777474,0.101366084,0.139602544,-0.098094279
KEGG_MEDICUS_REFERENCE_CA2_CAM_CN_SIGNALING_PATHWAY,-0.077365119,0.33123996,0.440367828,-0.017285618,0.160029323,-0.082667911,0.111308287,-0.374743244,0.423835947,0.10446648,-0.540772645,-0.176800886,0.30308114,-0.014715176,-0.304427454,0.023773381,0.518026606,-0.270844443,-0.376764137,0.01966157,0.554576697,-0.039247469,0.271108611,0.607963253,0.502432275,-0.070173436,0.202094122,-0.226595649,-0.270156989,0.080763738,-0.234341868,0.001388275,-0.051535458,0.148580192,-0.106444665,-0.041039743,0.471265465,-0.164384152,-0.297354781,0.565684554,0.573113208,0.263815348,0.319033766,-0.131693186,-0.188030278,0.182991929,0.161860174,0.607432114,0.060537921,0.260017782
KEGG_MEDICUS_REFERENCE_CA2_CAM_VGCC_RYR_SIGNALING_PATHWAY,-0.031737584,-0.039239378,0.326979376,0.316567408,-0.386453858,-0.448573008,0.127470222,-0.488800115,-0.28759636,-0.055028209,-0.069089211,0.095204432,0.432717982,0.716647618,-0.500362915,-0.234592681,0.625570333,0.098943668,0.115190813,-0.514081884,0.576403063,-0.281182105,-0.321114373,-0.378290233,0.540988426,-0.327964029,0.460712807,0.265878952,-0.061886818,-0.061755507,-0.033416734,0.076637119,0.089034746,0.532563309,-0.395779804,0.243555749,0.39561235,0.268084287,-0.493526912,0.535004564,0.675979097,0.386011599,0.353035858,-0.39598455,-0.013242636,-0.112614669,-0.184124939,0.566391253,0.561088415,-0.205492498
KEGG_MEDICUS_REFERENCE_CA2_ENTRY_LIGAND_GATED_CA2_CHANNEL,-0.669780567,-0.612995293,-0.323865165,0.432766575,-0.294332009,0.407300811,-0.00102161,-0.291754592,-0.254049799,0.018742479,0.577147834,0.233811048,-0.002975073,0.424856751,0.654296092,-0.608055454,0.532184198,0.37467932,0.304047429,0.299872141,-0.343090601,-0.077003727,-0.664428839,-0.408836894,-0.412698002,0.497424084,0.066729138,0.453110164,0.633207996,-0.223956929,0.083440938,-0.05009577,-0.474879175,-0.077366787,-0.496070251,0.477477278,0.547284501,0.176953618,0.415869808,-0.347228719,-0.419334962,-0.245183451,0.203663599,-0.599621007,0.256374071,0.370198308,-0.177593007,0.244066647,0.218680683,-0.661686866
KEGG_MEDICUS_REFERENCE_CA2_ENTRY_STORE_OPERATED_CA2_CHANNEL,-0.29132041,0.003226432,-0.152735523,-0.538123476,0.154561039,0.444826851,0.054046738,0.473339042,0.144417948,0.096311302,0.018542903,0.230510735,0.019747523,0.376929689,0.452182985,-0.637961717,0.356819336,-0.52926533,0.22026111,0.177037852,-0.169569934,-0.150130382,0.360297893,-0.241701221,0.16227346,0.165171599,0.187490969,-0.571749704,-0.544539383,0.224390404,-0.678450147,-0.566643894,-0.545435205,0.717575019,-0.68092596,0.382363836,0.000417308,-0.099189367,0.25535829,0.053234684,0.479845613,0.262266907,0.257060705,-0.566740386,0.146275469,-0.042111733,-0.185881338,0.463861034,0.229739833,-0.088243255
KEGG_MEDICUS_REFERENCE_CA2_ENTRY_VOLTAGE_GATED_CA2_CHANNEL,-0.10528322,-0.203773462,-0.133322887,0.057462048,-0.013498962,-0.582219089,-0.258490477,-0.471726049,0.03333144,-0.625265668,-0.072138678,-0.247194197,-0.003881061,0.533277243,-0.037314121,-0.316382924,0.040902505,-0.303065929,-0.242413259,-0.024091097,0.200310556,-0.143132521,-0.174644592,-0.292298692,0.183072681,0.005967729,-0.054724935,0.36228723,0.011336572,-0.047102078,-0.314693484,-0.375301018,-0.249823353,-0.40950392,-0.151695191,-0.35785144,-0.300655098,-0.235215979,-0.604143929,0.28737409,0.313327763,-0.466595608,-0.365643458,-0.202444223,-0.027403044,-0.451431785,-0.050524371,0.347073072,0.582703595,-0.287196104
KEGG_MEDICUS_REFERENCE_CA2_PLCD_ITPR_SIGNALING_PATHWAY,-0.024812158,0.549979582,-0.199988867,-0.250086379,0.421936242,-0.368877668,-0.542029348,-0.294308741,-0.099342456,-0.68203555,-0.148880964,0.048902621,0.133283603,0.300272195,0.390023718,0.355407696,0.055098953,0.411217103,-0.872668216,0.583718657,0.201284425,0.356522367,0.36387915,-0.319116853,-0.332966602,-0.060141262,0.848504162,0.167558673,-0.470944559,-0.441462474,0.328721667,-0.243095887,0.03675183,-0.099341334,0.481824479,-0.356467123,-0.005410076,-0.57673915,-0.474880128,0.483262655,-0.093124483,-0.340659597,0.149870285,-0.333623334,-0.683922954,0.12859812,-0.248539641,0.373602037,-0.044195954,-0.011050933
KEGG_MEDICUS_REFERENCE_CA2_PYK2_RAS_ERK_SIGNALING_PATHWAY,0.275949807,0.425154682,0.396655881,0.105456895,0.118823293,0.250050271,0.315192644,-0.104599135,0.217644218,0.402026349,0.113592997,0.252607849,0.218631909,0.14885559,0.215046337,0.057578844,0.324636167,-0.225032122,0.281498144,-0.207838918,0.208502179,0.223255731,0.195754711,0.389310419,-0.160176712,-0.197808483,0.472145601,-0.44658628,-0.471284042,-0.267855629,-0.320717914,-0.311804703,-0.147807674,-0.02723654,-0.387312653,-0.250801505,-0.090627125,-0.458278163,0.008142372,0.318055904,-0.152892227,-0.047530626,-0.033298895,0.046038856,-0.218536372,-0.148855381,-0.151449956,0.143481184,-0.478085134,-0.495526302
KEGG_MEDICUS_REFERENCE_CARDIAC_TYPE_VGCC_RYR_SIGNALING,-0.115460863,-0.248045098,0.138178855,-0.024638951,0.053420913,-0.61375952,-0.334052197,-0.249571781,-0.132434939,-0.64387424,0.117155816,-0.084160847,0.204742328,0.579029816,0.26648394,-0.208061547,0.232944024,-0.197719508,-0.255613538,-0.23308426,0.100586907,-0.138110508,-0.336450575,-0.289111227,0.452657236,-0.25608897,0.088441581,0.323233819,0.042798865,-0.114723107,-0.265787913,-0.238580473,-0.22378099,-0.243767033,0.022722144,-0.257842881,-0.234943722,-0.027766421,-0.470451468,0.327494147,0.531178316,-0.420182357,-0.155516932,-0.393085596,-0.085955848,-0.343920284,-0.028105179,0.344405487,0.594812972,0.054774529
KEGG_MEDICUS_REFERENCE_CASR_PTH_SIGNALING_PATHWAY,0.297727494,-0.085638581,-0.59497201,-0.32055263,0.492644068,-0.390220522,-0.614062795,-0.479586508,0.266334544,-0.64149039,-0.12396962,0.143129628,0.229104255,0.505650095,0.627671578,-0.630089377,0.414064754,-0.527152096,-0.200701813,0.064287061,0.044753226,-0.396429707,-0.357256413,0.371511012,-0.31825398,-0.213238572,0.61587795,-0.406030275,-0.471521369,-0.607958134,-0.167324254,-0.716683209,0.275938479,0.19084419,-0.744775791,-0.574120557,-0.185072829,-0.64833976,-0.621328421,0.203667102,-0.209448631,-0.628530181,-0.375548835,-0.316726329,-0.592716035,-0.658650994,-0.077169218,0.106904885,0.147431406,0.409364857
KEGG_MEDICUS_REFERENCE_CCR2_GNB_G_PI3K_NFKB_SIGNALING_PATHWAY,-0.204299916,0.320432713,0.24941758,0.212069953,-0.0831104,0.003391131,0.013687121,0.256096399,-0.077141639,-0.083079075,0.204861754,0.10528811,0.185482938,0.049766481,0.180090364,0.138678287,0.304038246,0.253665581,-0.160635878,-0.143319331,-0.113723071,0.045969769,0.018653828,0.364821674,0.304141067,0.281203483,0.056615865,0.279130988,-0.06981699,-0.007544622,-0.01607834,0.140664296,-0.182213465,-0.229896256,-0.101900504,0.390555065,0.452674364,-0.178396495,0.273484719,0.30083378,0.524326831,0.098115466,0.402760815,-0.2600496,0.218328112,0.154091172,-0.172064006,0.470930189,-0.143946408,-0.091621962
KEGG_MEDICUS_REFERENCE_CCR5_GNB_G_PLCB_G_PKC_SIGNALING_PATHWAY,-0.35682152,0.100960365,0.115654541,0.048893865,-0.046682971,-0.246991449,-0.420093511,0.175066153,-0.19033172,-0.309834113,0.13037283,-0.115262734,0.220328737,0.089703413,0.263187713,-0.073364373,0.391163702,0.368545991,-0.185684235,0.126927161,-0.195002763,-0.132825117,-0.245903117,0.215395002,0.228777968,0.169162586,0.23433699,0.144305525,0.222158487,-0.148219853,0.000499001,-0.196604134,-0.121510848,-0.129619743,-0.350709531,0.503853337,0.5955141,0.051202699,0.091533994,0.056377997,0.422148123,-0.282535957,0.371398872,-0.560272352,0.01125221,0.222287057,-0.352267407,0.499128799,0.332768227,-0.073155279
KEGG_MEDICUS_REFERENCE_CCR_CXCR_GNB_G_PI3K_RAC_SIGNALING_PATHWAY,-0.352135748,0.296622702,0.237381663,0.413938601,0.060250551,0.000471963,-0.076246413,0.236667287,-0.380023835,-0.064087092,0.350092363,0.163832274,0.325545072,-0.057024065,0.072519038,0.011401379,0.470634212,0.509150078,-0.109130779,-0.096285109,-0.010535294,0.078235588,-0.142853244,0.175688148,0.393637475,0.145873324,0.231103923,0.34288479,0.365112911,0.462958574,0.292116673,0.33612623,-0.206203979,-0.197497669,-0.034719125,0.614134685,0.509053031,0.112603374,0.304840053,0.364753074,0.430489638,0.009848916,0.479337923,-0.541246624,0.271250834,0.540270256,-0.448761948,0.565079169,0.356447717,-0.077450569
KEGG_MEDICUS_REFERENCE_CD40_NFKB_SIGNALING_PATHWAY,0.249132446,0.116787004,-0.021592322,0.147038941,-0.400111153,0.429291313,-0.578623121,0.608581731,0.056654481,-0.406368288,-0.160179498,-0.376118435,-0.302296333,-0.356550951,0.19248261,0.522525954,0.400122326,0.563580246,-0.616292286,0.610396303,-0.416238833,0.285145608,0.310719458,-0.20352296,-0.316423178,0.652738847,0.408536654,0.509571999,0.489509661,-0.244316235,0.25134807,-0.536006901,-0.444243164,-0.640213467,-0.229136798,-0.16509074,0.402666285,-0.651103537,-0.007245987,-0.335100104,-0.583723887,-0.606560858,0.365791865,0.022833935,0.509648889,0.167426722,-0.204986112,0.546418203,0.290734471,-0.048320466
KEGG_MEDICUS_REFERENCE_CD80_CD86_CD28_PI3K_SIGNALING_PATHWAY,0.04018399,0.388815816,0.342000577,0.549451202,-0.078353493,0.025269188,-0.110366631,-0.126376602,-0.185559117,-0.06357179,-0.104659384,0.404227076,0.242197431,-0.230134412,0.353841203,0.179815851,0.555911654,-0.31754948,-0.521783195,-0.215923452,0.51976882,0.285779193,-0.206677344,0.578965972,0.361030849,0.334514181,0.354763405,0.374985507,-0.111496292,-0.022468295,0.434634843,-0.096740957,-0.276962015,-0.434693639,-0.383076794,0.470482728,0.124786127,-0.364453855,0.13384747,0.611277969,0.489442341,-0.04161401,0.536440128,0.357592631,-0.066708792,0.017960469,0.048139382,0.568189458,-0.374711871,-0.457730294
KEGG_MEDICUS_REFERENCE_CD80_CD86_CTLA4_PP2A_SIGNALING_PATHWAY,0.036961711,0.415555663,0.439985576,-0.073913402,0.250182281,0.13748612,0.495396058,0.120709614,-0.132324919,0.187055612,0.063741931,-0.065884726,-0.081966012,-0.094358832,-0.052623759,0.264706656,0.485608646,0.389167734,-0.354721538,-0.374107682,0.386324092,0.250748672,0.087626496,0.351128977,0.473549137,0.320288128,-0.212019561,-0.011845752,0.003186109,0.270960656,0.21237623,0.185013457,-0.1466859,-0.047923404,0.207735934,0.324368196,0.310628052,-0.033137596,-0.088196318,0.371468859,0.105398121,0.139754001,0.437029107,0.012572074,0.29879012,0.384034836,-0.138734563,0.147757811,-0.336856041,0.120573957
KEGG_MEDICUS_REFERENCE_CDC25_CELL_CYCLE_G2_M,0.054353676,-0.752056107,0.477219891,-0.418341986,-0.787988877,-0.008220902,0.377105318,0.39139832,-0.251225653,0.620236394,0.13457004,-0.53520975,-0.646251031,-0.537495741,-0.031284528,0.536885371,-0.15490049,0.023411979,0.601701635,-0.153257026,-0.123115805,0.339099977,-0.14339193,0.462947376,-0.526177677,-0.002004918,-0.38207095,0.263604995,0.370481746,-0.19135301,0.299020773,0.254467472,0.03043733,-0.425293081,-0.666799319,0.162513821,0.503989493,0.422509473,0.506239115,-0.654180393,-0.405621536,-0.393945264,0.210320373,0.545481196,0.390747096,0.452398108,-0.461992642,-0.474187063,-0.612776072,-0.749927067
KEGG_MEDICUS_REFERENCE_CENPE_INTERACTION_WITH_NDC80_COMPLEX,0.195061885,-0.697914135,0.635124343,-0.434648692,-0.815800741,0.421490491,0.620079451,0.452956465,-0.057801094,0.706663055,0.397862047,-0.212710134,-0.392015615,-0.617535319,-0.311198872,0.625699341,-0.073582521,0.52191501,0.702380911,0.055489491,0.524236004,-0.006945632,-0.412774848,0.418906027,-0.345826436,0.537911314,-0.371410335,-0.082166525,0.535329388,-0.066393109,0.592039744,0.670968995,0.488778095,-0.073136231,-0.654552146,0.508312622,0.625833695,0.63602763,0.765890797,-0.593174431,-0.531315334,0.244898081,0.491888874,0.656183887,0.703658708,0.699245916,-0.566492384,-0.483775373,-0.749775365,-0.671121938
KEGG_MEDICUS_REFERENCE_CGAS_STING_SIGNALING_PATHWAY,0.740712402,0.57187651,-0.540576296,-0.053320101,-0.554656792,-0.093648502,0.093738722,0.131854888,-0.234230555,0.111567918,-0.141293489,0.020119091,-0.302755669,-0.070191267,-0.265910593,-0.024857129,-0.172976044,-0.073124099,-0.040197457,-0.510969933,-0.758445276,-0.228393797,0.151398134,0.151281769,-0.418531216,-0.081862635,0.590555353,0.470859567,0.311861563,0.483359046,-0.056624107,0.157772177,-0.189945507,0.268822977,-0.552619683,-0.082813933,0.187040499,-0.153695989,0.624490471,-0.314447368,-0.483689743,0.600324792,-0.388432963,-0.542403464,0.118868252,-0.371315797,-0.052320053,-0.545608338,0.580543065,-0.537248724
KEGG_MEDICUS_REFERENCE_CHOLESTEROL_BIOSYNTHESIS,0.378129275,-0.224178514,-0.40421075,-0.113001121,-0.044563497,0.313608454,0.419240321,-0.239478529,0.170439903,0.372041792,-0.012177458,0.458687513,0.199900364,0.167363309,-0.12721423,0.429475463,-0.632953682,-0.562962835,0.291230612,-0.468119948,0.407010376,0.443015174,-0.0426,-0.094908534,-0.436242087,0.575771231,-0.014842613,-0.488285618,0.431044934,0.312844033,0.03654977,0.386263774,0.758288283,0.77882718,-0.442843703,-0.02307091,-0.098329571,-0.03685152,-0.143350671,0.717435545,-0.159029965,0.360583734,0.465026879,0.324841094,0.465712303,0.691128008,-0.537925385,-0.296630236,-0.57840277,0.406553845
KEGG_MEDICUS_REFERENCE_CHONDROITIN_SULFATE_BIOSYNTHESIS,-0.587251618,0.058045,-0.061913357,0.155706911,-0.255987971,-0.61133563,0.141645069,0.208538259,0.263921305,-0.032392534,0.098897882,-0.004524229,-0.328036505,0.384384074,-0.232386806,-0.160375201,0.724034382,-0.359686044,0.302341407,-0.575807463,0.016606498,-0.007639714,0.04000465,0.065561514,0.689265257,-0.148578476,-0.537066766,-0.170488739,-0.284834702,-0.264580633,-0.460036061,-0.233249398,-0.495996454,-0.025361011,-0.572503061,-0.069784938,-0.422729587,-0.308412234,0.17114922,0.586053176,0.77290334,-0.270122114,0.534768987,-0.108163067,-0.547277431,0.268115896,0.61028125,0.589947597,-0.391144299,-0.30877037
KEGG_MEDICUS_REFERENCE_CHRNA7_E2F_SIGNALING_PATHWAY,0.440561785,0.359926629,0.439321483,0.529008391,0.423704788,0.555617134,0.590453848,-0.459228338,0.779796675,0.310676519,-0.164379509,-0.392029827,0.350812832,-0.030871003,0.727213149,-0.4051959,-0.069032354,-0.571917098,0.357390528,0.397663783,0.508804153,0.221262891,-0.025066037,0.677186593,-0.242281254,0.484387135,0.439657648,0.059460435,0.058738609,-0.239574155,0.497605019,0.127743676,0.323751943,-0.47150316,-0.135432242,0.245136268,0.019521665,-0.512482568,0.087975362,-0.009354182,0.018061754,0.105591119,-0.012812415,0.165582235,0.417301337,0.222019018,-0.656952089,-0.282132898,-0.619712126,-0.194994604
KEGG_MEDICUS_REFERENCE_CITRATE_CYCLE_FIRST_CARBON_OXIDATION,0.492693668,0.310940594,0.341669355,0.387624784,0.04834972,0.635657306,0.28972785,0.153541302,0.301249457,0.691660641,0.389068914,-0.281413303,0.018085039,0.113124114,0.341239218,0.207106586,0.188372673,0.572811205,0.107318162,0.243516658,0.56762248,0.25017357,-0.163211247,0.05600047,0.349451713,0.5761753,-0.220221932,0.130971951,-0.094387659,-0.324062148,0.373921102,-0.303792198,-0.013952664,0.078041645,0.084805058,-0.130540312,-0.308812498,-0.182072843,0.414274749,0.310033998,-0.181514577,0.151744065,0.31015518,0.387087143,-0.233689314,0.250609271,-0.321659919,-0.301621693,-0.746160728,-0.214072053
KEGG_MEDICUS_REFERENCE_CITRATE_CYCLE_SECOND_CARBON_OXIDATION_2,0.225641973,0.141231945,0.416196244,-0.114172045,0.432854852,0.591424262,0.326145209,0.61049615,0.547419963,0.651073449,-0.164277854,0.441154781,0.262954957,-0.599770113,-0.064481717,0.462578077,-0.143698626,0.683297006,0.236892711,0.349074613,0.366501741,0.078562515,-0.028886081,-0.485023112,0.333019487,0.153619746,-0.240938795,0.424319521,0.329190894,0.600960168,0.825600289,0.675416902,0.684106374,0.583210411,0.492115919,0.507007371,0.657414282,0.503268333,0.479937682,-0.235912247,0.086699935,0.661259863,0.384154628,0.351803882,0.604463193,0.722314547,-0.082941562,-0.627353581,-0.580901988,0.786035046
KEGG_MEDICUS_REFERENCE_CLASSICAL_PATHWAY_OF_COMPLEMENT_CASCADE_C4_C2_TO_C3_CONVERTASE_FORMATION,-0.452171686,-0.195709707,0.096118127,0.539103154,0.113807651,0.355934231,-0.306433033,-0.138680012,-0.368950657,0.427510744,-0.044109705,0.471586789,0.443135075,0.173551263,0.489001893,-0.502850277,0.506497732,-0.067685898,-0.399264725,0.528858146,0.354433928,-0.123363191,-0.173264074,-0.431601811,0.41429978,-0.311823105,-0.636391591,0.783052604,0.609017335,0.058414485,0.641085543,-0.485358751,-0.703131066,-0.19297205,0.209987632,0.379730393,0.111990708,0.077461079,0.418270454,0.75179232,0.644908418,-0.163422373,0.426757321,-0.696750903,-0.558450316,-0.148051227,-0.122870256,0.675270758,0.453392259,0.158754513
KEGG_MEDICUS_REFERENCE_COHESIN_ACETYLATION,-0.260032749,-0.656637095,-0.051439083,-0.492338956,-0.664521636,-0.358375658,0.297621672,-0.685471493,0.462895831,0.499938035,-0.122993953,-0.6519642,-0.64682559,-0.528631825,-0.361531495,0.681474375,-0.301027341,0.023421696,0.454873411,-0.483342715,-0.213090138,-0.488707584,-0.238957991,0.569611116,-0.785461792,0.013949791,-0.085009112,-0.447424933,-0.105806891,-0.362547368,0.181154298,-0.154820594,-0.24816196,-0.594690412,-0.597676216,-0.422085726,-0.18594858,0.241647407,0.442572006,-0.670305874,-0.648019489,-0.680563418,-0.3840552,0.708681152,0.50930732,-0.219461915,-0.073847413,-0.687971234,-0.62148405,-0.654673357
KEGG_MEDICUS_REFERENCE_COHESIN_DISSOCIATION_IN_ANAPHASE,0.021293557,-0.130577752,0.147190766,-0.499813966,-0.126730936,0.127922567,0.281663595,0.270294897,0.067585464,0.59287127,0.237578844,-0.201606848,-0.414879824,-0.550943172,-0.500544663,0.546244763,-0.366613838,0.265059216,0.394396229,-0.077576836,-0.174648934,0.213381618,-0.20502641,0.436627545,-0.467334063,-0.217221176,-0.374762283,0.104993109,-0.023466389,-0.222482974,0.11989509,0.431804632,0.069727494,-0.327677869,-0.206738852,0.34145694,0.425316719,0.447586843,0.395028347,-0.509937049,-0.359982137,-0.086094355,0.304652048,0.565254097,0.409868155,0.474025679,-0.386215634,-0.534674833,-0.477243969,0.091591291
KEGG_MEDICUS_REFERENCE_COHESIN_DISSOCIATION_IN_PROPHASE,-0.001873897,-0.052593374,0.589190892,-0.419318891,-0.411191216,-0.017744001,0.583179739,0.17870938,0.187524095,0.561876853,-0.070553368,0.066901126,-0.009818556,-0.303627829,-0.182591386,0.439959516,0.361971405,0.443463542,0.264039992,-0.425736496,0.449585325,0.363445016,0.242040705,0.480959549,0.055006802,0.178524919,-0.032883944,0.052967163,-0.026695576,0.042314858,0.244959026,0.276846654,0.410084674,0.119186804,-0.305864215,0.220044977,0.278265931,0.323233682,0.41340094,-0.222409795,-0.099187292,0.032597081,0.342768263,0.376334799,0.495112968,0.301412057,-0.027939049,-0.096047478,-0.638445703,-0.160888361
KEGG_MEDICUS_REFERENCE_COHESIN_LOADING,-0.123611979,-0.194269144,0.165751518,-0.58259476,0.041912976,-0.506274452,0.119199891,-0.267900625,0.530553299,0.35438165,-0.313181742,-0.099058932,-0.472293746,-0.093415435,-0.013990432,0.451668912,-0.10227497,-0.553721572,-0.145641417,-0.32509681,0.568776433,-0.266016983,0.280423116,0.569910549,-0.614225111,0.042270482,0.26844578,0.052409157,-0.549339529,-0.684428657,-0.388861202,-0.573662912,-0.602566534,-0.285473986,-0.631988551,-0.694286488,-0.638593121,-0.334636192,0.183507423,-0.163373894,-0.418658793,-0.527280827,-0.43501086,0.411980381,-0.295842303,-0.598221898,0.137165035,-0.03266506,-0.675005472,-0.463046942
KEGG_MEDICUS_REFERENCE_COMMON_PATHWAY_OF_COMPLEMENT_CASCADE_MAC_FORMATION,-0.190984469,-0.073716515,-0.637700776,-0.608540496,0.533031123,-0.033882773,0.473779835,-0.286472754,0.845514192,-0.571460045,-0.68755576,-0.113365079,0.189612293,0.226403176,0.27848832,-0.405808103,0.602559893,-0.120736656,0.243155238,0.804914963,0.13952589,-0.644729749,-0.474158859,-0.579177754,-0.042733978,0.294197173,-0.165198996,-0.180433067,0.597052278,0.347694585,0.175919081,-0.333634903,0.055878383,-0.509001769,0.343439812,-0.028785418,-0.452002966,-0.166205781,-0.316004967,0.255807558,0.093503689,-0.120155845,-0.523374233,-0.704165072,0.054258622,-0.259213918,-0.427838047,0.556463285,0.724237198,0.597577835
KEGG_MEDICUS_REFERENCE_CONDENSIN_LOADING,0.017359288,-0.054898917,0.514462575,-0.372458514,-0.351877072,0.016712134,0.553749229,0.341758146,-0.028351254,0.469761078,0.157719316,0.102491939,-0.425687113,-0.308856158,0.004704999,0.527965382,0.229637691,0.299064994,0.244531203,-0.496207454,0.473406613,0.339817925,0.124452534,0.572268011,-0.268308709,0.168221456,-0.078333936,-0.11458536,-0.232508734,-0.190888106,0.188523426,0.064058547,0.092619048,-0.022031295,-0.423669903,0.036863029,0.287831035,0.290002985,0.444477372,-0.350589764,-0.404841737,-0.158449676,0.358992494,0.373390982,0.434407349,0.307118638,-0.193391187,-0.347741359,-0.629035792,-0.349574214
KEGG_MEDICUS_REFERENCE_COPII_VESICLE_FORMATION,-0.159156441,0.546499214,0.089878249,-0.425520831,0.159715709,-0.352094165,0.517394673,0.093355002,0.715734315,-0.496858354,0.538184915,-0.269501625,-0.336812563,0.110418924,-0.133240458,0.350356747,0.501577262,0.251659309,0.309399819,0.20275789,0.043485426,0.376294349,0.206752718,0.502901611,0.466024235,-0.113414473,0.441935615,-0.237004623,0.03596295,-0.036967848,0.480119391,0.375654764,0.116781081,0.106531581,0.521119686,-0.046891812,0.053290226,-0.109336848,0.44442007,0.46769137,0.219962465,-0.132481625,0.207990989,0.132697861,0.000638783,0.520652124,0.17245937,-0.530118159,-0.624229892,0.260300584
KEGG_MEDICUS_REFERENCE_COPI_VESICLE_FORMATION,0.038059706,0.452798192,0.104219152,-0.139761856,-0.431242006,0.28847761,0.422219512,0.502709187,0.553776255,0.296906016,0.394746419,0.421763306,0.241197832,0.044363516,0.029588354,0.260802148,0.378271304,0.321679284,0.579732484,0.072789607,0.271384006,0.429061013,0.07000483,-0.216704172,0.385989173,0.376874358,-0.105391087,-0.48533151,-0.021505451,0.187327561,0.46225852,0.160778672,0.315506162,0.58622864,0.319123816,0.029467396,-0.152831928,0.179820286,0.420124018,-0.131462318,0.269320827,0.413897813,0.269920218,-0.174967619,0.248670709,0.545878546,0.090385954,-0.351458087,-0.69457714,0.217519578
KEGG_MEDICUS_REFERENCE_CORE_NER_REACTION,0.526628152,-0.005046643,0.268620242,-0.231461558,-0.144259806,0.258415318,0.11897215,0.390685448,-0.344361844,0.498801152,0.217225061,0.200961562,-0.371604618,-0.345628101,-0.201605688,0.593247716,-0.461399473,0.007488171,0.011947113,0.002079657,-0.040635806,0.425535942,0.328716499,-0.06075484,-0.367276153,-0.298725201,-0.121900913,-0.250201942,0.140201027,0.153291686,0.305209501,0.371084385,0.277975075,-0.032594359,0.013963144,-0.017011566,0.421077676,0.332535786,0.402578649,-0.516270346,-0.317120801,0.174647744,0.163154518,0.397918248,0.496125585,0.406946048,0.01777435,-0.446662737,-0.456196024,-0.053935331
KEGG_MEDICUS_REFERENCE_CREATINE_PATHWAY,-0.058072478,-0.685441562,0.117857139,-0.031544868,-0.217362077,-0.423834887,0.201621377,-0.432796874,0.071064663,0.197729652,-0.013428273,0.221061492,0.468829656,0.615076507,0.251338111,-0.279036188,-0.383290241,0.463882458,0.678917587,0.438187273,-0.15405261,0.424112492,-0.446443445,-0.51008462,0.445929011,0.600383046,0.088460017,-0.241468497,0.070280807,0.371203193,0.069120412,0.414725867,0.53643761,0.474317647,-0.193413177,0.534789279,0.230286833,0.591572109,-0.461114447,-0.58903012,-0.239084621,0.282193211,-0.227455664,0.138705893,0.210744977,0.204799358,-0.473486388,-0.036278314,0.383069166,0.428745184
KEGG_MEDICUS_REFERENCE_CRHR_PKA_ACTH_SIGNALING_PATHWAY,-0.236418873,0.32098151,-0.179260657,-0.063837562,0.04158992,-0.168892991,0.133919176,-0.406395632,0.268456862,0.024136524,0.024072393,-0.110999144,-0.144377569,-0.094985783,0.053829438,-0.342377666,0.222181619,-0.458940174,0.018324656,0.244461249,0.109543215,-0.040512574,-0.094788224,-0.011978224,-0.024849309,0.410860539,0.14416112,-0.033327208,-0.157621881,-0.281605901,-0.009694545,-0.271374396,-0.242874471,-0.101916452,0.003558627,-0.316295857,-0.289466017,-0.161818232,-0.017588752,0.326689086,0.234104921,-0.149198615,-0.168350103,0.143534821,-0.259497563,-0.234270984,-0.035485979,0.01988522,-0.321877891,-0.140180913
KEGG_MEDICUS_REFERENCE_CROSSTALK_BETWEEN_EXTRINSIC_AND_INTRINSIC_APOPTOTIC_PATHWAYS,0.237034261,0.293195319,0.495494419,-0.20529978,-0.524179237,0.454940533,-0.395268407,0.404514214,-0.034254777,0.278451574,0.341628273,0.33494388,0.417568008,0.284749372,0.04652564,0.385048289,-0.001353101,0.44715173,-0.209054233,0.051901205,-0.020165791,0.301859599,0.210917711,-0.037745855,0.312841967,-0.149916166,0.586517375,0.435227283,0.524051698,0.42319933,0.583306936,0.37458675,0.507497341,0.32207042,-0.298835004,0.572789848,0.49453199,0.16341137,0.114774005,0.162244345,0.148072543,0.169396959,0.174823407,-0.126562259,0.499298435,0.546433889,0.057590859,-0.351518147,0.063607422,0.126503656
KEGG_MEDICUS_REFERENCE_CX3CR1_GNAI_AC_PKA_SIGNALING_PATHWAY,0.110413073,0.402562192,-0.126038065,0.080247215,0.380739271,-0.038735164,-0.070415107,-0.332592655,-0.120268648,-0.021388839,-0.010259409,0.27298847,0.297538421,0.446390363,0.188190615,-0.298692537,0.401800542,-0.223593748,-0.373905365,-0.325836766,0.386024357,-0.036829395,0.235071223,0.1796794,0.397380607,-0.085991116,0.296416665,0.141541606,-0.364586758,-0.299273104,0.052631011,-0.272410935,-0.248794223,-0.138286089,-0.357511731,-0.231226949,-0.186921015,-0.491113658,-0.418545374,0.517213476,0.469940009,-0.161089242,0.172668908,-0.307834272,-0.189746132,-0.20934547,0.098513863,0.4225995,0.095708252,-0.197209054
KEGG_MEDICUS_REFERENCE_CXCL12_CXCR4_PKC_ERK_SIGNALING_PATHAWAY,-0.003543974,0.190108473,-0.094753047,0.007625619,0.265409254,-0.236397406,-0.312474359,-0.372610239,0.004360371,-0.09741235,0.096164919,-0.217333679,0.157115347,0.415375735,0.456114716,-0.335398128,0.410301607,-0.313858182,-0.143547614,-0.08187411,-0.05595224,0.02400616,-0.067065734,0.185851831,-0.110887471,-0.1978641,0.489084273,-0.237501844,-0.424429205,-0.244317219,-0.116206043,-0.488385147,-0.229907195,-0.087308932,-0.588374214,-0.277280721,-0.295892011,-0.499536967,-0.090274274,0.390290488,0.06949427,-0.385249826,0.021067043,-0.300838126,-0.455621278,-0.346107275,-0.210414919,0.424808027,-0.038692523,-0.368176615
KEGG_MEDICUS_REFERENCE_CXCR4_GNA12_13_RHO_SIGNALING_PATHWAY,-0.641799716,-0.003066438,0.397799838,0.332242369,0.477915421,-0.275976648,0.08571539,-0.093305536,-0.100205486,-0.232310083,-0.218786771,-0.15487151,0.165937305,0.458526671,0.590154988,-0.106548262,0.369541728,-0.296788153,-0.298523594,-0.346860146,0.361571879,0.232095674,-0.415846829,0.465006541,-0.319677985,0.162695064,0.463108406,-0.537309555,-0.379133834,-0.350625814,0.171805959,-0.062101606,-0.1931919,-0.260084275,-0.563135592,-0.43816693,-0.07460949,-0.670002805,0.070173797,0.484995796,0.281367351,-0.296877745,-0.035774118,-0.160515165,-0.218070223,-0.147401695,0.104528265,0.629425373,-0.345324115,-0.269067742
KEGG_MEDICUS_REFERENCE_CXCR4_GNAI_PI3K_BAD_SIGNALING_PATHWAY,-0.189642658,0.008410419,0.379222989,0.465921366,-0.01634164,0.05750939,-0.00988261,-0.069516482,-0.13506128,-0.024055037,-0.130097761,0.472469411,0.351874437,0.344199053,0.308962388,-0.237130731,0.383421446,0.066146044,-0.25251469,-0.23523903,0.348725874,0.014472594,0.157998114,0.569260539,0.410440101,0.179336681,0.224344999,0.152188609,-0.303530796,-0.018934863,0.407799915,0.098598719,0.00169049,-0.171080658,-0.454861683,0.31453142,0.189071894,-0.350598785,0.239697112,0.47060778,0.672049971,-0.023451193,0.515941409,0.224291301,0.054893463,-0.108558915,0.326823622,0.553886277,-0.250617668,-0.325622301
KEGG_MEDICUS_REFERENCE_CXCR4_GNAQ_PLCB_G_CALCINEURIN_SIGNALING_PATHWAY,-0.286982947,0.179566043,0.014415576,0.10171969,0.223305918,-0.368036778,-0.257242082,-0.454553178,0.127760014,-0.076224459,-0.347308207,-0.216476421,0.146228136,0.200452827,0.144030391,-0.308280971,0.48251498,-0.272126518,-0.401938143,0.017957401,0.398493515,-0.197385968,-0.160633305,0.398938625,0.260079541,-0.097328953,0.28072622,-0.164268163,-0.252412869,-0.216558172,-0.173740479,-0.319441239,-0.201852977,-0.064873634,-0.47729602,-0.175104023,0.10784269,-0.326221011,-0.352181422,0.41939212,0.37982752,-0.25308399,0.126671485,-0.126615862,-0.334743292,-0.23225659,0.071889704,0.549415437,0.24024093,0.129650126
KEGG_MEDICUS_REFERENCE_CXCR4_GNB_G_PLCB_PKC_SIGNALING_PATHWAY,-0.357297499,0.18587433,0.179438466,0.091132296,0.158523243,-0.392671591,-0.269558942,0.132007483,-0.152728331,-0.289640132,-0.053273591,-0.128208676,0.317406297,0.360069474,0.14908347,-0.227953572,0.356406825,0.336660405,-0.079866308,0.114073465,-0.049570809,-0.185333277,-0.245038002,0.109569149,0.182568275,0.004225684,0.282007385,0.178745928,-0.008871109,-0.107650085,-0.017142516,-0.31755566,-0.055816087,-0.020452522,-0.424127155,0.275305123,0.4037672,-0.105743193,0.234117082,0.138343581,0.442737999,-0.219978439,0.348901541,-0.50915801,-0.04761422,0.128233523,-0.120168677,0.369174685,0.233132824,0.002658216
KEGG_MEDICUS_REFERENCE_CXCR4_GNB_G_RAC_SIGNALING_PATHWAY,-0.361290297,0.081328729,0.396347395,0.302746374,-0.244393175,-0.215906911,-0.048926533,0.342023071,-0.2531401,-0.040961997,0.278802072,0.170630653,0.323611922,0.319649774,0.115992457,-0.14211181,0.323902699,0.32334695,0.084155954,-0.179155271,-0.145774966,0.065190823,-0.229888356,0.077999389,0.36637922,0.169288628,-0.181344967,0.110125909,0.10688413,0.206619243,0.007452976,0.245247677,0.073446691,-0.180613143,-0.276371819,0.59168614,0.62808758,-0.000689241,0.349495217,-0.054239243,0.616393257,0.29409582,0.535890046,-0.487005685,0.250840572,0.511342381,-0.18240799,0.430592792,0.181331736,0.011058753
KEGG_MEDICUS_REFERENCE_CXCR_GNB_G_ERK_SIGNALING_PATHWAY,-0.210545213,0.337795446,0.31507292,0.088505459,-0.020479177,-0.207161269,0.134208699,0.349742724,-0.029785136,0.153510161,0.154109146,0.203757799,0.369294762,-0.013230107,-0.098487688,0.177228528,0.372123546,0.359174867,0.394289536,-0.210879025,-0.161571212,0.00048741,-0.080320071,0.276909613,0.394210623,0.18661144,0.145430327,-0.153759724,0.064739204,0.163803795,0.017542084,0.268987801,0.182279593,-0.110758888,-0.122899377,0.525512419,0.498936974,0.100095291,0.441682104,0.275829171,0.534596451,0.265655317,0.430303408,-0.452049504,0.400120655,0.413858363,-0.364659534,0.369524283,-0.092150273,-0.157451872
KEGG_MEDICUS_REFERENCE_CXCR_GNB_G_PI3K_AKT_SIGNALING_PATHWAY,-0.287002275,0.362002467,0.197813438,0.285814571,-0.022890573,-0.255389168,0.080889274,0.057545489,-0.299779192,-0.079814991,0.174847658,0.198952905,0.186559093,0.047081019,0.180561375,0.200080314,0.359920151,0.374277266,-0.072586926,-0.208654767,0.047223012,-0.203774859,-0.213516865,0.242025446,0.398253871,0.394338884,0.134924523,-5.34E-06,0.029769048,-0.012857087,0.170139309,0.108132583,-0.226518589,-0.066892787,-0.203805777,0.493531122,0.381841135,0.103047646,0.190842357,0.328714612,0.538291302,0.083926559,0.43160351,-0.384221685,0.24420914,0.370922601,-0.230298201,0.524786179,0.091806677,-0.21921874
KEGG_MEDICUS_REFERENCE_CYTOKINE_JAK_STAT_SIGNALING_PATHWAY,0.176907687,0.011312478,0.232628733,0.315976728,-0.324003637,0.228396629,-0.358463184,0.001410498,-0.330634054,-0.164170164,0.429703071,-0.353817804,-0.150083441,-0.01027294,0.390993186,-0.028529734,0.479776875,0.256071213,-0.515847012,0.04064711,-0.265243428,0.290641524,0.152903334,0.14564994,-0.17738806,-0.377612733,0.221497223,0.593590729,0.484336597,0.111006863,0.294999977,-0.196797765,-0.292425337,-0.304726305,-0.326211747,0.170556028,0.445172111,-0.224032465,-0.005949265,0.459457352,0.026263605,-0.323929829,0.262001818,-0.514885423,-0.239697032,0.152022971,-0.170365027,0.54363551,0.42754508,-0.155899677
KEGG_MEDICUS_REFERENCE_DEPHOSPHORYLATION_OF_KINETOCHORE,0.164951246,-0.675380072,0.666085354,-0.481357474,-0.853809356,0.535679196,0.614596233,0.450058198,-0.155690335,0.676688335,0.455128375,-0.020404478,-0.125820523,-0.495191462,-0.37869914,0.551583072,-0.073582521,0.446726797,0.739211393,-0.19850471,0.480445827,-0.048427682,-0.442475666,0.428752841,-0.200194025,0.534498888,-0.366288977,-0.279100457,0.526731276,-0.034107534,0.525195839,0.609480379,0.499872504,0.04342723,-0.675963162,0.617598426,0.678584326,0.7038437,0.761802788,-0.626494999,-0.373164941,0.50936264,0.572001009,0.658320413,0.767352733,0.735134483,-0.498379376,-0.328827062,-0.731750462,-0.65863823
KEGG_MEDICUS_REFERENCE_DERMATAN_SULFATE_DEGRADATION,0.012765795,-0.40194794,0.099500814,0.249731429,0.225613941,0.283738695,-0.292616209,0.484257305,0.577003905,0.251940083,-0.220171996,-0.232424483,0.272580531,0.23061767,-0.301385387,0.529734475,-0.284885728,0.43118724,0.566381697,0.185538732,-0.151092505,0.633396485,0.554353943,0.241193678,0.321341167,-0.210622688,0.237239414,-0.008933406,0.21366473,0.165754468,0.339062507,-0.057716451,0.041307958,0.012721371,0.437781021,0.116134192,-0.191218616,-0.513187087,0.325978115,0.647329391,0.51183302,0.130138834,0.638865606,-0.590178125,-0.005349696,-0.245888959,-0.192180376,0.336536813,0.061084082,0.652294615
KEGG_MEDICUS_REFERENCE_DEUBIQUITINATION_OF_H2AK119,-0.020763334,0.237385324,-0.346191466,0.05225756,0.441158668,0.288720933,0.193530098,-0.21118822,0.508699511,0.368385409,-0.086566104,0.048834139,-0.483962074,-0.013278779,0.010142228,0.328539245,-0.356894669,-0.401623946,0.020525126,-0.026812133,-0.012620854,-0.453606406,0.373875533,0.463321245,-0.226063234,0.289608289,0.005632961,-0.226924458,-0.565672782,-0.484495623,-0.48685392,-0.396800399,-0.398719616,-0.520777834,-0.245544262,-0.573030291,-0.307751787,-0.317334213,-0.222644711,-0.308010386,-0.45254568,-0.430897304,-0.470320934,0.528108543,0.111038096,-0.460099496,0.237724111,-0.153065936,-0.498804323,-0.293618569
KEGG_MEDICUS_REFERENCE_DISASSEMBLY_OF_MCC,0.191307458,-0.231736591,0.267643677,-0.365415549,-0.292611979,0.143032401,0.271119315,0.28225147,0.002749386,0.589988424,0.247852183,-0.300806804,-0.387067836,-0.480935675,-0.532843299,0.618957236,-0.423032526,0.378785729,0.407429483,0.125772376,-0.220325557,0.221007839,0.023132251,0.424318549,-0.284380888,-0.268558797,-0.323242494,0.197669336,0.096784939,-0.198803468,0.24976007,0.481712351,0.251898878,-0.203271885,-0.207937016,0.401643476,0.525574355,0.477685128,0.387939877,-0.548784814,-0.274215343,-0.020354998,0.505246698,0.597060267,0.503081197,0.46363936,-0.389802203,-0.530286899,-0.467380839,-0.059152617
KEGG_MEDICUS_REFERENCE_DNA_DEGRADATION_BY_EXTRACELLULAR_ENDOLYSOSOMAL_DNASE,0.400535134,0.001675233,-0.477056513,0.222850028,0.105831457,0.006890178,-0.469747729,-0.410910829,-0.302982999,0.554301337,-0.140325337,-0.023644087,0.11442899,-0.238361805,0.111639952,-0.243628265,-0.489228965,0.326890705,-0.046979916,-0.117919337,-0.067454461,0.064311288,-0.387949214,-0.415443402,-0.459052741,0.634420936,-0.03229166,0.558304924,0.631613773,0.348649971,0.233336907,0.007940805,-0.057076936,0.189360218,0.176401427,-0.166535191,-0.026551897,0.407837395,0.015054725,0.112824148,-0.218618767,-0.397165775,0.009180786,-0.47604534,0.488230348,-0.038430124,-0.413085953,-0.188085461,0.256199953,0.185678984
KEGG_MEDICUS_REFERENCE_DNA_END_RESECTION_AND_RPA_LOADING,0.532452461,-0.276344002,0.496818856,-0.025870125,-0.390497668,-0.019421245,0.040247181,0.354749684,0.050932653,0.50801957,0.150318431,-0.253842678,-0.492741854,-0.055198917,-0.223627957,0.528681455,-0.550384385,-0.09460001,0.000288689,0.054263192,0.441236473,0.256544005,0.407875969,0.161726265,-0.407589904,-0.18114696,-0.274025365,0.008335832,0.096734692,-0.004576559,0.192792798,0.473139266,0.143312677,-0.243860638,0.025282088,0.228074359,0.28514628,0.262294166,0.501624351,-0.694438443,-0.353962802,0.151482863,0.1503903,0.525425274,0.387665351,0.402536044,0.043161856,-0.332214917,-0.524970702,-0.137774386
KEGG_MEDICUS_REFERENCE_DNA_REPLICATION_LICENSING,0.207759123,-0.603246544,0.597742739,-0.163011918,-0.804443763,0.314274444,0.466518722,0.449113442,-0.18850394,0.663451837,0.626355237,-0.016034196,-0.636965558,-0.403274327,-0.02774765,0.573036698,-0.577373956,0.391616559,0.448214434,-0.09236181,0.338182167,0.168002755,0.114139529,0.387162448,-0.23890377,0.044305437,-0.297860506,0.372838923,0.372983651,-0.365970382,0.472400923,0.402612841,0.198224197,-0.206540806,-0.733432391,0.454932451,0.303491667,0.635023092,0.718002299,-0.730475341,-0.542190266,0.009816278,0.422182406,0.637086784,0.654020802,0.616094437,-0.353758754,-0.536851629,-0.635296449,-0.670591507
KEGG_MEDICUS_REFERENCE_DNA_REPLICATION_TERMINATION,0.318215343,-0.415058802,0.446974552,0.137799499,-0.791192291,0.526917393,0.668616183,0.467493267,-0.414897296,0.676789261,0.628829915,-0.178858863,-0.324636064,-0.544384626,-0.252314303,0.492374883,-0.431551289,0.164835533,0.415315703,0.271309507,0.369031573,0.190160277,-0.24254166,-0.120365587,-0.041484548,0.011639689,-0.15221151,0.296779628,0.443578117,0.038335186,0.480353616,0.366590617,0.287507146,-0.009668383,-0.415746327,0.482941436,0.343162483,0.599381671,0.667256134,-0.599982653,-0.259344154,0.356314487,0.683252537,0.372268694,0.630075358,0.572731077,-0.416520615,-0.529390311,-0.61907596,-0.427019314
KEGG_MEDICUS_REFERENCE_DOUBLE_HOLLIDAY_JUNCTION_RESOLUTION,0.682244677,-0.63869544,0.195104735,-0.255190831,-0.634804633,0.047546012,0.351056539,0.007488271,-0.48541285,0.612775171,0.39777199,-0.447762541,-0.796713039,-0.518721857,-0.15797546,0.444157268,-0.527968243,0.05726945,-0.229191084,0.132671983,-0.342543678,-0.274565224,-0.029772645,0.136014395,-0.654939173,-0.288980883,-0.518376947,-0.023276795,-0.317039708,-0.431558245,-0.401738479,-0.132049008,-0.188932322,-0.222191224,-0.67152336,-0.51486555,-0.178676385,-0.442158251,-0.07353893,-0.52158375,-0.771175955,-0.777581906,-0.154514526,0.72651058,-0.187631279,-0.236655927,-0.3650882,-0.850505233,-0.467797466,-0.768765789
KEGG_MEDICUS_REFERENCE_DOUBLE_STRAND_BREAK_SIGNALING,-0.154217642,0.078822213,0.17202926,-0.337654417,-0.425569484,-0.266831679,0.281289538,-0.285494288,0.055884152,0.250326269,-0.246625677,-0.313085869,-0.476411984,0.03559244,-0.370539395,0.562107809,-0.252180068,-0.290882924,0.052332226,-0.043067874,0.138924755,0.276992125,-0.158103837,0.314576929,-0.211840649,-0.024824082,-0.395821904,-0.109338044,-0.231255756,-0.476240927,-0.351755182,-0.357480849,-0.25558529,-0.215181486,-0.339671907,-0.429482376,-0.29455894,-0.30431856,0.493454043,-0.337299693,-0.502599512,-0.500862489,-0.359740247,0.535819614,-0.388641781,0.095629653,0.255441764,-0.223104132,-0.416160691,-0.530641894
KEGG_MEDICUS_REFERENCE_DRD1_GNAS_AC_PKA_SIGNALING_PATHWAY,-0.439727089,0.509410409,-0.102108693,-0.280872876,-0.103087012,-0.147926212,-0.112661751,-0.462781632,0.363293274,-0.064042295,-0.09061386,0.007088606,0.305779457,-0.281345697,-0.169946233,-0.386434727,0.27804052,-0.534708056,-0.028106969,0.190312326,0.109564795,0.152018686,0.134763842,-0.137258672,0.111070977,0.377041046,0.271250616,-0.146546276,-0.077109146,-0.133812481,-0.078596941,-0.200928659,0.197490115,0.266614687,0.351056173,-0.134078552,-0.264228177,0.032235829,0.003134991,-0.048027491,0.183149496,-0.130063176,-0.168297928,0.255403156,-0.016177789,-0.253126686,0.366308161,0.055654125,-0.249887462,0.084960919
KEGG_MEDICUS_REFERENCE_DYNEIN_RECRUITMENT_TO_THE_KINETOCHORE,-0.003024901,0.096628881,0.383563463,0.126217788,0.028428629,0.102712734,0.253244885,0.036800703,0.259946637,0.346753819,-0.049316656,0.212905804,0.047414013,-0.228899557,-0.519155966,0.306396458,0.18022219,-0.031089797,-0.099767315,-0.052771682,0.298729808,0.032857713,0.114334228,0.390249573,0.074496027,0.239173789,0.10565125,-0.012717941,-0.014558639,0.196970962,0.064855722,0.037158594,0.322733957,0.263537122,0.063303703,0.136435241,0.081126322,0.340914044,0.208214902,-0.192003004,0.26273376,-0.016638609,0.201655765,0.45403422,0.161662575,0.010784452,0.035958845,-0.473949729,-0.255380914,0.092380824
KEGG_MEDICUS_REFERENCE_E2_ER_RAS_ERK_SIGNALING_PATHWAY,0.004254058,0.482452943,0.250377836,-0.123768671,-0.043373652,0.137237267,0.358894326,-0.151415086,0.369668272,0.110691521,0.237694898,0.143367105,0.080282705,-0.151260579,-0.023212582,-0.221862134,0.310701119,-0.328521483,0.277945489,0.143172686,-0.021968517,0.151700093,0.081722445,0.28789319,0.060340378,-0.006364922,0.305441269,-0.235515576,-0.29379562,-0.06530621,-0.189950088,-0.236148242,-0.044718226,0.096347953,0.002524279,-0.139102248,-0.121316417,-0.279313471,0.386511385,0.09461712,-0.010594459,0.077793306,-0.031613201,0.246962762,-0.213128672,-0.037224561,0.123258559,-0.243157806,-0.501115621,-0.177445653
KEGG_MEDICUS_REFERENCE_EARLY_ENDOSOMAL_FUSION,0.063086643,0.35268473,0.206477382,0.45204191,0.537929753,0.050604595,0.350141775,-0.145015721,0.548272368,-0.183486153,-0.059799952,0.472671826,-0.084016384,0.448140695,-0.141425993,0.119404332,0.014537585,-0.427232379,0.083844765,-0.045397112,0.640835425,0.247184732,0.056179728,0.623735661,0.156553782,0.484345349,0.576526334,0.005685921,-0.595833657,0.115448649,-0.064079422,-0.413650146,-0.159476534,0.113521146,-0.329520474,-0.436075689,-0.348707587,-0.200012368,0.466289392,0.475185543,0.296563716,0.112899943,-0.13972284,0.505825878,-0.018501805,-0.457797046,0.296409963,-0.034927798,-0.452240829,0.120216789
KEGG_MEDICUS_REFERENCE_EGF_EGFR_ACTIN_SIGNALING_PATHWAY,0.005733293,0.263870734,0.590580554,0.145939904,-0.136826336,0.065292877,-0.325473487,0.510629419,-0.189016882,-0.041200358,0.427108491,0.331479412,0.290776146,0.124774956,0.312801546,0.131213821,0.134521049,-0.016187028,0.155127236,-0.254199228,-0.062039883,0.129862378,-0.300978253,0.359598849,0.331711849,-0.233613358,0.402902191,0.052384353,-0.082926539,-0.135495634,0.281172105,0.122836803,0.351222761,0.250874536,-0.30696784,0.378932171,0.495148327,0.050015639,0.04039966,-0.040044789,0.289872436,0.035935884,0.508370712,-0.252139542,0.368671696,0.282059945,0.173280456,0.136685049,-0.089958898,0.271053919
KEGG_MEDICUS_REFERENCE_EGF_EGFR_PI3K_NFKB_SIGNALING_PATHWAY,0.310979289,0.22212548,0.233619069,-0.137347419,0.108387588,0.294140602,0.074762529,0.308606015,0.333270587,-0.062677881,0.156396089,0.360534294,-0.257521004,-0.234817349,0.360083229,0.371245232,0.248534846,-0.140145711,-0.412295168,-0.110864097,-0.013205321,0.209898638,0.22153531,0.421965495,-0.271890797,0.413982756,0.075763874,0.299989469,-0.446274045,-0.286070067,-0.068287026,-0.033299364,-0.424191341,-0.001252678,-0.256140041,-0.211106119,-0.066076663,-0.638546101,0.05336825,0.371848496,0.277246172,-0.175700217,0.283241077,0.077317643,-0.068971374,-0.254613849,0.259198895,0.303373057,-0.531316649,-0.128344302
KEGG_MEDICUS_REFERENCE_EGF_EGFR_PI3K_SIGNALING_PATHWAY,0.277928268,0.223539378,0.316610986,-0.289082924,-0.095676505,0.076102842,-0.174298625,0.254455383,0.36297971,-0.020798485,0.010862749,0.622179115,-0.058500068,-0.076212585,0.634934485,0.361056053,0.249339246,-0.207802254,-0.225033668,-0.148531553,-0.1697248,0.18095941,0.341624272,0.428112788,-0.125917694,0.363167658,0.036091695,0.193142981,-0.529921473,-0.131074656,0.06640772,-0.018424083,-0.118941467,0.166488912,-0.263600091,0.200104008,-0.092607636,-0.375040581,0.087522029,0.389000219,0.491738938,0.074242505,0.554357813,0.022747574,-0.138969305,-0.097014283,0.39877008,0.303815051,-0.463207784,-0.33374145
KEGG_MEDICUS_REFERENCE_EGF_EGFR_PLCG_CALCINEURIN_SIGNALING_PATHWAY,-0.223361629,0.405561427,0.256813673,-0.077473452,0.082660317,-0.181366982,-0.133827238,-0.268944924,0.412198033,0.075882673,-0.374715679,-0.002137053,-0.035876309,-0.064094589,0.02749892,0.104262383,0.473743532,-0.188796012,-0.41588659,-0.116288214,0.366229229,-0.031295502,0.062009202,0.354434792,0.107154841,-0.047085841,0.008583768,-0.225864716,-0.336833521,-0.007579982,-0.362863554,-0.138368493,-0.353369078,0.068694722,-0.219739343,-0.146047593,0.190942811,-0.236803875,-0.329182894,0.495512821,0.408574788,-0.050331976,0.220026957,-0.16355424,-0.322973203,-0.016265437,0.220292185,0.596968111,-0.032963063,0.099701731
KEGG_MEDICUS_REFERENCE_EGF_EGFR_PLCG_CAMK_SIGNALING_PATHWAY,-0.125230943,0.331514882,0.171823797,0.295184469,-0.247411866,0.042964593,0.03774588,-0.141521772,-0.143043068,-0.098886575,-0.074515318,0.361771332,0.137553529,0.041167623,0.359609501,-0.123294938,0.222808425,-0.243812619,-0.411835738,-0.084726769,0.186548681,0.268756772,-0.168922402,0.020415833,0.057044672,0.166422406,-0.050752066,0.141863779,-0.261966283,0.128101995,-0.141761341,0.002612512,-0.389996854,0.140852849,-0.172101656,0.170933071,0.322531715,-0.227233602,-0.116233638,-0.041937316,0.419706417,-0.032447807,0.343156462,-0.316955981,-0.359380146,0.024705523,-0.099146713,0.498743752,0.069261333,-0.27752241
KEGG_MEDICUS_REFERENCE_EGF_EGFR_PLCG_ERK_SIGNALING_PATHWAY,0.273503551,0.397121756,0.147685567,-0.222338916,0.010894833,0.035561445,-0.197424348,-0.135233437,0.163728861,-0.089484945,0.269450027,0.047982776,-0.047082592,0.322748289,0.425168198,0.133329196,0.283717865,-0.297937929,-0.125474627,-0.32367528,-0.297771822,0.193672835,0.239517006,-0.132150106,-0.321140548,-0.19499002,0.328470234,-0.397063307,-0.550267049,-0.131099075,-0.303864655,-0.32526288,-0.381114483,0.008142557,-0.467208149,-0.378003514,-0.334559347,-0.538000132,0.051828733,0.425566723,-0.053639155,-0.258222736,0.095143977,-0.566429339,-0.461172687,-0.13422932,-0.080875305,0.397849184,-0.345426712,-0.493593906
KEGG_MEDICUS_REFERENCE_EGF_EGFR_RAS_ERK_SIGNALING_PATHWAY,0.399716394,0.290631737,0.372640042,-0.149175258,0.102005874,0.148776901,0.141857839,0.244756231,0.310181433,0.212662506,0.146064848,0.407343123,-0.088347291,0.161920221,0.276266912,0.32485134,0.347722598,-0.205171714,0.349355808,-0.300027906,0.012168632,0.257251439,0.277755153,0.330143205,-0.194964869,-0.1015197,0.337554094,-0.526044065,-0.54617279,-0.226799684,-0.448054225,-0.166627725,-0.24283763,0.087778336,-0.341011636,-0.257121866,0.040292449,-0.558715016,0.030302687,0.30908145,-0.04717371,-0.030848656,0.042021704,-0.253368381,-0.32156655,-0.126389867,0.0295743,0.067997319,-0.57516366,-0.47808629
KEGG_MEDICUS_REFERENCE_EGF_EGFR_RAS_JNK_SIGNALING_PATHWAY,0.373927035,0.571865691,0.213646245,-0.191903541,0.265141386,-0.183058847,-0.110929451,0.230777113,0.627911319,-0.097560101,0.270268219,0.437687967,-0.313760778,-0.033801783,0.099755926,0.413019465,0.46670665,0.069384471,0.258951602,-0.162031804,0.380887434,0.154291303,0.010144671,0.514320143,-0.08253175,0.128467399,0.263186936,-0.050393928,-0.289800185,-0.188118271,-0.250905102,-0.143461556,-0.426448338,-0.098762642,-0.056354054,-0.066223721,0.118075046,-0.324770338,-0.257710842,0.227585171,0.071422122,0.066197067,-0.262059618,-0.046325638,-0.328586106,-0.262263081,0.346302766,0.267372579,-0.458101791,-0.142651437
KEGG_MEDICUS_REFERENCE_EGF_EGFR_RAS_PI3K_SIGNALING_PATHWAY,0.177384023,0.371847843,0.4100235,-0.004133772,0.010812888,0.130037302,-0.069321467,0.264243623,0.351285981,0.092786509,-0.035515776,0.594953848,-0.134440012,-0.134466888,0.458797818,0.464348499,0.39659111,-0.108759219,0.121713363,-0.154066011,0.187590971,0.272097909,0.049452744,0.566079982,-0.183042664,0.329178501,0.254189889,-0.226630087,-0.428428865,-0.347370494,-0.20220345,-0.149302063,-0.153704528,-0.024893216,-0.319979672,0.115001951,0.180610438,-0.365914673,-0.054429316,0.253144459,0.275739125,-0.043137848,0.295127968,0.175561334,-0.068503439,-0.151516813,0.201720286,0.201571425,-0.513848353,-0.433815301
KEGG_MEDICUS_REFERENCE_EGF_EGFR_RAS_RALGDS_SIGNALING_PATHWAY,0.231968882,0.456098943,0.434126185,0.191451365,0.123005483,-0.158110953,0.069405896,0.379229019,0.454424063,0.19667443,0.489640887,0.488756977,-0.283866129,0.065693062,0.30505684,0.283161037,0.41653483,0.196078042,0.48476291,-0.306749819,0.0738512,0.346026644,-0.021963901,0.551356065,-0.227751898,0.07308807,0.263209213,-0.193427714,-0.292506308,-0.439212167,-0.227049305,-0.145801215,-0.221001749,-0.153772156,-0.244169916,0.014040006,0.449276262,-0.476939247,-0.062683473,0.299180602,0.026405941,-0.282454674,0.188252621,0.028544809,-0.173330092,-0.188305201,0.231985127,-0.3022139,-0.339441229,-0.321425918
KEGG_MEDICUS_REFERENCE_EGF_EGFR_RAS_RASSF1_SIGNALING_PATHWAY,0.056476301,0.461639365,0.359559095,0.041641119,-0.100661815,-0.003862257,-0.121998553,0.289616079,0.433605915,-0.038439551,0.176272124,0.423330098,-0.384735364,0.142021765,0.106257699,0.371510619,0.397827957,-0.071727096,0.150004973,-0.006769779,0.113021386,0.490426141,0.022131023,0.438193042,-0.374384054,0.254439401,0.290525723,-0.379624405,-0.25505098,-0.338417656,-0.301178084,-0.256707177,-0.373733808,-0.189459712,-0.380053846,-0.261780507,0.329423889,-0.500747228,-0.313328992,0.281546518,-0.119277784,-0.444434422,-0.125463357,-0.235665233,-0.316212847,-0.246293012,0.121846465,0.309164611,-0.351525315,-0.405704784
KEGG_MEDICUS_REFERENCE_EGF_ERBB2_RAS_ERK_SIGNALING_PATHWAY,0.397506467,0.361694686,0.327775882,-0.098060982,0.209795833,0.148440272,0.173730271,0.23893824,0.309567331,0.232719669,0.162608905,0.45461401,-0.016455573,0.086493957,0.318837511,0.329808858,0.325013241,-0.141238422,0.34035415,-0.253404922,0.187352891,0.21015627,0.207091499,0.4295574,-0.190838022,0.003322697,0.328680505,-0.529715679,-0.557359697,-0.252295882,-0.409162894,-0.22434111,-0.244784448,0.181227419,-0.355307983,-0.27270564,-0.044683368,-0.555339761,-0.047666763,0.233270134,-0.093496568,0.045532767,0.042123075,-0.02731445,-0.319566498,-0.196881394,-0.031546523,0.042248368,-0.589028689,-0.490392072
KEGG_MEDICUS_REFERENCE_EGF_JAK_STAT_SIGNALING_PATHWAY,0.033597254,0.548308672,0.352663318,-0.1133015,0.088283315,-0.010180331,-0.702948706,0.531858737,0.286450366,-0.001221742,0.317630737,0.195348821,-0.359082053,-0.077636017,0.765511527,0.563639588,0.431211632,0.231945951,-0.647775472,-0.298807824,0.337507612,0.179029174,-0.259971157,0.368062837,-0.519948462,0.049273531,0.089953988,0.501343973,-0.41598938,-0.65681843,-0.215903442,-0.484961948,-0.638609421,0.489872988,-0.391469103,-0.388480418,0.093150483,-0.560518467,0.101434889,0.563751265,0.149625485,-0.374424691,0.125530187,-0.316705144,-0.556377651,-0.275127184,0.497797679,0.620880955,-0.220809891,-0.2455605
KEGG_MEDICUS_REFERENCE_ELECTRON_TRANSFER_IN_COMPLEX_I,0.286637719,-0.476449779,-0.219132259,-0.526140645,-0.350345185,0.324198163,0.208684276,0.405263168,-0.326006693,0.535898451,-0.06288811,-0.265695394,0.222798804,-0.55993744,-0.368128173,0.169321398,-0.368364856,0.619182471,0.37151438,0.173167177,-0.545378196,-0.11626251,-0.178371446,-0.472699079,0.010244728,0.066283572,-0.547143945,-0.317990635,0.389567676,0.448341531,0.209699525,0.571499959,0.357392051,0.388585342,0.488672825,0.498651892,0.360089445,0.555001914,0.172921794,-0.388011207,-0.138296897,0.49875234,0.267178851,0.001382599,0.43983011,0.457860159,-0.424775997,-0.515733435,-0.001951891,0.391667746
KEGG_MEDICUS_REFERENCE_ELECTRON_TRANSFER_IN_COMPLEX_III,0.374964647,-0.381169454,-0.215016286,-0.575258797,-0.529049102,0.202496124,0.451151994,0.597072479,-0.300162863,0.556089737,0.147395879,-0.065922149,0.459208676,-0.763169331,-0.667806093,0.224050457,-0.37094796,0.731622115,0.561760309,0.602555356,-0.564560827,0.13156078,-0.25728988,-0.569738298,0.078542969,0.157691379,-0.5369941,-0.165590188,0.621585384,0.511075591,0.497794127,0.700133349,0.623689033,0.320768377,0.753116938,0.662475418,0.546392193,0.772689794,0.486184723,-0.329656126,0.128464386,0.741172645,0.567540831,-0.132877016,0.529688704,0.614302196,-0.37411108,-0.585649318,-0.327679286,0.546529249
KEGG_MEDICUS_REFERENCE_ELECTRON_TRANSFER_IN_COMPLEX_IV,0.199193432,-0.358130256,0.10859608,-0.16419041,-0.383271376,0.332321884,0.201134026,0.476593141,-0.153401864,0.607249286,-0.038643871,-0.357407953,0.528866981,-0.696937413,-0.552494797,-0.107455866,0.088207197,0.723539646,0.585717102,0.233788981,-0.527850238,-0.368289694,-0.389947145,-0.608926498,0.227884756,0.028852731,-0.440266958,-0.283788561,0.602912038,0.225546443,0.26131032,0.604119367,0.38059168,0.420347613,0.485698385,0.623771247,0.46478602,0.607114246,-0.006311115,-0.194697598,0.350428784,0.650101324,0.495974274,0.030375264,0.507324632,0.567677329,-0.640068589,-0.275403484,0.228382918,0.57675756
KEGG_MEDICUS_REFERENCE_EP_NE_ADRB_CAMP_SIGNALING_PATHWAY,0.061809317,0.162439184,-0.246951768,0.029692216,0.328526139,-0.442553763,0.120730289,-0.45211488,-0.240972127,0.120734612,-0.390760078,-0.120310851,-0.017225934,-0.035974553,0.380385547,-0.37200377,0.309893863,-0.372272528,-0.424205435,-0.195000922,0.296935928,0.036917931,0.001893883,-0.038342896,0.203432814,0.339200554,0.12874646,0.168190952,-0.386497588,-0.363121616,-0.192007264,-0.424548509,-0.359242284,-0.150832225,-0.195312863,-0.345389009,-0.537210663,-0.441985184,-0.337354934,0.520029026,0.422475433,-0.086493773,-0.103091364,-0.360163794,-0.07420116,-0.267479156,-0.165562055,0.332847667,0.1319869,-0.222976324
KEGG_MEDICUS_REFERENCE_EREG_EGFR_PI3K_SIGNALING_PATHWAY,0.317390609,0.018097839,0.430740646,-0.337325492,-0.20401932,-0.011598027,0.025317826,0.166561343,0.054366351,-0.278114622,0.103533418,0.391324405,-0.29727906,-0.001081021,0.622665468,0.496547299,0.105263158,-0.174292144,-0.209847913,-0.44748036,0.055830266,-0.056601452,-0.023938431,0.635838782,-0.39210729,0.414260185,0.247791081,-0.39320642,-0.462622273,-0.469958742,0.085736892,-0.342438923,-0.318977288,-0.401253271,-0.50282706,-0.008926858,0.166135782,-0.3899097,-0.08401166,0.357443052,0.238685482,0.178056968,0.388712841,0.139213311,-0.14023378,0.158975657,0.424525682,0.026117858,-0.540458362,-0.572010415
KEGG_MEDICUS_REFERENCE_EREG_EGFR_RAS_ERK_SIGNALING_PATHWAY,0.174100972,0.172729257,0.429439606,-0.152891784,-0.085744898,0.091299402,0.270293141,0.180146153,0.230342229,0.259948341,0.252244803,0.369600902,0.098462712,0.169126179,0.35000582,0.41512049,0.320074463,-0.099875094,0.388820056,-0.332305934,0.118045219,0.199210747,0.20499108,0.55314546,-0.219138657,-0.168398827,0.367034052,-0.540020483,-0.443209525,-0.152219847,-0.345542134,-0.221019074,-0.156120316,-0.146166456,-0.412329777,-0.099796097,0.097649993,-0.499837931,0.094081957,0.316106665,-0.049564702,0.081118759,0.150366533,-0.098721648,-0.234064933,3.51E-05,0.007475756,0.065069626,-0.511290263,-0.600144084
KEGG_MEDICUS_REFERENCE_ERK_RSK_SIGNALING,0.525093329,0.37675587,-0.049935779,-0.619921624,0.626402396,-0.042185165,-0.251982385,-0.253154198,-0.071898772,-0.441313544,-0.140581909,0.455296647,0.609868809,0.306995635,0.173548919,-0.52896674,0.075170855,-0.499758166,-0.247995574,0.145319368,0.420320392,-0.549431443,0.143474642,0.242107786,-0.309361988,-0.191927855,0.728810181,-0.414370207,-0.230080707,0.374747647,-0.40007175,-0.393854686,-0.253432776,0.775401552,-0.326747692,-0.414651429,-0.522654434,-0.706596701,-0.198528623,0.735499049,-0.141345897,0.705444039,-0.221686125,-0.527388663,-0.405524065,-0.402849197,0.572551786,0.197278825,-0.367814499,0.342981564
KEGG_MEDICUS_REFERENCE_ESTABLISHMENT_OF_COHESION,-0.481444972,0.2976572,0.555168582,-0.480795448,0.012433207,-0.292742693,0.266394967,-0.067485567,0.55508755,0.318295644,-0.621383018,-0.110098367,-0.355438463,-0.344154057,0.169168729,0.576843245,0.475311411,-0.377155921,-0.224117939,0.112173992,0.522690633,0.390566882,0.194348246,0.582207285,-0.472131741,0.319706108,0.396341229,0.237949415,-0.435604712,-0.48027108,0.018370081,-0.378027729,-0.203591734,-0.253970655,-0.498923707,-0.559644566,-0.580415879,-0.255381845,0.112145084,-0.32166253,-0.043407635,-0.532414019,-0.121550024,0.530222244,0.371858379,-0.666034017,0.228968027,0.336053005,-0.648858406,-0.443147429
KEGG_MEDICUS_REFERENCE_EXTRINSIC_APOPTOTIC_PATHWAY,0.12725375,0.31951542,0.258696013,-0.373497613,0.231079672,0.235330239,-0.063689463,0.264410959,0.487893502,0.105705001,0.496688796,0.034802832,0.336361708,0.189822396,0.216681513,-0.10065714,0.321611532,-0.023768081,-0.437565056,0.455407696,-0.343356881,-0.220584035,-0.010327332,-0.168306701,0.087331161,0.139614645,0.563954704,0.088905656,0.166559287,0.053163076,0.162475455,0.111272785,0.301566628,0.178940274,-0.02054465,0.204555168,0.349984564,-0.296706724,-0.083018215,-0.540527289,0.063693644,0.058422561,-0.111632557,-0.22868179,-0.131054157,0.211479218,0.183598559,-0.126668536,0.36357525,-0.122755691
KEGG_MEDICUS_REFERENCE_FANCONI_ANEMIA_PATHWAY,-0.012114055,-0.504133091,0.399231904,-0.097974814,-0.452724775,0.288764709,0.083075235,0.214671532,-0.103113257,0.573946133,0.161540519,0.121086862,-0.563467479,-0.410015693,-0.168508004,0.487354098,-0.67648547,0.150900184,0.424894154,0.347949035,0.232141201,0.118608853,-0.168473351,0.217500277,-0.36697885,0.000401873,-0.054885978,-0.324427937,0.160931998,-0.21342032,0.163172844,0.335720386,0.042965504,-0.353995546,-0.165897058,0.041556268,0.372467005,0.462724417,0.260499957,-0.700680152,-0.498267343,0.089240195,0.290510697,0.434427015,0.57904251,0.216815958,-0.517283582,-0.533648859,-0.609105452,-0.333151883
KEGG_MEDICUS_REFERENCE_FASLG_RIPK1_3_SIGNALING_PATHWAY,0.519167495,-0.00716811,0.625343415,0.062889109,-0.279844272,0.296831764,-0.486209753,-0.201134652,0.03523392,0.101451113,0.577059489,-0.103563235,0.534842321,0.387056602,0.597817023,-0.503006179,0.141651523,0.296979789,-0.402799538,0.2561838,-0.668621734,0.548973612,0.418138319,0.405529587,-0.232299918,-0.14912674,0.711810882,0.417383328,0.32655444,0.18655348,0.55446381,0.265420444,0.369502583,0.212321111,-0.126680502,0.499041935,0.838317453,-0.407792911,0.532742263,0.200279018,0.052243495,-0.026676279,0.328315747,-0.589669849,0.030378138,0.131333148,0.243365218,-0.131380688,0.384504795,0.163224594
KEGG_MEDICUS_REFERENCE_FAS_JNK_SIGNALING_PATHWAY,-0.045406887,0.425091041,0.375812171,-0.134037079,-0.466649002,0.022120739,-0.565111402,0.387124786,0.437183644,-0.026983124,0.089631163,-0.193694058,0.295176073,0.009168163,-0.001788213,-0.163703637,0.101125787,0.016063532,-0.376038451,0.044256534,-0.091583531,0.531736765,0.537442567,0.148745427,0.156860368,-0.480927389,0.503219712,0.643702883,0.314395773,0.285502083,0.352983004,0.075895677,-0.193681744,-0.224305558,0.334245835,0.194642927,0.143646399,0.158288963,0.337901322,0.293342598,0.320032665,-0.077446663,-0.036033998,-0.504474757,-0.624489537,-0.138589252,0.040713931,0.354711862,0.323927136,0.145225839
KEGG_MEDICUS_REFERENCE_FE3_FERRITIN_TRANSPORT,0.125988524,0.126262982,0.058377696,0.617553885,0.633737602,0.885950237,-0.018677253,0.598606938,0.004075883,-0.031309212,0.682805385,0.328200824,0.684276424,-0.104526861,-0.073896959,0.140247971,0.240259046,0.425516557,-0.257150591,0.560588288,0.585507173,0.630368576,0.582326833,-0.003643672,0.47198412,0.17947953,0.754153381,0.139870709,0.699630064,0.646666065,0.608319047,0.722159473,0.507044997,0.771320609,0.6079008,0.794280891,0.634522843,0.696530767,0.650604808,0.735905761,0.527564739,0.732854897,0.722638275,-0.233035301,0.653578947,0.635074751,-0.65739237,0.075673149,-0.502071464,0.529930895
KEGG_MEDICUS_REFERENCE_FE_TF_TRANSPORT,0.139533401,-0.409560794,-0.465253906,0.305332478,-0.526146225,0.429401225,0.008842574,0.40538606,-0.225609111,0.65944013,-0.419300863,0.22728921,0.425402215,-0.016324514,-0.027522943,0.3151199,-0.101331144,0.060004768,0.243442418,0.042327496,0.375135887,0.60135384,0.184431001,-0.263396309,0.155237901,-0.053121683,0.530002915,0.324144991,0.705291913,0.180611093,-0.1609963,0.429041381,0.277742343,0.208677508,-0.26736476,-0.05477845,-0.300465047,0.253098407,0.158271435,0.45229125,0.418845765,-0.006046386,-0.137880239,-0.099044269,0.218109601,-0.135283995,0.203283019,-0.209387348,0.232270094,0.241423876
KEGG_MEDICUS_REFERENCE_FGF_FGFR_PI3K_SIGNALING_PATHWAY,-0.33076818,0.041524415,-0.08368071,0.195595208,-0.065025997,0.045039264,-0.105598668,-0.436574755,-0.219036127,-0.471172123,-0.456419252,0.119246176,0.137918634,0.197520811,0.407716762,0.200529954,0.143027337,-0.186303836,-0.420232315,-0.358184595,0.224466167,0.407306251,-0.439684419,-0.111155232,-0.042698207,0.431883773,0.185669648,-0.042047878,-0.302745464,-0.357130214,0.015332175,-0.274145261,0.017473425,-0.221390027,-0.219561422,0.096160213,-0.259465793,-0.061205752,-0.353540076,0.464531585,0.422344985,0.224410131,0.316541948,0.411618003,0.114995146,-0.155339471,0.216646042,0.367671808,-0.051350857,-0.155735213
KEGG_MEDICUS_REFERENCE_FGF_FGFR_RAS_ERK_SIGNALING_PATHWAY,-0.401724136,0.102569497,0.023580291,0.32680755,0.00448572,0.072177491,0.156538915,-0.293682054,0.001034052,-0.181564276,-0.283268043,0.20406551,0.318674969,0.282631997,0.13945553,0.119250331,0.323622091,-0.144364256,0.043932083,-0.312735819,0.295970964,0.502530759,-0.172890203,-0.049185772,0.022850069,0.168929239,0.254940389,-0.293834042,-0.25950337,-0.12194054,-0.277918611,-0.244916896,0.160485156,0.036761034,-0.202594247,0.02838227,-0.179752485,-0.217659102,-0.180676086,0.423576524,0.343388591,0.149776673,0.156672595,0.253629367,0.027262429,-0.2281046,-0.043065262,0.324625572,-0.002103198,-0.241919068
KEGG_MEDICUS_REFERENCE_FLCN_MTORC1_SIGNALING_PATHWAY,-0.193941363,0.057090601,-0.252045339,0.232138641,-0.396849632,0.429243811,0.307318841,-0.069306982,-0.590170405,0.550311956,0.077688529,0.127976358,-0.409573435,-0.467543589,-0.296937884,0.104339032,-0.243668247,0.026744763,-0.205952963,-0.391593885,0.217301369,-0.301259867,0.133422764,0.036574708,-0.188479406,-0.199131952,-0.119309966,-0.33288171,-0.401436319,-0.191598333,-0.045143765,-0.429433696,-0.611980679,0.341872513,-0.37130282,-0.318258689,-0.286329865,-0.045817915,0.385650212,0.302858808,0.090667904,0.366449503,0.115112698,0.355156222,-0.218497998,-0.089416952,0.306222289,-0.340334137,-0.683971273,-0.571338724
KEGG_MEDICUS_REFERENCE_FLT3LG_FLT3_RAS_ERK_SIGNALING_PATHWAY,0.251419477,0.367600054,0.368369651,-0.031582282,0.106459423,0.210774959,0.284703983,-0.006927244,0.230128202,0.292795917,-0.003685114,0.312855273,0.047072581,0.052910557,0.145882526,0.166697353,0.455087832,-0.217169392,0.311793513,-0.174623025,0.224316296,0.184868644,0.072326987,0.498865147,-0.056078839,-0.227832455,0.437713873,-0.476247231,-0.440714346,-0.156429419,-0.397689529,-0.244700006,-0.222464896,-0.034516647,-0.33444159,-0.216031005,0.013525571,-0.512803109,0.096526191,0.310055744,-0.035055796,-0.08120201,0.043284534,-0.068648905,-0.208459386,-0.150100199,-0.154265381,0.218254367,-0.484179171,-0.518753754
KEGG_MEDICUS_REFERENCE_FLT3LG_FLT3_RAS_PI3K_SIGNALING_PATHWAY,0.092643779,0.424911804,0.35786911,0.220800779,0.067432197,0.042501346,0.057573068,-0.041249335,0.222775576,-0.096787556,-0.210008656,0.405788044,-0.160816825,-0.172205165,0.415911926,0.362856365,0.371021239,-0.232457353,-0.147185415,-0.256218421,0.382741876,-0.053692099,-0.352069135,0.67549526,-0.221644003,0.314353999,0.433814707,-0.244102975,-0.423437812,-0.498067527,-0.179140102,-0.316660545,-0.386329447,-0.300000647,-0.445002836,-0.042288828,0.021648669,-0.421080467,-0.141606143,0.270211965,0.163758388,-0.242115427,0.050763231,0.334474364,-0.107319336,-0.230631859,0.246558694,0.331038368,-0.437715277,-0.496759343
KEGG_MEDICUS_REFERENCE_FSHR_GNAS_PKA_SIGNALING_PATHWAY,0.065882257,0.263911455,-0.328648386,-0.061983142,0.316041263,-0.176329992,0.032946964,-0.399022087,0.023008124,0.304488479,-0.424550647,-0.132771811,-0.04621341,-0.10781407,0.375600224,-0.201212416,0.325952353,-0.246849887,-0.080908953,0.077032527,0.306637105,-0.128724737,0.07266069,-0.217148073,0.14796425,0.474995685,0.123809774,0.047980221,-0.212398822,-0.524866707,-0.179802219,-0.375593132,-0.351463581,-0.161888479,-0.249621653,-0.439460899,-0.553139006,-0.431973686,-0.363607203,0.495094916,0.236842331,-0.24846857,-0.189694871,-0.068677652,-0.087461816,-0.342950609,-0.28884579,0.27421222,-0.116892489,-0.266528838
KEGG_MEDICUS_REFERENCE_GATOR1_MTORC1_SIGNALING_PATHWAY,0.092438277,0.38695091,-0.259188646,-0.016723497,-0.335723939,0.262810259,0.254817254,-0.17634086,-0.458388693,0.605683608,0.00292584,0.110002897,-0.47301694,-0.412047402,-0.291205643,-0.123302725,-0.286463969,-0.250681319,-0.057298954,-0.396635941,0.271453064,-0.13445491,0.403715628,0.191954949,-0.132753156,-0.241343658,-0.106388532,-0.589569126,-0.387609325,-0.086407153,-0.203623603,-0.413204903,-0.460768649,0.206064223,-0.294917037,-0.386025248,-0.425488991,-0.209990382,0.51978202,-0.156384806,-0.150056968,0.22990262,-0.124841352,0.444050784,-0.286981352,0.095001802,0.118142262,-0.371319518,-0.52556069,-0.445205125
KEGG_MEDICUS_REFERENCE_GENE_SILENCING_BY_METHYLATION_OF_H3K27_AND_UBIQUITINATION_OF_H2AK119,-0.053434997,0.210061676,0.110086535,-0.098292272,-0.077547154,0.186065271,0.153036732,-0.00466336,0.204240089,0.354121647,-0.110169803,0.03438604,-0.359237763,-0.300406755,-0.443175546,0.146909636,-0.268446382,-0.179061972,0.038493651,0.027158994,-0.006879095,-0.366675714,0.061607588,0.312813248,-0.18300765,0.178161164,-0.216767505,-0.212918097,-0.32973315,-0.139204483,-0.120769029,-0.114724323,-0.07351393,-0.374539932,-0.321304995,-0.235979119,0.121297411,0.058013513,0.018222434,-0.442331623,-0.314491341,-0.03175888,0.035142026,0.340681929,0.137325805,-0.13152014,0.046543488,-0.173327093,-0.381020514,-0.302410756
KEGG_MEDICUS_REFERENCE_GF_RTK_PI3K_SIGNALING_PATHWAY,-0.291973658,-0.098555916,-0.125874804,0.35230832,0.12370515,-0.321453758,-0.111604914,-0.25724737,0.046519604,-0.498263976,-0.205694174,0.228458167,0.280930117,0.310988608,0.108064544,-0.132848533,0.29104883,-0.163676718,-0.113178391,-0.339943112,0.191711361,0.069778901,-0.314095517,-0.141584958,0.358724469,0.083928953,-0.197591879,0.105259853,-0.208879435,-0.244061335,-0.139272125,-0.201386501,-0.024688339,0.11726994,-0.05201802,0.088904324,-0.233503456,-0.134837756,-0.323749758,0.382599021,0.424651291,-0.063294456,0.166879293,-0.1533918,-0.315442412,-0.288359543,0.373762315,0.442208665,0.297368953,-0.073244753
KEGG_MEDICUS_REFERENCE_GF_RTK_RAS_ERK_SIGNALING_PATHWAY,-0.23589625,-0.022230595,-0.1129286,0.259442872,0.048384927,-0.265844236,-0.008635585,-0.13795672,0.115868969,-0.409967225,-0.12001926,0.155666878,0.262877613,0.331186221,-0.02166645,-0.074723892,0.316869699,-0.056278957,0.152032054,-0.357678698,0.153322914,0.055703187,-0.186727027,-0.083608816,0.341756625,0.062649882,-0.196535599,-0.111426389,-0.25214528,-0.24294843,-0.221158229,-0.166871942,-0.032686632,0.04900718,-0.111308653,0.036030811,-0.169015197,-0.161487162,-0.186019975,0.354235989,0.338312011,0.002399624,0.168141257,-0.154755531,-0.283093575,-0.243643274,0.316459351,0.349401911,0.22607862,-0.181744388
KEGG_MEDICUS_REFERENCE_GF_RTK_RAS_PI3K_SIGNALING_PATHWAY,-0.286635413,-0.063384686,-0.065869955,0.353065424,0.127601609,-0.311847966,-0.104879488,-0.201404307,0.104328934,-0.461399285,-0.189659424,0.265181088,0.247917194,0.285765841,0.103851808,-0.066689493,0.295635329,-0.14790411,-0.053027451,-0.334471184,0.235589999,0.089061995,-0.311125958,-0.051994757,0.309162924,0.103980023,-0.128308342,0.007175423,-0.216493215,-0.268572412,-0.183695127,-0.193553253,-0.061111827,0.086491394,-0.083844876,0.057148087,-0.170981151,-0.161022481,-0.324579634,0.365040302,0.400517926,-0.076053761,0.15165878,-0.105593675,-0.282630884,-0.286596592,0.355406707,0.416361596,0.246063782,-0.146972511
KEGG_MEDICUS_REFERENCE_GHRHR_PKA_GH_SIGNALING_PATHWAY,-0.187375954,0.414653414,-0.119121415,-0.05510712,0.276310054,-0.091818106,0.08773198,-0.41961046,0.354576644,0.088150087,-0.073703429,-0.010377425,-0.030046289,-0.177285168,0.115180702,-0.377015024,0.24352209,-0.49872156,-0.102827898,0.183499483,0.186094321,0.026204983,0.018613677,-0.04017438,0.097324263,0.398904731,0.223418603,0.100463033,-0.296625135,-0.334620531,-0.073198785,-0.328115933,-0.219637282,-0.063990282,0.000608195,-0.39185564,-0.437873086,-0.29339885,-0.012067896,0.2931049,0.124335501,-0.263241785,-0.139490079,0.213067207,-0.218932592,-0.288494009,0.142949727,-0.042044617,-0.365430165,0.004614499
KEGG_MEDICUS_REFERENCE_GH_JAK_STAT_SIGNALING_PATHWAY,-0.57609005,0.31335234,0.148864557,0.455148091,-0.187622242,-0.575850757,0.084078967,-0.700733477,-0.350740653,-0.112785347,-0.220177623,-0.659520493,0.241180186,0.429416691,0.576718684,-0.201392967,0.635031445,-0.54816073,-0.170992783,-0.29280011,0.435168194,0.096522869,-0.440937099,0.013193222,0.452047043,-0.325498044,0.084828856,0.385734379,0.395034099,-0.255724444,-0.311334263,-0.494158215,0.281831576,-0.104197613,-0.346374322,-0.081712207,0.210047157,0.085209997,0.07841375,0.646034467,0.660831905,0.029455876,0.095912659,-0.14978753,-0.511052964,-0.166595802,-0.002084296,0.847153298,0.594878298,-0.140204404
KEGG_MEDICUS_REFERENCE_GLOBAL_GENOME_NER,0.46622708,0.142331242,0.143782945,-0.226635068,0.176428221,-0.00756147,-0.058401519,0.444651649,-0.122836281,0.358660979,-0.422846593,0.140063641,0.010224824,-0.526957769,-0.286203602,0.648536244,-0.40921926,0.054195646,-0.06972385,0.002577607,-0.147341596,0.608948516,0.246824525,-0.00118771,-0.178234104,-0.499887187,-0.154867672,0.063770965,0.075492896,0.266589258,0.065441632,0.253845956,0.483807585,-0.13650776,0.341683731,0.151093113,0.340348816,0.479184773,0.579591177,-0.365305128,-0.025833258,0.182621684,0.365764087,0.482504641,0.331039506,-0.187025109,-0.015672745,-0.400447338,-0.294620443,0.587522529
KEGG_MEDICUS_REFERENCE_GLUCONEOGENESIS,0.745306964,-0.482955197,0.046015573,-0.652928775,0.650745172,0.709690017,0.136110487,0.148119506,-0.260819349,0.751165798,0.464273624,0.388900498,0.011786858,-0.530043306,-0.034146105,0.288930548,-0.40618823,0.500008174,0.501120599,-0.036994348,-0.249054357,0.035279301,0.294348165,-0.142275988,-0.451811499,-0.309779748,0.144170798,0.157163479,0.424290735,0.540227583,0.55785139,-0.072688619,-0.030002565,0.038343558,0.024644917,-0.063024147,0.541501263,0.094018746,0.52744781,0.084329481,-0.148773006,0.137452137,0.325280258,0.310985136,0.237171872,0.670154022,0.032774701,-0.704423444,-0.724995928,0.434567376
KEGG_MEDICUS_REFERENCE_GLUTATHIONE_BIOSYNTHESIS,0.08952039,-0.505866554,-0.277975459,0.282004695,0.050431234,0.663135868,-0.210887769,0.442427176,-0.374424757,0.345337705,0.344437753,0.078915813,0.078743856,-0.215002049,-0.300606737,-0.105455591,-0.272631544,0.588308282,0.36999811,-0.353230279,-0.471282133,-0.22860954,0.409947533,-0.605480577,0.3100483,-0.400307905,-0.51776993,-0.069946745,0.453963313,0.314104177,0.405857461,0.733209787,-0.020219285,-0.305041272,0.659082069,0.578044186,0.376026259,0.628691368,0.128694762,-0.05348042,0.708923034,0.539039596,0.1517672,-0.413371726,0.557851671,0.506291113,-0.327614029,-0.025700691,-0.094322592,0.781826642
KEGG_MEDICUS_REFERENCE_GLYCOGEN_BIOSYNTHESIS,0.640834967,-0.105144007,0.191095782,0.503176153,0.380053727,0.309179183,0.41792708,0.29101198,0.607980801,0.460139559,0.285917483,0.066156058,-0.014945483,0.053685825,-0.301026741,0.826406699,0.316675194,0.344165624,0.183766473,-0.17284484,0.806449667,-0.107530505,0.34164231,0.280211793,0.062618968,0.003278874,-0.332680208,0.175791595,-0.063017052,0.144314311,0.051398313,0.100040724,0.34394113,0.210181423,-0.03825679,0.17164984,0.220520389,0.253541214,0.095551746,-0.044423558,0.503525175,0.209618881,0.430563006,-0.293352344,0.130054193,-0.236573774,-0.430833882,-0.289974007,-0.308036158,0.224886818
KEGG_MEDICUS_REFERENCE_GLYCOGEN_DEGRADATION,0.340948749,-0.384398153,0.211038882,0.031511563,-0.088174762,-0.199783983,0.047379599,0.609397937,0.059268596,-0.00145551,-0.019858175,0.668737652,0.144120567,-0.122454091,0.248133307,0.523215669,-0.157551303,0.43296794,-0.443221085,-0.367849022,0.12995217,0.263354569,0.426860393,0.034699659,0.034453547,0.205548528,-0.295626101,0.595264982,-0.281452719,-0.497428642,0.32320369,-0.122388559,0.098771296,0.174761431,-0.343224508,0.241397612,0.402502679,-0.361405938,0.352558006,0.280277675,0.319513486,0.067362619,0.350716017,0.270163239,0.316737541,0.237321077,0.282508905,0.182806083,0.045858309,0.199569202
KEGG_MEDICUS_REFERENCE_GLYCOGEN_DEGRADATION_AMYLASE_,0.6086285,-0.657581783,-0.740234442,0.006631262,0.643428151,-0.412393065,-0.63811629,-0.337481916,-0.202799375,-0.703204634,-0.761173432,0.053598998,-0.360553625,0.196505416,-0.28127909,-0.231040679,-0.694477171,-0.625240889,-0.127378302,0.057013983,-0.054682122,-0.308330059,0.596586024,-0.023635544,-0.375462336,-0.629048263,-0.07451402,-0.707983762,-0.289973025,-0.163427325,-0.533243121,0.048128464,-0.413841314,-0.419727367,0.240546495,-0.532792061,-0.516363293,-0.546594497,-0.566786216,0.506450158,-0.732836241,-0.068853482,0.087184875,-0.566452051,-0.930266125,-0.40370008,-0.58235165,-0.159524232,0.518063155,-0.339183689
KEGG_MEDICUS_REFERENCE_GLYCOLYSIS,0.347510091,-0.245320308,0.34816867,0.536036484,-0.255061914,0.09906795,0.514723606,0.524344679,-0.349295955,0.137940379,0.616538978,0.60873648,0.083840202,-0.575956165,-0.068203397,0.575787775,-0.357953228,0.651177764,0.034863666,-0.140205366,-0.208115582,0.326240777,0.542102638,-0.090673918,-0.403316595,0.282433533,-0.155989192,0.135696956,-0.261315177,-0.286518945,-0.042243394,0.350645371,0.222902358,-0.006765514,-0.386278805,0.537074655,0.578430947,0.272348741,0.338052287,-0.417749012,0.309633829,0.185072602,0.661773427,0.317275875,0.427031542,0.311882523,-0.171331175,-0.631572575,-0.197114362,-0.432395577
KEGG_MEDICUS_REFERENCE_GLYCOSAMINOGLYCAN_BIOSYNTHESIS_LINKAGE_TETRASACCHARIDE,-0.40709642,-0.473558128,-0.062778245,-0.366285581,-0.352191438,-0.056874678,0.482597089,0.121853936,-0.448106214,0.582718271,0.019009185,0.640607759,-0.331145405,-0.064833349,-0.287099407,-0.359841545,-0.008323791,-0.452745166,0.395407781,-0.030587386,-0.214169114,-0.300460683,0.538881842,-0.271347722,0.179635919,0.674385471,-0.242685881,-0.582469962,-0.673238215,-0.49900924,-0.724893982,-0.660429688,-0.423506284,0.499840267,-0.114987372,-0.474871425,0.232692362,-0.073243657,-0.575826169,-0.636356941,0.461648932,0.495147534,0.358762663,-0.04926464,-0.652629493,-0.114589983,0.577221676,-0.290646008,-0.099792475,-0.280323163
KEGG_MEDICUS_REFERENCE_GNRH_GNRHR_PLCB_PKC_SIGNALING_PATHWAY,0.208448879,0.106385653,-0.19776939,-0.290966649,0.049549034,-0.274118236,0.009240617,-0.21070386,0.058354371,-0.093008506,0.085817525,-0.278518094,0.431380008,0.402492679,0.181766592,-0.211480775,0.224977416,-0.24173189,0.224236148,0.021732409,-0.155609,-0.069869189,0.226295364,0.140114841,-0.179904209,-0.086824037,0.442661441,-0.357154948,-0.233088814,-0.448680254,-0.262221436,-0.376005775,0.079757991,-0.243114318,-0.558126133,-0.279112466,-0.276840872,-0.423861944,-0.074470062,0.238919017,-0.146369807,-0.341024402,-0.086837298,-0.277202599,-0.327734068,-0.277046961,-0.301954697,-0.058796872,0.103169076,-0.295561515
KEGG_MEDICUS_REFERENCE_GPCR_PI3K_SIGNALING_PATHWAY,-0.393109563,0.336889078,0.132688446,0.35127937,-0.009192033,-0.305482851,0.011811345,0.039131511,-0.257339192,-0.11098337,-0.009180452,0.134403711,0.306698212,0.16448725,0.0676856,0.0599653,0.213980064,0.292018632,-0.070077743,-0.022666561,0.038614911,0.13206147,-0.235950179,-0.027689142,0.38589924,0.204863876,0.10727018,0.118386221,0.115920133,-0.055478938,-0.11146966,0.14848318,-0.029113446,-0.125066314,-0.029928764,0.524573451,0.419665312,0.246220053,0.065885614,0.168011691,0.554579328,0.042531305,0.437324345,-0.347352386,0.022349944,0.35477336,-0.181554926,0.565591088,0.344055135,-0.234285042
KEGG_MEDICUS_REFERENCE_GPCR_PLCB_ITPR_SIGNALING_PATHWAY,-0.018622405,0.014655367,-0.09872588,0.189229499,0.130654705,-0.35738012,-0.125581658,-0.421965898,-0.044037638,-0.496644379,0.086963184,-0.250246013,0.296711537,0.329365395,0.085949579,-0.434553257,0.572646893,-0.284892876,-0.162716875,-0.190449296,-0.249245462,0.045600842,-0.309500462,-0.242305411,0.307911434,0.046583563,0.149438411,-0.035964936,0.067871254,-0.291783004,-0.109232715,-0.19513519,-0.087155523,0.219211143,-0.352812693,0.080091607,-0.034376189,-0.289623508,-0.245931993,0.487005024,0.459988213,-0.123008163,0.271867302,-0.413003445,-0.37736553,-0.01430417,-0.191146549,0.510992243,0.356247783,-0.243502548
KEGG_MEDICUS_REFERENCE_GPI_ANCHOR_BIOSYNTHESIS,0.534173092,-0.22957211,-0.106579451,0.096591764,0.301131489,0.287341366,0.187849885,0.439956514,0.345950603,0.437532711,-0.265439242,0.034898738,-0.07059955,-0.438348408,-0.075749709,0.171579134,-0.312988995,-0.085931628,0.335003907,0.024805783,-0.237421275,-0.116930562,-0.052574148,-0.062797588,-0.156885693,0.114210846,0.02013416,-0.383707036,-0.037795555,0.298552666,0.34857558,0.075728972,0.239606484,-0.175900805,0.363972511,-0.016947595,-0.061331669,0.032026971,-0.007693443,-0.381945688,-0.336437768,0.339808065,-0.063332741,-0.042499861,-0.221938203,0.388380832,0.212683674,-0.610226484,-0.440740946,0.418701615
KEGG_MEDICUS_REFERENCE_HEDGEHOG_SIGNALING_PATHWAY,-0.448756455,-0.002921052,-0.368357119,0.036973189,0.101332056,-0.495741491,-0.621264734,-0.618661521,-0.204961729,-0.369178576,-0.343626971,-0.003104197,0.292819372,0.510153395,-0.191690062,0.016105647,-0.024387021,-0.258865754,-0.365938993,-0.138872362,-0.267473555,0.296056445,-0.221151338,-0.35353111,0.080890738,0.066175332,0.297191515,0.148562278,-0.281997675,-0.527877182,-0.164812293,-0.647003408,-0.267271913,-0.402778334,-0.170523477,-0.374110029,-0.273964938,-0.265446391,-0.448198906,0.465849618,0.523574115,-0.147457258,-0.325967166,0.197205336,0.177882147,-0.57853682,0.200784877,0.674591302,0.522647826,-0.204934349
KEGG_MEDICUS_REFERENCE_HEDGEHOG_SIGNALING_PATHWAY_HH_LIGAND_SECRETION,-0.268860238,0.615825718,-0.762373213,-0.41171163,0.555084363,0.021293873,-0.430623094,-0.436635347,0.57878168,-0.390185057,-0.769848892,0.467662324,0.661616889,0.600922005,-0.411782255,-0.583505336,0.219970326,-0.743818211,-0.662263811,0.400569527,-0.583143131,0.546211654,-0.511793522,-0.722473844,-0.39806661,-0.359743122,0.739920777,-0.089824408,0.091040332,0.523705002,0.162338264,-0.170381014,0.274118405,0.755845142,0.551212519,-0.50984905,-0.537518146,-0.073082207,-0.804509576,0.234351944,0.086709195,0.388452784,-0.550302265,-0.616480497,-0.269867866,-0.585401065,-0.651852964,0.422048914,0.763978221,0.702043864
KEGG_MEDICUS_REFERENCE_HEDGEHOG_SIGNALING_PATHWAY_PTCH_CORECEPTOR,-0.681113062,0.040915898,-0.611695174,0.096169589,0.016576941,-0.57847085,-0.142035999,-0.613628159,0.249731378,-0.290285269,-0.588333255,-0.139314594,0.441778556,0.68543935,-0.150180505,-0.517430469,0.053916996,-0.438776073,-0.358293647,-0.073205815,-0.122261807,0.222659858,-0.611263242,-0.435470378,-0.031010239,0.109469719,0.435304676,0.204989411,-0.067960289,-0.164938649,-0.028406497,-0.584332841,0.168682653,-0.020848375,0.256257566,-0.261645254,-0.440872918,0.001227447,-0.554473021,0.560238042,0.528305315,-0.340405003,-0.46866956,0.099028626,-0.104943656,-0.461543581,0.253048923,0.635568477,0.620307699,-0.022544747
KEGG_MEDICUS_REFERENCE_HEME_BIOSYNTHESIS,0.693526417,-0.229705697,-0.214002715,0.092482929,0.462812751,0.476320482,0.107166502,0.299735372,0.485281272,0.537175326,0.165423297,-0.416480565,-0.215676861,-0.258229573,-0.171122351,0.110701011,-0.507395316,0.121941129,0.302513987,0.298350159,-0.043911517,0.320009901,0.135457131,-0.057184743,-0.228365193,0.243489155,-0.190708918,0.304106562,-0.056376793,0.589869301,0.126341869,0.575951484,0.376040184,-0.312297807,0.359081401,-0.157440531,0.313698664,0.024510689,0.55756504,-0.128582477,-0.409048957,0.408986551,-0.149234064,0.008681224,0.219147699,0.508661175,-0.029088866,-0.781635186,-0.14498758,0.639260883
KEGG_MEDICUS_REFERENCE_HEPARAN_SULFATE_BIOSYNTHESIS,-0.546282091,0.150624966,-0.261998652,-0.015370571,0.19895464,0.00941459,0.330345923,-0.066394006,0.559667036,0.36695084,-0.226283636,0.479230255,0.241943534,0.548432041,-0.294238906,0.033676391,0.593573471,-0.045448172,0.232615277,-0.655019703,0.596662567,0.183184893,0.024912932,0.020486399,0.640780079,0.64474741,0.093231047,-0.233009428,-0.249055468,-0.383357805,0.250980795,-0.541845274,-0.162500964,0.057391462,0.20361903,-0.14900722,-0.398594204,0.272779036,-0.061566906,0.500902527,0.67435063,0.083136198,0.029532702,0.559351256,0.038420209,-0.182262893,0.586570547,0.201012801,-0.54562255,0.37150081
KEGG_MEDICUS_REFERENCE_HEPARAN_SULFATE_DEGRADATION,0.141012627,-0.61081475,-0.305648421,0.46327148,0.40014513,0.616200841,0.16198619,0.44893603,0.245252798,0.116424199,-0.395234893,0.092159383,-0.00943347,-0.271739993,-0.107752008,-0.396392615,-0.246863249,-0.236432358,-0.190695028,0.358854154,-0.07829013,-0.381733458,-0.002779702,-0.29888952,-0.463860134,-0.104406734,0.357158016,-0.621502702,-0.583714226,-0.545142441,0.004297932,-0.587600453,-0.461397153,0.591946814,0.17747099,-0.451340234,-0.545615959,-0.516220717,-0.110278856,0.423714403,0.458392456,0.680107485,0.316782,-0.501158595,-0.477298762,-0.5242661,-0.221292553,-0.377603793,-0.564281979,0.536079707
KEGG_MEDICUS_REFERENCE_HGF_MET_PI3K_SIGNALING_PATHWAY,0.109610286,0.311692175,0.342991488,-0.167442623,-0.053182793,-0.364212188,-0.154887168,-0.276554388,0.144491507,-0.218367794,-0.228080135,0.446326621,0.155055244,0.198752484,0.597435598,0.183343102,0.007097204,-0.300958915,-0.297745592,-0.398906692,0.058637003,-0.051473533,0.203763049,0.65578159,0.267376175,0.116463249,0.250865556,0.240735721,-0.493624171,-0.120105405,0.140819643,-0.112929457,0.046736729,-0.195379562,-0.381411756,0.390780389,0.011283625,-0.229405452,0.349351585,0.511523576,0.534052241,0.305288686,0.630055956,-0.014639367,0.260219125,-0.18705915,0.327933937,0.433025692,-0.432337459,-0.418134563
KEGG_MEDICUS_REFERENCE_HGF_MET_RAS_ERK_SIGNALING_PATHWAY,0.209100622,0.38204807,0.3706357,-0.121513314,0.179891255,-0.050941436,0.126210933,0.045913584,0.235030708,0.242043273,0.148488722,0.31618268,0.11417665,0.27649921,0.259263298,0.379257926,0.217577759,-0.154103864,0.388441757,-0.359366856,0.163203118,0.087680784,0.144519799,0.595639729,0.005781917,-0.246337069,0.453852389,-0.52242972,-0.462089645,-0.21162809,-0.380232683,-0.16911037,-0.162444676,-0.14203295,-0.353969078,-0.106380706,0.030815934,-0.480223306,0.19205832,0.385604898,0.140374961,0.099036113,0.147707131,-0.187331454,-0.003920722,-0.09623041,-0.045916015,0.184090639,-0.496954327,-0.529725052
KEGG_MEDICUS_REFERENCE_HIF_1_SIGNALING_PATHWAY,0.202359455,0.064752126,0.504395048,0.547505492,-0.107004286,0.003061679,-0.274590946,0.408409708,-0.032854951,-0.637166064,0.517378039,0.319827093,0.065174443,0.196178397,-0.140814191,-0.027788774,0.050074106,-0.251346405,-0.168854384,-0.58628238,-0.173571622,0.365889885,0.613286038,0.288676175,0.322846579,0.257435861,-0.157328656,0.282538278,-0.427849418,-0.58887417,-0.184992387,-0.220558733,0.357747368,-0.225819274,-0.572193937,0.172655125,0.39286848,-0.053344165,-0.08533256,0.162713515,0.373232455,-0.189907409,0.655037478,-0.313378388,-0.566149383,0.344964174,0.451203041,0.175327509,-0.263476919,-0.532250619
KEGG_MEDICUS_REFERENCE_HOMOLOGOUS_RECOMBINATION,0.535907921,-0.543508181,0.509676683,-0.140462939,-0.561309162,0.376308149,0.438889891,0.330854163,-0.414306964,0.666329751,0.38269142,0.17121921,-0.6222857,-0.414032463,-0.235356174,0.53956563,-0.673676133,0.020481508,0.362536485,-0.045685702,0.170959467,0.297691285,0.204948396,0.257974775,-0.413779747,-0.229049315,-0.340459927,0.180698816,0.20854626,0.091306273,0.394025702,0.422969973,0.251857123,-0.012752046,-0.400352517,0.363923025,0.453213128,0.484025236,0.554951814,-0.629145945,-0.491766375,0.304930587,0.269962174,0.367316478,0.59230819,0.435739067,-0.265881946,-0.545767436,-0.536084947,-0.400724121
KEGG_MEDICUS_REFERENCE_HOMOLOGOUS_RECOMBINATION_IN_ICLR,0.343792173,-0.465559733,0.494356377,0.091561807,-0.355984637,0.049512218,0.202243949,0.229596547,-0.444493911,0.6494624,0.309504223,0.040692986,-0.439973956,-0.082342259,0.009392215,0.585122615,-0.658930583,0.053845774,0.253828281,-0.048966586,0.590449102,0.01905536,-0.357932622,0.407372044,-0.625790185,-0.135426069,0.085665359,0.103932847,0.079239666,-0.084545877,0.407777882,0.454744355,0.019345561,0.240121202,-0.540404873,0.134907489,0.374025312,0.538744828,0.561504095,-0.829634071,-0.472531516,0.414809873,-0.164425413,0.267189659,0.652085092,0.410224228,-0.264186786,-0.526575466,-0.61255483,-0.460696352
KEGG_MEDICUS_REFERENCE_HORMONE_LIKE_CYTOKINE_TO_JAK_STAT_SIGNALING_PATHWAY,-0.069834906,-0.284069952,-0.357517839,0.178187521,0.40615595,-0.218431392,0.309498836,-0.398840906,0.061676077,-0.078083613,-0.448172863,-0.468007334,-0.171131718,-0.268453172,0.254751085,-0.175382168,0.428813597,-0.430731732,0.123302495,0.275700111,0.470320267,0.216688593,0.090251524,-0.211981892,-0.021770922,0.190546018,0.063966257,0.202107259,-0.274297001,-0.367156606,-0.134954709,-0.393929,-0.354711818,0.187034431,-0.243039089,-0.157376207,-0.134716656,-0.063612709,-0.329605801,0.587585477,0.202862284,-0.01142487,-0.315817985,-0.431327279,-0.425413126,-0.017425063,-0.253300215,0.548918345,0.365988761,0.170492726
KEGG_MEDICUS_REFERENCE_HYDROLYSIS_OF_SPHINGOMYELIN,-0.405453161,0.052517596,-0.485737574,0.370044519,0.297365767,0.645822054,-0.009641416,-0.268611882,0.571789899,0.494361164,-0.164966633,0.031736326,0.413124424,0.345824348,-0.31539929,-0.301309724,0.39047626,-0.095650374,0.290406552,0.536971225,0.510578356,0.289684109,-0.136270056,-0.409786088,0.525296879,0.370941915,0.572419702,-0.292265696,-0.459065448,0.041214013,0.132456381,-0.223201156,0.256288966,0.740725504,-0.100158759,-0.415939384,-0.531167513,-0.196036933,-0.393097481,0.22501766,0.165436866,0.152077791,-0.50232187,0.098508857,-0.222468093,-0.368982335,-0.250018756,-0.380045447,0.195910801,0.067314444
KEGG_MEDICUS_REFERENCE_ICOSLG_ICOS_PI3K_SIGNALING_PATHWAY,-0.24214971,0.291912581,0.029043734,0.170742713,-0.125601273,0.037117481,-0.098557923,-0.437336826,-0.253474431,-0.360168403,-0.397459906,0.456029691,-0.103691003,-0.279160174,0.425634062,-0.22945542,0.438001517,-0.535173364,-0.71510158,-0.173540294,0.599784361,0.071022471,-0.434848326,-0.140809523,0.252311214,0.489831465,-0.027026983,0.19879224,-0.16972355,-0.372309683,0.339771407,-0.539662485,-0.605204249,0.161699732,-0.288200798,0.063633836,-0.102709807,-0.200465881,-0.268583388,0.559464913,0.488142666,-0.184064051,-0.002222137,0.306551819,-0.488057035,-0.119305332,0.120791633,0.72444541,-0.330098619,-0.587513604
KEGG_MEDICUS_REFERENCE_IFN_RIPK1_3_SIGNALING_PATHWAY,0.308031996,0.148987013,-0.17415681,0.210065469,-0.130358519,-0.250063366,-0.479912139,-0.241716901,-0.204127735,-0.085365854,0.543326082,-0.171831339,-0.19343104,0.423968177,0.53380652,-0.022244144,0.036526291,0.09703261,-0.621005833,-0.19696263,-0.225700169,0.473717146,0.23974046,0.3715971,-0.512147537,-0.387007233,0.35690355,0.522539967,0.203973702,-0.178301702,0.079635064,-0.033508336,-0.108326534,-0.04704664,-0.419377686,-0.426697658,0.340855685,-0.395261398,-0.0599082,0.31279932,-0.280556853,-0.277474978,-0.332643665,-0.084169779,-0.281858842,-0.349620797,0.197178192,0.252449561,0.347518907,-0.215214518
KEGG_MEDICUS_REFERENCE_IGF2_IGF1R_PI3K_SIGNALING_PATHWAY,0.100304825,0.149413602,0.269754545,-0.232057726,0.003223427,0.19167877,0.031063698,0.01995125,0.163187059,-0.264153476,-0.346207839,0.072323928,-0.145726027,0.104354071,0.463266801,0.557099597,0.120734537,-0.302920825,-0.224517495,-0.36061943,0.226561139,-0.208649503,-0.057550234,0.570333051,-0.228125474,0.410432576,0.210781724,-0.093208927,-0.531926645,-0.563356434,0.095102727,-0.368854492,-0.345025974,-0.345350636,-0.36059696,-0.219882478,-0.118787421,-0.585414255,-0.270865887,0.331181237,0.218938423,0.340215527,-0.004854513,0.5073852,-0.042760095,-0.067205596,0.430914403,-0.001558773,-0.620939247,-0.486110892
KEGG_MEDICUS_REFERENCE_IGF_IGF1R_PI3K_SIGNALING_PATHWAY,-0.005716271,0.191730482,-0.053253898,-0.21096767,0.129826409,0.101696341,0.222381281,0.003972912,0.213198994,-0.230907325,-0.069561938,-0.107127311,-0.288807923,0.220622882,0.365353321,0.438128797,0.361981412,-0.468850149,0.081926917,-0.254058907,0.164205529,-0.438744985,-0.265288277,0.496827021,-0.140704711,0.272901781,0.125064946,-0.043683833,-0.466001614,-0.333204742,-0.037892098,-0.185650706,-0.423955906,-0.333686428,-0.472356172,-0.046007292,-0.29938535,-0.265514519,-0.141378816,0.34979757,0.176613362,-0.085504061,-0.145710619,0.46949796,-0.304658389,-0.144596261,0.472134266,-0.09332369,-0.509699206,-0.486868067
KEGG_MEDICUS_REFERENCE_IGF_IGF1R_RAS_ERK_SIGNALING_PATHWAY,-0.176753938,0.257596576,0.201066556,-0.054538128,0.081405984,0.160899203,0.330116747,0.143596317,0.256973395,0.263514422,-0.076345524,0.260229869,0.177412648,0.314979359,0.145464452,0.334692635,0.454382507,-0.215223404,0.447582541,-0.266368529,0.288428755,0.023284912,0.060189201,0.372496844,0.03742503,-0.060188367,0.201177619,-0.295579309,-0.339634773,-0.218595136,-0.340053605,-0.22356701,-0.153326167,-0.134212883,-0.296017732,-0.224647047,-0.051780768,-0.546332605,0.009283189,0.406850752,0.149187041,0.200578692,-0.071388573,0.171153986,-0.162348671,-0.249500089,0.09928485,0.083830288,-0.510684205,-0.449162137
KEGG_MEDICUS_REFERENCE_IGF_IGFR_PI3K_NFKB_SIGNALING_PATHWAY,0.029192231,0.205634554,0.185376566,0.044789597,0.143064686,0.301416256,0.295048401,0.189314862,0.284830815,-0.194603806,-0.16478044,0.027509163,-0.022574913,0.047531433,0.29268602,0.396336491,0.323098165,-0.176783693,-0.264478865,-0.117798375,0.129570103,-0.131644752,0.141951887,0.483212504,0.020280653,0.448765084,0.09866157,0.365257648,-0.318473989,-0.332419406,0.04785373,-0.128244511,-0.347939032,-0.238471277,-0.164082698,-0.216020436,-0.147751842,-0.647517106,0.004824884,0.469001554,0.321756667,-0.102615842,0.113426084,0.404145954,0.209082889,-0.307766927,0.225966073,0.360997134,-0.479732719,-0.100879678
KEGG_MEDICUS_REFERENCE_IGG_FCGR_RAC_SIGNALING_PATHWAY,-0.1660677,0.272857052,0.329800624,0.673386855,0.368482478,-0.075455478,0.005957216,0.543248597,-0.432133858,-0.552014231,0.487856482,0.159389936,0.393174547,0.366914384,0.202191101,-0.043868906,0.306229698,0.400099274,0.370086881,-0.168903037,0.317023634,-0.043081447,-0.312941147,0.107111832,0.494616895,0.633412638,0.337164788,0.476217541,0.205939742,0.412494428,0.490005284,0.311810697,-0.471044987,-0.045395931,0.05222609,0.540559704,0.512466111,-0.203723797,-0.015190112,0.518613023,0.573499268,0.442385571,0.650095924,-0.472952597,-0.090814754,0.344771083,-0.197430781,0.109940535,0.021068142,-0.294454433
KEGG_MEDICUS_REFERENCE_II_BLOOD_GROUP_ANTIGEN_BIOSYNTHESIS,0.021658695,-0.394250842,0.473662057,0.437915363,-0.371355145,-0.022972696,0.053843831,0.618090278,0.362115538,0.158658456,0.364521336,0.691273351,0.46887038,0.183250351,0.23485345,0.037269824,0.236711488,0.555625338,0.531466744,-0.031971488,0.604599133,0.077353125,0.005149619,0.146352655,0.222797654,0.282918071,0.17989757,-0.043284207,-0.270309848,-0.514358415,0.619667577,0.431353374,0.607903859,0.467475744,-0.48169967,0.341799413,0.2356786,0.318860297,0.070062841,-0.349713637,-0.195236112,0.411297032,-0.085320594,-0.282437112,0.25133557,0.405173061,0.357509324,-0.344589608,-0.270560196,-0.039594395
KEGG_MEDICUS_REFERENCE_IL10_FAMILY_TO_JAK_STAT_SIGNALING_PATHWAY,0.269949094,-0.154590073,-0.307734213,-0.003837378,0.183815508,0.078958941,-0.562531487,-0.139453019,-0.157528759,0.256338297,-0.033215994,-0.40688642,0.326913244,0.289217359,0.581656984,-0.373794017,0.023397514,0.271290003,0.006110062,-0.360165018,0.075068018,0.110036671,-0.50869304,-0.206993696,-0.063975853,-0.100945096,0.381301547,0.513625155,0.02804783,-0.039868569,0.203404418,-0.339111367,-0.166487847,0.419232495,-0.510000802,-0.174402786,-0.250698404,-0.362684646,0.441178184,0.592812407,-0.259250938,-0.279336841,0.109582325,0.11510632,-0.062590811,0.012649648,0.201766902,0.606852019,0.298726251,-0.387623194
KEGG_MEDICUS_REFERENCE_IL12_23_TO_JAK_STAT_SIGNALING_PATHWAY,0.10912008,-0.086787304,0.057547958,0.374904144,-0.209332795,0.022586486,-0.095700617,-0.065405448,-0.096458408,-0.278157909,0.573043056,-0.350232235,-0.292893463,-0.01629898,0.452254724,-0.111988022,0.57848636,-0.08203688,-0.616125254,0.35974096,-0.262796903,0.460919074,0.442010976,-0.285235259,-0.537555633,-0.355626856,-0.066220897,0.098908924,0.354209835,-0.222219631,0.198020557,-0.29315324,-0.504668421,-0.343142688,-0.329885182,0.101399884,0.245232424,-0.001163609,0.058807874,0.325176769,-0.305156593,-0.460692143,0.045678258,-0.341102467,-0.381369874,0.479920388,-0.425222936,0.478265035,0.249230499,-0.237599644
KEGG_MEDICUS_REFERENCE_IL1_IL1R_JNK_SIGNALING_PATHWAY,0.20317809,0.461897056,0.028414083,0.230164785,0.416893769,-0.36632955,-0.301483923,-0.262023342,0.255800699,-0.04064036,0.462088027,0.195705155,0.000374117,0.486280156,0.19136332,-0.11314582,0.247218583,-0.148742312,-0.047161821,-0.147945298,0.097968627,0.174755736,0.313289169,0.364022208,0.076853688,-0.086131738,0.204919291,0.274333734,-0.17428196,0.206671095,-0.185223006,-0.088204705,-0.045626609,-0.105591992,-0.096206576,-0.087557206,0.002105413,-0.203144056,0.109210393,0.448933565,0.055452314,0.255954585,-0.097125964,-0.008209208,0.000791557,-0.313880551,-0.036024565,0.243542007,0.034888022,0.036476809
KEGG_MEDICUS_REFERENCE_IL1_IL1R_P38_SIGNALING_PATHWAY,0.095843577,0.27699456,0.036699167,0.427408337,0.331408727,-0.225223997,-0.186812819,0.000966565,0.264241333,0.134967851,0.43107359,0.406509902,0.153648063,0.490060644,0.329023895,0.027279282,0.167924139,0.109633435,-0.081101941,-0.007219531,0.165435522,0.104225233,0.005311979,0.249197435,0.269063039,-0.060372746,0.425784308,0.14940122,-0.0332413,0.178181268,0.121361467,-0.210683617,-0.230540355,0.117104704,-0.110697902,-0.181652379,-0.06486522,-0.314287347,0.178730859,0.487903137,0.058539702,-0.01684987,-0.056943551,0.177814365,0.148423746,-0.322613726,0.090071259,0.282885876,-0.171389776,0.054724714
KEGG_MEDICUS_REFERENCE_IL2_FAMILY_TO_JAK_STAT_SIGNALING_PATHWAY,-0.012798377,-0.020527663,0.441273078,0.408136823,-0.315662633,0.428492039,-0.420784063,0.484757723,-0.109474073,-0.122175668,0.341789634,-0.454738717,0.017680811,-0.299846295,0.521716274,-0.005600217,0.439896668,0.428026299,-0.539264616,0.185268893,-0.098939636,0.279648996,-0.027887107,0.040177238,-0.147435269,-0.260205371,0.36541849,0.750585951,0.449035116,-0.107198101,0.273301174,-0.532325954,-0.30091472,-0.41153484,-0.430451062,0.091989167,0.402764569,-0.447751546,0.218828809,0.427940421,0.094842381,-0.398579852,0.467478736,-0.477407806,-0.241889218,0.067249378,-0.323303346,0.64312043,0.424831174,-0.120370513
KEGG_MEDICUS_REFERENCE_IL6_FAMILY_TO_JAK_STAT_SIGNALING_PATHWAY,0.433314276,0.067331992,-0.069422428,0.153567472,-0.101076397,-0.344398251,-0.099780978,0.086511673,-0.195068284,-0.035857403,0.3954293,-0.090140993,-0.21101459,0.389331135,0.520160769,0.137802176,0.200247354,-0.055333331,-0.124497659,-0.059858801,-0.122231469,0.151670414,0.32526291,-0.057400497,0.244698206,-0.218410422,-0.257867261,0.393078956,-0.004184361,-0.006380969,0.08475468,-0.074699556,-0.469873791,-0.211392363,-0.05130224,0.082307077,0.177172998,-0.304827835,0.181134764,0.545541496,0.060806391,-0.216630932,0.31086428,-0.42201136,-0.187334851,-0.0448824,-0.183904442,0.491886839,0.162963239,0.006449808
KEGG_MEDICUS_REFERENCE_INACTIVATION_OF_CONDENSIN_I,0.154887955,-0.026618648,0.764603711,-0.353786322,-0.585279878,0.417808404,0.447453239,0.559644095,0.152472039,0.551643385,0.434799757,0.065313774,-0.334134002,-0.350572301,0.320319609,0.649098559,0.331862785,0.236965278,0.333917122,-0.130391626,0.601264236,-0.144281737,0.118961135,0.571077357,-0.308988118,-0.073796723,0.333896746,0.155897802,-0.235494391,-0.553428427,0.477194263,-0.153582386,0.055134452,-0.396046593,-0.547893836,0.043353071,-0.042230644,0.26791762,0.579229369,-0.558323768,-0.605781168,-0.470939209,0.33604765,0.858444256,0.454593993,0.26194278,-0.204314325,-0.163829355,-0.792005053,-0.694457085
KEGG_MEDICUS_REFERENCE_INTRINSIC_APOPTOTIC_PATHWAY,-0.090006903,0.041853629,0.183754636,-0.444758235,-0.597612543,0.390228905,0.332197646,0.139967742,0.022458098,0.132947537,-0.186082452,0.434707662,0.440143277,-0.314755116,-0.277735315,0.070064947,0.034826698,0.469038129,-0.052482294,-0.090410582,-0.197773563,0.253336939,-0.274479616,0.264925062,0.392473324,0.452384261,0.296504582,-0.17411427,0.320894045,0.123447472,0.343730273,0.234118209,0.45934585,0.19410596,0.025399021,0.416326767,0.370478366,0.307202235,0.07389301,-0.054431487,0.273683789,0.548530847,0.362985853,0.032807245,0.382247077,0.262833128,-0.209140432,0.022354977,0.0304996,-0.143205418
KEGG_MEDICUS_REFERENCE_IRE1A_JNK_SIGNALING_PATHWAY,0.182329889,0.67807438,-0.359582713,-0.613652565,-0.205684501,-0.371164304,-0.34602245,0.428156352,0.67568226,-0.300936932,0.24927364,-0.448662453,-0.057784179,0.122048637,-0.164212988,-0.172649957,0.263627246,-0.242008303,-0.100266993,-0.108639356,-0.309407647,0.381718282,0.5179744,-0.086210437,-0.042222157,0.154650584,0.164267946,0.120955972,-0.396653528,-0.360221867,-0.280665082,-0.545476388,-0.427406176,-0.417834037,-0.111184103,-0.585915349,-0.620850114,-0.764494238,0.023728159,0.016169117,-0.254528612,-0.399393455,-0.539961159,-0.287522882,-0.635395467,-0.296387667,0.107481274,0.132123434,-0.299477703,-0.393524075
KEGG_MEDICUS_REFERENCE_ISOLEUCINE_DEGRADATION,0.438009946,0.414100843,-0.071445189,-0.447784168,0.401382962,0.475488248,0.087601643,-0.093767952,0.400543546,0.382610279,-0.297257295,0.379027125,0.588322169,-0.379253611,-0.381956653,-0.065194081,-0.329287223,0.628206502,0.472828765,0.563893096,0.422534341,0.592277322,0.243081754,0.030437141,-0.132731247,0.221450798,0.251936533,0.244633035,0.280788425,0.552704851,0.619548073,0.483354765,0.359194267,0.237062746,0.566257447,0.348148541,0.277469273,0.146097826,0.181440693,0.499665529,-0.095312917,0.565627029,-0.116447012,0.097219715,0.46602467,0.555309198,-0.51784164,-0.113299622,-0.106957667,0.733779414
KEGG_MEDICUS_REFERENCE_ITGA_B_FAK_CDC42_SIGNALING_PATHWAY,0.326665694,0.265395389,0.364549295,0.35051621,-0.241936194,-0.261333695,0.025046655,0.15566271,-0.075391047,-0.427932589,0.228757437,0.333369465,0.434283965,0.543270379,0.061316921,-0.283316339,0.391327468,-0.003860816,-0.30349618,-0.395457667,0.076535235,0.30629618,0.206417979,0.259092296,0.367008813,-0.366025955,0.084487648,0.247065032,-0.26890199,-0.376412716,-0.326272601,-0.041063164,0.099757859,0.027028268,-0.440236624,0.060777141,0.245023229,-0.255991867,-0.16610437,0.187233393,0.574954825,-0.195401773,0.248891716,-0.505881522,-0.078047891,0.027821486,0.284726657,0.231220792,0.37628268,-0.304769218
KEGG_MEDICUS_REFERENCE_ITGA_B_FAK_RAC_SIGNALING_PATHWAY,0.160257634,0.229860319,0.362252334,0.344824116,-0.128087388,-0.211031618,-0.117591224,0.272562767,-0.202707268,-0.527932975,0.10336032,0.126199447,0.439832118,0.494367321,0.021204454,-0.325650853,0.334877139,0.002402145,-0.238988679,-0.363308609,-0.00921605,0.293332555,0.060414129,0.040365706,0.347449732,-0.160896595,0.092795029,0.201030928,-0.355396604,-0.400607639,-0.272773181,-0.180586214,0.041589633,0.023387336,-0.399947497,0.070548043,0.253396092,-0.342509652,-0.194088485,0.154124209,0.585316783,-0.09678567,0.2576031,-0.543743773,-0.205803136,0.101245781,0.21799513,0.189436692,0.330627355,-0.235148054
KEGG_MEDICUS_REFERENCE_ITGA_B_RHOGAP_RHOA_SIGNALING_PATHWAY,0.353309833,0.124002506,0.376479267,0.405279062,-0.208929747,-0.105761072,-0.044276311,0.133560715,-0.144567979,-0.535051188,0.076214719,0.289358956,0.524290543,0.566685186,0.15414121,-0.313860429,0.388817536,-0.005376189,-0.369209614,-0.482175976,0.032499753,0.443172236,0.161635901,0.250936831,0.420056443,-0.271613626,0.109435672,0.033799041,-0.312509648,-0.426392261,-0.334367748,-0.094299181,0.136188659,-0.148397767,-0.339837085,0.185541306,0.164936634,-0.337429186,-0.205066259,0.219201351,0.619355689,-0.138383161,0.252980303,-0.566241917,-0.113732445,0.075027745,0.129448557,0.311982451,0.438519885,-0.337102074
KEGG_MEDICUS_REFERENCE_ITGA_B_RHOGEF_RHOA_SIGNALING_PATHWAY,0.363969713,-0.036986905,0.370402721,0.302245511,-0.190223993,-0.235372259,-0.004116912,0.297790725,-0.143246454,-0.527110236,0.052130322,0.352498884,0.510667131,0.570695388,0.023669696,-0.335073919,0.389888619,0.042138784,-0.320769857,-0.303964075,0.000609553,0.468072401,0.163779382,0.084376412,0.398443404,-0.331593848,0.046362334,0.191753301,-0.26488371,-0.33204499,-0.376917434,-0.037727731,0.156894359,-0.023891452,-0.395767893,0.195026137,0.196860668,-0.275040207,-0.052945492,0.133433184,0.611564594,-0.079613411,0.167952614,-0.535450501,-0.220172398,0.129074267,0.176176845,0.272467419,0.433580778,-0.294716291
KEGG_MEDICUS_REFERENCE_ITGA_B_RHOG_RAC_SIGNALING_PATHWAY,0.216513318,0.182981663,0.373718854,0.373557394,-0.040102152,-0.149885696,-0.233400069,0.230641409,-0.291277516,-0.517221741,0.211790738,0.125197974,0.415602455,0.471307254,-0.0189901,-0.36723839,0.35498154,0.082008357,-0.253086879,-0.44743805,-0.094281748,0.362519876,0.115471713,0.00377021,0.408323196,-0.13280945,0.009409265,0.140532807,-0.313203131,-0.313779343,-0.281642523,-0.125488184,0.021957091,-0.128200871,-0.309109232,0.160423923,0.323872031,-0.367794917,-0.133435904,0.162730687,0.59196155,-0.124177825,0.257861859,-0.543631526,-0.212186577,0.130788226,0.134419609,0.309531307,0.37109616,-0.287339496
KEGG_MEDICUS_REFERENCE_ITGA_B_TALIN_VINCULIN_SIGNALING_PATHWAY,0.180477263,0.036671647,0.472471011,0.370022357,-0.31307857,-0.328822905,-0.007052462,0.158634536,-0.359059966,-0.508249846,0.158709248,0.320321425,0.463657028,0.528697547,0.075750681,-0.008983,0.438189524,-0.161651462,-0.40937549,-0.459964168,0.204154157,0.396348151,0.191020132,0.130828559,0.464197203,-0.32697108,0.18748977,0.237318391,-0.446646011,-0.503193838,-0.410934969,-0.352954174,0.171535319,0.144436394,-0.577463525,0.1005091,0.115852816,-0.365109015,-0.028765237,0.229774638,0.619785221,-0.173991094,0.382678004,-0.367561293,-0.30616184,0.143417171,0.217897781,0.293126945,0.229369577,-0.437055996
KEGG_MEDICUS_REFERENCE_KEAP1_NRF2_SIGNALING_PATHWAY,-0.304890747,0.012373428,-0.440396819,-0.134002672,0.344932089,0.493963663,-0.270287577,-0.272812729,-0.352028853,0.120591272,-0.331264321,-0.123868945,0.328070739,-0.510447237,-0.082583328,-0.151605789,-0.112573297,0.442610069,-0.079917452,0.352379579,0.027024007,0.136828962,0.038210016,-0.538988848,-0.129630017,-0.172124576,0.0816877,0.296089568,0.554189781,0.255354528,0.298763961,0.418545999,0.305935958,-0.236376083,0.249751451,0.23283792,0.070685964,0.6634875,-0.099050705,0.101622491,0.359432629,0.265723309,0.17418755,-0.271625611,0.476329691,0.517116398,-0.490500055,0.087854497,0.559056684,0.475992867
KEGG_MEDICUS_REFERENCE_KERATAN_SULFATE_DEGRADATION,-0.02107141,0.331263096,-0.036271768,0.74397509,0.089270153,0.516538761,-0.225784102,0.568799062,0.079093507,0.759646844,-0.678936264,0.596214225,0.506614579,-0.644851444,0.393957979,0.43165208,0.204176808,0.488608356,0.779479399,0.652277595,0.482986392,0.413829368,0.060543174,-0.097991826,0.311649772,0.612883237,0.633544635,0.071173188,0.435028588,-0.01537022,0.700391262,-0.343581296,-0.12537048,0.662568043,-0.087972571,-0.05161071,-0.37142032,-0.063817169,0.267443544,0.598534218,0.582606809,0.632558915,0.24636812,-0.599500609,-0.279464941,0.001489321,-0.006828437,-0.576476366,-0.380894891,0.583908102
KEGG_MEDICUS_REFERENCE_KINETOCHORE_FIBER_ORGANIZATION,0.138300391,-0.061261548,0.539327104,-0.127169689,-0.446982095,0.337932848,0.460394309,0.284666713,-0.404840455,0.49534332,0.50182102,0.002538347,-0.063098576,0.136233228,-0.141927024,0.439526649,0.222231479,0.07704632,0.187557692,-0.274598077,0.085362672,-0.291330022,-0.00967453,0.43609488,0.359383437,0.473431995,-0.112838005,0.244296862,-0.130832035,-0.214422094,0.207662858,-0.155282753,0.154255989,-0.045874493,-0.425414846,0.444895602,0.504683089,0.070163872,0.31340731,-0.181275663,0.085509061,0.276454081,0.567391237,0.339054327,0.442863233,0.270671893,-0.097721954,-0.01437487,-0.421820621,-0.548827557
KEGG_MEDICUS_REFERENCE_KINETOCHORE_MICROTUBULE_ATTACHMENT,0.108833618,-0.254704863,0.489620864,0.008805488,-0.487334919,0.41198942,0.480612591,0.178837853,-0.307836164,0.461235272,0.502948253,-0.031000984,-0.310294224,0.247147714,0.082839681,0.479531777,0.217820782,0.119405278,0.267188711,-0.332568623,0.049578261,-0.396029216,-0.051337641,0.516920276,0.249452464,0.504284743,-0.291118513,0.332969059,-0.092825526,-0.334806955,0.218742883,-0.07392046,0.086337585,-0.24924439,-0.569228326,0.541108159,0.526349816,-0.024394654,0.383501208,-0.211626035,0.018763499,0.115529491,0.512455928,0.540027418,0.492600592,0.362586831,-0.008787745,0.053631092,-0.561570691,-0.582315772
KEGG_MEDICUS_REFERENCE_KISS1_KISS1R_PLCB_PKC_SIGNALING_PATHWAY,0.566474861,0.357409722,-0.558570109,-0.307777276,0.138027911,-0.355889806,-0.304258813,-0.30970825,0.239798825,-0.67539937,0.290633722,-0.209268828,0.271297794,0.526649132,0.314986752,-0.167478985,0.518779465,-0.407393728,-0.157362253,-0.068577619,-0.279645094,-0.212510177,0.261884526,0.26452316,-0.02558462,0.178373974,0.427530675,-0.304447344,-0.26810432,-0.465982205,-0.104258788,-0.503864023,0.037969898,0.303698738,-0.636620553,-0.307231145,0.079599831,-0.513975099,-0.323149458,0.086074553,0.037737691,-0.45488896,0.043084182,-0.523457323,-0.502872356,-0.100181369,0.027513764,0.341506384,-0.018292284,-0.377095299
KEGG_MEDICUS_REFERENCE_KITLG_KIT_PI3K_SIGNALING_PATHWAY,0.391850202,0.402194272,0.11659474,-0.39867763,0.414191568,0.175039063,0.265408215,-0.285954966,0.304772109,-0.281765188,-0.306350695,0.25178829,-0.309727803,0.003711545,0.516067901,0.380072588,0.275464443,-0.473319105,0.017227224,-0.125791031,0.134486517,-0.015723141,-0.102119402,0.520531619,-0.100967941,0.503530967,0.202856329,-0.274993003,-0.459241051,-0.479376076,0.199770651,-0.168304343,-0.365208386,-0.184667502,-0.263372794,-0.139821262,-0.060698989,-0.375772319,-0.146814891,0.352986328,0.161061153,0.073820627,0.030831158,0.184594111,-0.363952511,-0.058186362,0.336335282,0.061102356,-0.633072554,-0.307770251
KEGG_MEDICUS_REFERENCE_KITLG_KIT_RAS_ERK_SIGNALING_PATHWAY,0.351495455,0.388218502,0.181727942,-0.163829786,0.246240891,0.21694854,0.392983092,-0.037895396,0.354359069,0.232672507,-0.041994239,0.328167086,0.034214537,0.173253112,0.174177324,0.316489492,0.442966542,-0.330331194,0.498866114,-0.067016342,0.22009484,0.274885991,0.124766873,0.426426087,-0.021007675,0.050400797,0.337321716,-0.468603026,-0.454565598,-0.16434594,-0.329636614,-0.150104753,-0.18830148,0.006199437,-0.241172679,-0.226216232,-0.002700015,-0.434698878,0.09378226,0.303637318,-0.111023837,0.00086861,-0.063024249,-0.085737245,-0.325676887,-0.24152888,-0.158859167,0.091488238,-0.528576779,-0.400347311
KEGG_MEDICUS_REFERENCE_LECTIN_PATHWAY_OF_COAGULATION_CASCADE_FIBRINOGEN_TO_FIBRIN,-0.275296398,-0.297415932,-0.607469843,-0.061656508,0.638612933,0.514908809,0.454167637,0.176971928,0.731969978,0.430796705,-0.303664282,-0.730461093,0.533558049,-0.558444526,-0.460778701,0.406443861,0.76978612,0.602488308,0.599236578,0.421201953,-0.085986364,-0.584765883,-0.504515916,-0.574845349,0.242044676,0.384437047,-0.045820257,-0.454293349,0.687634052,0.220471349,0.68609314,-0.025809945,-0.216844475,0.730718929,0.337205615,0.413353662,-0.216656835,-0.03353207,-0.139698583,0.74178434,0.287450769,-0.328797439,-0.291662781,-0.646252374,0.546794923,0.514500177,-0.756700659,0.730800328,0.5528771,0.210891908
KEGG_MEDICUS_REFERENCE_LECTIN_PATHWAY_OF_COAGULATION_CASCADE_PROTHROMBIN_TO_THROMBIN,0.052077637,0.311495355,-0.574237671,-0.192379584,0.508068444,-0.25580353,0.080745813,-0.251135639,-0.324048978,0.574499337,0.091512605,-0.613726321,0.385819857,-0.482315281,-0.213551065,-0.228992033,0.575365466,0.147509924,0.535909168,-0.505699814,-0.39498376,-0.696516092,-0.535289708,-0.439515492,-0.035408207,0.448340726,0.152280871,-0.221048799,0.370061274,0.308212229,0.128319319,0.133525803,-0.62237175,-0.127695834,-0.011701757,0.269642006,-0.42502588,-0.023528839,-0.149224107,0.848657986,-0.335689225,-0.343291165,-0.474663449,-0.401716962,-0.542689879,-0.170683186,-0.73525544,0.858579074,0.576339585,0.338748811
KEGG_MEDICUS_REFERENCE_LECTIN_PATHWAY_OF_COMPLEMENT_CASCADE_C4_C2_TO_C3_CONVERTASE_FORMATION,-0.185383438,0.251613248,-0.576647144,-0.413809533,0.525356165,-0.156477863,-0.194317982,-0.475291192,-0.198777898,0.471451096,-0.284130844,0.036456,0.238831521,-0.164400395,0.335409217,-0.48539223,0.551622002,-0.18483637,0.446737029,-0.085672773,0.229598715,-0.69481023,-0.220452388,-0.575158946,0.153726403,0.075451264,-0.108135515,0.057927304,0.150569622,0.153274666,0.401795998,-0.536478955,-0.513747498,-0.113392594,-0.117870036,-0.042893928,-0.53512546,-0.062812991,-0.106137184,0.772859569,0.15113911,-0.628677328,-0.545722615,-0.638666349,-0.566409324,-0.31883342,-0.311893575,0.667810134,0.653532786,0.215963633
KEGG_MEDICUS_REFERENCE_LESION_BYPASS_BY_TLS_AND_DSB_FORMATION,0.584233913,-0.071820857,0.08209905,-0.146573238,-0.254151892,0.098406627,0.093212872,-0.040655729,-0.497901067,0.420968169,0.037871919,-0.146345247,-0.501493699,-0.230104281,-0.083082071,0.591751812,-0.526237557,0.047896182,-0.039380025,0.244022294,-0.131668944,0.142094059,0.40365891,0.194172699,-0.422579283,-0.08564447,-0.201512899,-0.148392756,0.047242437,0.09851135,-0.030619708,0.24766612,-0.288598928,-0.281498933,-0.297535458,-0.384479829,-0.038163281,0.044024277,0.169713602,-0.327572701,-0.439200041,0.12439326,0.088559392,0.366149411,0.107706871,0.256778647,-0.093234956,-0.596248983,-0.585240935,-0.339231378
KEGG_MEDICUS_REFERENCE_LEUCINE_DEGRADATION,-0.320582495,-0.396227618,-0.452131791,-0.512870762,0.640818102,-0.265095586,-0.04870919,0.151507673,0.350049218,0.187906581,-0.685102062,0.473744498,0.405269612,-0.300608374,0.628950049,-0.17798363,-0.569103035,0.090034301,0.152690081,0.595470958,0.190692674,-0.045387902,0.486350213,0.510222307,-0.092100394,-0.186161614,0.318007171,0.248273594,0.321064558,0.579640827,0.270398938,0.190596666,0.289821934,-0.321336845,0.477605915,-0.09236073,0.305586786,0.26705394,-0.148632795,0.461039335,-0.494394773,0.229190584,-0.330319179,-0.487403501,-0.548279548,-0.291082946,-0.040114742,-0.197180993,-0.350946259,0.727190687
KEGG_MEDICUS_REFERENCE_LEWIS_X_ANTIGEN_BIOSYNTHESIS,0.312981329,-0.250618263,0.470678455,0.635813408,-0.144637767,0.63862625,-0.02647725,0.076867557,0.320913828,-0.445892625,-0.553017577,0.607068397,0.909374318,-0.063715245,0.623298726,-0.643614816,0.239933018,-0.252009623,0.583505059,0.315739248,-0.384947029,0.291109907,-0.322176798,-0.617195958,-0.114967143,0.147665358,0.792132804,0.00916988,-0.261409122,-0.470996046,0.305095441,-0.460347678,0.854443256,0.754983568,-0.239488722,0.671573247,-0.363934169,-0.429719123,-0.505193684,-0.386722717,-0.211024901,0.37238786,0.192123159,-0.71725009,-0.397711653,0.094844269,-0.20074967,-0.120173223,0.791864004,-0.699289442
KEGG_MEDICUS_REFERENCE_LHCGR_GNAS_PKA_SIGNALING_PATHWAY,0.051926079,0.239930706,-0.367738819,-0.092145842,0.216798226,-0.339021999,0.014815888,-0.371201922,-0.087449167,0.263386028,-0.404165471,-0.128647575,0.110736234,-0.105383277,0.343799575,-0.209840384,0.347278305,-0.237338983,-0.071038473,0.076233626,0.188650217,-0.000617153,-0.008385339,-0.20474322,-0.023214171,0.499287528,0.004489692,0.113049102,-0.188806895,-0.461024666,-0.175355147,-0.301141598,-0.345074508,-0.25560663,-0.33004922,-0.406527935,-0.495469194,-0.411963935,-0.422239293,0.418988958,0.122855833,-0.25869511,-0.181262629,-0.064658641,0.075828731,-0.308506691,-0.357071619,0.024536858,0.045722319,-0.246808278
KEGG_MEDICUS_REFERENCE_LIGHT_HVEM_NFKB_SIGNALING_PATHWAY,0.462175883,-0.059137396,-0.131677531,-0.010398921,0.023899759,0.539569027,0.095916603,0.34142328,0.349953756,-0.171517879,0.225576171,-0.342212831,-0.288403142,-0.044238076,0.068530363,-0.053044557,0.066027636,-0.183219321,-0.456406157,0.515874123,-0.532140916,0.103443172,0.198278271,0.134591081,-0.42997931,0.206974045,0.096897402,0.358647372,0.060308733,-0.268574869,-0.172319982,-0.169804887,-0.286317025,-0.220625513,-0.107198968,-0.4523351,0.196966962,-0.759677133,-0.214755199,-0.001718142,-0.448319836,-0.468712168,-0.061420146,-0.216345874,-0.084937008,-0.391040254,-0.278670791,0.244235224,0.07584834,0.072860416
KEGG_MEDICUS_REFERENCE_LOADING_OF_THE_SMC5_SMC6_COMPLEX,0.377264737,-0.036228106,0.128122665,-0.409507736,-0.027530502,0.005328838,0.331006615,-0.124306198,0.023606016,0.537517527,-0.160784157,-0.273453222,-0.219431584,-0.070543127,-0.367638768,0.462542074,-0.481479839,-0.161125591,0.137492757,0.186545625,-0.185842498,0.27358576,0.338465893,0.429291269,-0.421465764,-0.467485709,0.14361001,0.102091317,0.236572932,0.350714182,0.16607069,0.104871714,0.081301345,-0.460423316,0.214612694,-0.005335343,0.327599198,0.265916008,0.52254505,-0.337011058,-0.036627133,0.049003629,-0.062468993,0.021265771,-0.048916108,0.055594209,-0.101974066,-0.372630909,-0.156998824,0.100102383
KEGG_MEDICUS_REFERENCE_LONG_PATCH_BER,0.540446996,-0.422590402,0.542283775,-0.406117225,-0.574205425,0.510712205,0.619860191,0.471256123,-0.275322254,0.632582805,0.294896257,0.051014797,-0.57051909,-0.488675709,-0.267448483,0.581515042,-0.603236236,0.290028909,0.2491713,0.014283406,0.16068058,0.319141693,0.17604361,0.054579252,-0.207606763,0.230340256,-0.386407681,0.186093282,0.216678174,0.095005701,0.559578976,0.301932494,0.371460869,-0.10502847,-0.354312054,0.332235551,0.451081178,0.497449384,0.637821291,-0.656874936,-0.50333201,0.31017378,0.410967165,0.415246331,0.692951401,0.61754656,-0.419281615,-0.550259423,-0.565152546,-0.346592196
KEGG_MEDICUS_REFERENCE_LPAR_GNB_G_RHO_SIGNALING_PATHWAY,-0.452999422,0.30742027,0.139177123,0.204348893,0.096254891,-0.369650594,-0.138838228,0.35370644,-0.139909235,-0.01118293,0.038042915,0.104156256,0.375247574,0.317511849,-0.047568154,-0.069586698,0.112206328,0.451777711,0.204167466,-0.056961817,-0.117965414,0.092714443,-0.198922865,0.06333484,0.414004745,0.238211255,0.030852702,0.027260792,0.163866342,0.08630379,-0.252858335,0.244414913,0.096855416,-0.13659753,0.069931338,0.617908549,0.481060507,0.219551672,0.277507702,-0.027629503,0.54610792,0.276502634,0.390318512,-0.41707653,0.119028381,0.462706138,-0.365765754,0.500271109,0.415082408,0.050049794
KEGG_MEDICUS_REFERENCE_LPA_GNA12_13_RHOA_SIGNALING_PATHWAY,-0.412845428,0.429417587,-0.013752547,0.217790978,0.64610906,-0.170114694,-0.03083157,0.056411669,0.184647165,-0.167077356,-0.188852817,0.01999239,0.23113728,0.399745086,0.434487809,0.218427287,-0.075782829,-0.366692512,-0.094670134,-0.17987581,0.364752618,0.289249582,-0.276124655,0.03502378,-0.256035441,0.26486235,0.434540962,-0.479347715,-0.424416824,-0.500898607,-0.401374026,-0.326812159,-0.043364349,-0.197280708,-0.175134845,-0.49752206,-0.208418327,-0.528676756,-0.248669428,0.250350829,-0.01922628,-0.087998703,-0.21092335,-0.019737474,-0.382901997,-0.25357397,-0.089673846,0.42957848,-0.085474015,-0.115474658
KEGG_MEDICUS_REFERENCE_LPA_GNAQ_11_RHOA_SIGNALING_PATHWAY,-0.241142246,0.562565536,-0.38624799,0.043713916,0.640434536,-0.501631869,-0.504827596,-0.127411286,0.330718649,-0.180084301,-0.308557731,0.122966201,0.608710439,0.556346527,0.25690929,-0.325665241,-0.197609994,-0.446112553,0.116407053,-0.148329341,0.052391683,0.536214538,0.350572614,-0.115964589,0.297083908,0.249273305,0.684963386,-0.290337254,-0.483675043,-0.384662515,-0.706524057,-0.389598502,0.168475057,-0.0306022,0.210750543,-0.16918608,-0.349675718,-0.365243502,-0.146221318,0.280646777,0.259042784,0.078216941,-0.055810977,-0.177295507,-0.617166148,-0.15220069,-0.229328998,0.482432549,0.508243126,0.046163097
KEGG_MEDICUS_REFERENCE_LYSOSOMAL_CA2_RELEASE,-0.224549415,0.234732048,0.562541205,-0.018401567,0.113595704,0.186120789,0.290499737,-0.378878626,0.238326009,-0.075496231,-0.601547068,-0.033124277,0.646165831,-0.008394259,-0.489404007,0.064971314,0.29701892,-0.054868439,-0.269883864,0.128259851,0.37140811,0.0353368,0.392684102,0.234771245,0.650916484,0.058397664,0.478083892,-0.170387285,-0.16628728,0.319296078,0.288288913,0.093019683,0.076651795,0.359237564,0.332830636,0.315309811,0.587147639,0.060102962,0.268367335,0.654256634,0.589503522,0.249451194,0.374516056,-0.272533046,0.150956569,0.37793896,-0.207870988,0.603357493,0.295325038,0.147651766
KEGG_MEDICUS_REFERENCE_MACHR_CA2_APOPTOTIC_PATHWAY,-0.047807519,-0.155178966,-0.248497297,-0.510534948,0.076327882,0.202498424,0.082471553,0.092600745,0.449926744,-0.185562705,-0.037625238,-0.099035527,0.311260564,-0.151891816,-0.013783602,0.157039053,0.285453164,0.425146105,-0.196929264,0.36415185,-0.249722404,-0.034958268,-0.195900011,-0.046130496,0.052906252,0.100958807,0.432258451,-0.159141165,0.076900739,-0.072659679,0.255562881,-0.230265606,0.314235911,0.141446296,0.175869514,0.264557724,0.092405868,-0.207363915,-0.061561824,0.244959237,-0.103443015,-0.004904455,0.30048554,-0.349416428,-0.265243773,0.134392155,-0.220550478,-0.089940112,-0.304306979,0.147782212
KEGG_MEDICUS_REFERENCE_MAGI_PTEN_SIGNALING_PATHWAY,-0.081357415,0.190541037,0.075165096,0.180054101,0.242967645,-0.17770503,0.346093145,-0.434446777,0.390704291,-0.301026013,-0.221981557,-0.066189452,0.01082837,0.322176699,0.014836831,-0.037591379,0.280404029,-0.584103672,-0.552170143,-0.215411022,0.446662425,0.292044557,0.395438008,0.27496717,0.277787791,0.468732279,0.474307963,-0.340008147,-0.626872406,-0.573517849,-0.404471299,-0.430995104,-0.316361248,-0.453702391,-0.25776481,-0.026437522,-0.250517249,-0.571213935,-0.411411322,0.521931383,0.636857636,-0.250667752,0.099011765,-0.143197874,-0.332854559,-0.013695858,0.396220972,0.539434068,-0.376101973,-0.620388659
KEGG_MEDICUS_REFERENCE_MANNOSE_TYPE_O_GLYCAN_BIOSYNTHESIS_FKTN_TO_LARGE,-0.328952521,-0.005698786,-0.147892312,-0.210285794,-0.313271941,0.558900588,0.035202194,-0.228178188,0.479006113,0.326011333,-0.635133571,0.292006419,-0.450299918,0.137430067,-0.194214612,-0.066876171,0.311032404,-0.428657583,0.226875706,0.260499051,0.031043484,0.203293462,0.004765554,-0.461033648,-0.068218733,0.310729304,-0.267966615,-0.603005619,-0.461986363,0.078724875,-0.137634028,-0.498719194,-0.380625943,0.557487611,0.52189216,-0.424137637,-0.371920257,0.227844943,-0.38895829,0.046561992,-0.430037911,0.404434785,-0.376587938,-0.227327175,0.06440221,-0.70043699,0.11697319,-0.14724583,-0.439927158,0.016677694
KEGG_MEDICUS_REFERENCE_MANNOSE_TYPE_O_GLYCAN_BIOSYNTHESIS_POMT_TO_POMK,-0.247799224,0.309318105,-0.688687526,0.008860642,-0.080894139,0.430214707,0.394339263,-0.117026076,0.215916268,0.689971924,-0.494749145,0.411895776,-0.650392795,0.173217505,-0.448172668,0.259963465,-0.190926618,-0.153263381,-0.170466148,-0.514517794,0.209440356,-0.132092912,-0.00191314,0.602195092,0.52618015,0.602112248,-0.567356828,-0.679776401,-0.757594415,-0.670082548,-0.623188445,-0.471275168,-0.829972889,-0.064250756,0.315167373,-0.610376261,-0.526197137,-0.439495009,0.082390254,-0.404711601,-0.207907438,0.194383319,-0.516902709,0.675459851,-0.327528288,-0.438594785,-0.206830604,-0.630339529,-0.52344728,0.198682667
KEGG_MEDICUS_REFERENCE_MDA5_IRF7_3_SIGNALING_PATHWAY,0.504544248,0.350169989,-0.141952825,0.054135402,0.403385615,0.078082686,-0.406987012,0.199846364,0.279707458,-0.064722874,0.422735919,0.432191694,-0.383358302,0.546917661,0.575164793,0.336604227,-0.309532407,0.354798509,-0.510664525,-0.481319807,-0.08172933,0.063030595,0.425022334,0.288370978,-0.078263224,0.007914048,0.105947252,-0.057682663,-0.03211938,-0.303871665,0.017006733,0.213444656,-0.229710785,-0.199343301,-0.220914121,-0.239453325,0.345842999,-0.485264364,0.219438772,-0.168881805,-0.348478772,-0.285703563,-0.143770364,0.010520013,0.526331282,-0.332407824,0.047873126,-0.467836381,-0.209242132,0.070526952
KEGG_MEDICUS_REFERENCE_MDM2_P21_CELL_CYCLE_G1_S_N00066,-0.229129836,-0.119464015,0.135917592,0.226841349,-0.102419416,0.411215743,0.141996197,0.281365265,-0.160473014,-0.004611258,-0.32404087,-0.143818355,-0.049724223,0.200182618,0.046965664,0.171506775,-0.043480844,0.026362322,0.284327947,-0.002295248,-0.233599432,-0.230515939,0.346827534,0.207428813,0.167999143,0.037929535,0.273222155,0.209445541,0.022392777,-0.32758736,0.055299235,-0.341555915,-0.086342171,-0.380671271,-0.058050871,0.104658327,0.036393821,-0.203526379,0.085730036,0.17296801,-0.139899973,0.204690054,-0.063981849,0.053475787,-0.079027144,0.003436167,0.006216131,0.270380939,-0.038801432,-0.080943002
KEGG_MEDICUS_REFERENCE_MDM2_P21_CELL_CYCLE_G1_S_N00536,0.032637643,-0.215660038,0.180447074,0.202593152,-0.365504026,0.298510507,0.404684107,0.378909032,-0.285248222,0.530603902,-0.03058617,-0.396951843,-0.371303867,0.051671728,-0.211592706,0.267071178,-0.38377957,0.341981559,0.434692593,0.013278719,0.1434615,-0.104395174,0.314222508,0.570580127,-0.110848615,0.128866547,0.115233391,0.292149403,0.131531282,-0.275514504,0.218519313,0.042272279,0.069182832,-0.240478275,-0.460005398,0.202095282,0.0142706,0.407290869,0.381428176,-0.231660319,-0.255899113,0.51603798,-0.233367035,0.521208052,0.323383454,0.144615726,-0.233688362,-0.204924389,-0.174784037,-0.186023279
KEGG_MEDICUS_REFERENCE_MEMBRANE_INITIATED_PROGESTERONE_SIGNALING_PATHWAY,-0.070728858,0.157701389,0.420965699,0.021572344,-0.004783825,0.15078478,-0.316542167,0.00807673,0.079381526,-0.255824771,-0.354603839,0.418407994,0.138409119,0.074916509,0.580612448,0.387554627,0.012817041,0.028408254,-0.422584745,0.1181941,0.322640712,0.201603735,-0.109020776,0.173427158,0.03688938,0.375725526,0.336773557,0.328753298,-0.406223567,-0.51377019,0.298014693,-0.245867147,-0.09658999,-0.224225007,-0.138254016,0.213831413,-0.049553209,-0.466372971,0.053344165,0.338505907,0.243204519,0.105063634,0.433492982,0.357109542,0.02346927,-0.029381698,0.205731246,0.417237842,-0.222367897,-0.36814682
KEGG_MEDICUS_REFERENCE_METHIONINE_DEGRADATION,0.482976043,0.07071958,-0.264707598,-0.496897399,-0.114355073,0.5248181,0.213369587,-0.194417084,0.1236674,0.197210289,0.380170517,-0.073431147,-0.354791738,-0.135864162,0.192920197,0.389680065,-0.426077671,-0.079466017,0.141820932,0.118229904,0.31217525,0.24733621,-0.029760149,-0.225705869,-0.541819582,-0.016999347,-0.038731587,-0.223097405,0.07080853,-0.003484522,0.417215152,0.094280293,-0.122484146,-0.487645664,0.528931331,-0.00765177,-0.204207167,0.190140888,0.223286766,0.051110212,-0.422651366,-0.131423542,-0.253196839,0.440834888,0.127529835,0.243861594,-0.139334619,-0.343043776,-0.445315336,0.064515868
KEGG_MEDICUS_REFERENCE_MEVALONATE_PATHWAY,0.07005453,-0.146435224,-0.527566692,-0.113162772,0.21669195,0.111488151,-0.003389222,0.041346935,0.604187922,0.452304648,-0.171726418,-0.03105534,0.356384366,0.108535003,0.353720862,0.556653102,-0.61971486,-0.161441576,-0.18306412,0.470341926,0.064512726,0.228428495,-0.457512473,-0.471091899,-0.013665347,0.476470139,-0.009085677,-0.488549501,0.714684435,0.550542054,0.335249047,0.573287404,0.571162665,0.66298552,0.421941218,0.024250856,-0.263878294,0.03446585,-0.0501403,0.542157856,-0.3041333,0.378486649,0.155384012,0.305187502,-0.062743745,0.337974544,-0.589238964,-0.335161123,-0.48188282,0.628186111
KEGG_MEDICUS_REFERENCE_MGLUR1_TRPC3_SIGNALING_PATHWAY,0.183073771,0.248444943,-0.473315873,-0.381562313,0.339109371,-0.277165249,-0.608910658,-0.425011111,0.164317973,-0.808728767,-0.000140151,-0.313677399,0.037395218,0.424212158,0.71993801,-0.148560082,0.371130268,-0.390887707,-0.581383982,0.260148818,-0.056147319,-0.078187645,-0.300778472,0.245905946,-0.526766343,-0.088428969,0.656010454,-0.100363147,-0.418453048,-0.516002525,-0.06208067,-0.597798578,-0.176836035,0.005818565,-0.503338287,-0.448841938,-0.124834407,-0.597653555,-0.542454981,0.319219186,-0.327638747,-0.524153018,-0.266564806,-0.576277877,-0.636737417,-0.260669584,-0.021126544,0.456869901,-0.083115455,-0.194855219
KEGG_MEDICUS_REFERENCE_MGLUR5_CA2_APOPTOTIC_PATHWAY,-0.113938107,0.040592444,-0.188750419,-0.543602898,0.049156525,0.046383839,0.071922681,0.007506367,0.446789754,-0.172462678,-0.150552264,0.047558927,0.348307137,-0.078137425,-0.030461201,0.284891571,0.208067467,0.380923395,-0.244279513,0.367447531,-0.032046441,0.062101245,-0.148522702,-0.054259328,0.145030081,0.28593308,0.507095828,-0.044356024,0.234339849,-0.004838992,0.292458887,-0.131677646,0.351588939,0.150126181,0.149299317,0.20506486,0.165269253,-0.112504809,-0.167173645,0.176051645,-0.099837369,0.20558225,0.289367876,-0.148736997,-0.119297976,0.123894025,-0.185614774,-0.114801322,-0.311407265,0.130905502
KEGG_MEDICUS_REFERENCE_MICROTUBULE_DEPOLYMERIZATION,0.163738789,-0.189402283,0.51847173,0.183343908,-0.513908604,0.4396638,0.529796388,0.326742657,-0.311654184,0.544672479,0.434298205,-0.040245534,-0.198815841,0.131317965,0.032972015,0.273714242,0.149502246,0.070395104,0.386501201,-0.253895168,-0.03429988,-0.363208686,-0.007591471,0.463548327,0.341848055,0.500511152,-0.332467438,0.42681043,-0.065240691,-0.190586376,0.351015923,0.005920586,0.047542401,-0.209972312,-0.554190029,0.516860598,0.537899712,0.159920658,0.436173642,-0.190611887,0.047472612,0.363495722,0.567664303,0.490267377,0.582069011,0.40972029,-0.158768784,-0.143596956,-0.500998464,-0.533729341
KEGG_MEDICUS_REFERENCE_MICROTUBULE_DEPOLYMERIZATION_AT_THE_MINUS_ENDS,0.254046045,-0.085559469,0.524713506,0.105584768,-0.446692303,0.399910924,0.544368686,0.288829061,-0.36988708,0.486399354,0.533098406,0.090894962,-0.067133043,0.159231873,-0.025660084,0.390041454,0.087948058,0.123000413,0.355277651,-0.350553285,-0.018736373,-0.36335998,-0.044398735,0.491464143,0.538267866,0.524358907,-0.281435461,0.38049197,-0.124721262,-0.130676894,0.290993108,0.015992518,0.158286975,-0.42025037,-0.472388087,0.53113005,0.577148985,0.073070509,0.445691195,-0.307670957,0.273501471,0.24074467,0.549469791,0.52089138,0.529689813,0.386488693,0.094283392,0.047512283,-0.465731295,-0.494490672
KEGG_MEDICUS_REFERENCE_MICROTUBULE_NUCLEATION,0.047439311,-0.126319088,0.406029169,-0.127564402,-0.290162501,0.075449528,0.254743446,0.015149664,-0.250970071,0.432394412,0.213071083,-0.288044606,-0.274319185,0.071458296,-0.265212964,0.451751416,0.0732024,-0.007315654,0.018906512,-0.237215175,-0.136982669,-0.204021303,0.334595169,0.351833125,-0.132015381,0.199851784,-0.253636543,0.231456722,-0.43913751,-0.420406358,-0.174152005,-0.19877313,-0.194464524,-0.163465029,-0.457315515,0.076990415,0.155797493,0.009576691,0.236157457,-0.202710598,-0.078010969,-0.045801388,0.352587176,0.493954683,0.223292151,0.045287799,-0.187356262,-0.110812816,-0.437433221,-0.426988138
KEGG_MEDICUS_REFERENCE_MICROTUBULE_RHOA_SIGNALING_PATHWAY,0.117441716,0.218612685,0.440848429,0.006046477,-0.034260176,0.42652965,0.418131153,0.138256809,-0.079577299,0.36084978,0.321276577,0.130680357,0.036663366,0.516476791,0.084761155,0.425601868,0.251474523,0.10344145,0.115308618,-0.339310287,0.22204659,-0.25750765,0.018485486,0.49365801,0.290879447,0.467528324,0.061723455,0.202115572,-0.230931564,-0.200068657,0.244971926,-0.092782186,0.048180697,-0.274469684,-0.315386692,0.320489624,0.398977263,-0.298311946,0.347817916,0.15312673,0.252703827,0.209262068,0.385777311,0.376763116,0.320446614,0.163205448,0.017387842,0.23889099,-0.435197976,-0.202715782
KEGG_MEDICUS_REFERENCE_MISMATCH_REPAIR,0.548270829,-0.398763842,0.472903234,-0.305970572,-0.271316254,0.329707481,0.419753423,0.477709617,-0.138831111,0.622608795,0.153395183,0.152725541,-0.600034246,-0.375314323,-0.216236233,0.617140243,-0.57883209,0.079191913,0.365235978,0.006961469,0.314966585,0.210942312,0.228040517,0.142098353,-0.342838184,0.104190169,-0.37906295,0.147363963,-0.046659574,0.158509494,0.417259381,0.445376166,0.236659381,-0.17712905,-0.231087238,0.30732992,0.378968505,0.393136026,0.512563545,-0.65217381,-0.440409607,0.238773117,0.195733428,0.370195656,0.617500251,0.464114497,-0.073506701,-0.475035474,-0.606384412,-0.197255708
KEGG_MEDICUS_REFERENCE_MITOCHONDRIAL_COMPLEX_UCP1_IN_THERMOGENESIS,0.34425167,-0.280087676,0.197273515,-0.42239566,-0.171063041,0.374144641,0.29282462,0.520277607,-0.195677357,0.579375446,-0.068462111,-0.205921629,0.249617811,-0.621020154,-0.475962371,0.258336761,-0.24401707,0.637432726,0.385669809,0.440942517,-0.51082438,0.173754648,-0.215345394,-0.543405873,0.169976461,0.282572225,-0.563967373,-0.190288229,0.552306924,0.594356465,0.482870806,0.656105943,0.516999687,0.384304645,0.574766871,0.554971431,0.462632777,0.61969733,0.362345771,-0.385481969,-0.050219184,0.55203444,0.34879049,0.190629081,0.404938005,0.555619438,-0.400614354,-0.601438853,-0.292946858,0.490091382
KEGG_MEDICUS_REFERENCE_MLK_JNK_SIGNALING_PATHWAY,0.551233701,0.349325257,-0.299947704,-0.313857989,0.370552008,0.11085317,-0.039710575,0.038450229,0.460741858,0.027385492,0.229316514,-0.140425978,-0.441412864,0.417279927,0.271569723,0.145406938,-0.16844332,-0.094995348,0.063342965,-0.36538091,-0.068965751,-0.180580845,0.196420024,0.316441849,0.380538729,-0.07107859,-0.314116846,0.075938106,-0.547675734,-0.296833123,-0.218065259,-0.23934879,-0.373330043,-0.336674536,-0.232426583,-0.261347739,-0.500487015,-0.385254158,0.183803259,0.323422011,-0.472818498,-0.162996947,-0.417465705,0.216608342,-0.189748205,-0.297688181,-0.099674973,-0.028040466,-0.422111024,-0.281632742
KEGG_MEDICUS_REFERENCE_MODIFYING_OF_CONDENSIN_II_SUBUNITS,-0.592354292,-0.643874166,0.776235945,-0.144473155,-0.77178261,0.271209714,0.730491898,0.344017451,-0.480303367,0.676141491,0.656498672,-0.209709439,-0.621874954,-0.622145518,-0.03893529,0.203131364,-0.376241485,0.196131837,0.4318615,-0.256993323,-0.038947535,0.483356333,-0.219910873,0.156018769,-0.592070089,0.413193289,-0.149493728,0.248806724,-0.130325954,-0.283800142,0.443147,0.506819079,0.194527378,-0.255574118,-0.77683064,0.392618945,0.441036849,0.520837989,0.704205017,-0.765836492,-0.592449837,-0.01722936,0.734263406,0.570897747,0.668224657,0.578202269,-0.298210092,-0.577783794,-0.78644069,-0.765651236
KEGG_MEDICUS_REFERENCE_MODIFYING_OF_CONDENSIN_I_SUBUNITS,0.106379139,-0.735388396,0.78627829,-0.072633763,-0.899671324,0.380943788,0.75226568,0.693987373,-0.208087448,0.576469242,0.528918163,0.046310196,-0.448614996,-0.659298024,-0.379064849,0.626907683,0.117567446,0.542726621,0.592348642,0.010556708,0.564372628,-0.182505298,-0.521880357,0.360191284,-0.650044945,0.498355425,0.061716142,0.457998737,0.375037272,-0.562786369,0.578110298,0.452472987,0.242433899,-0.318167486,-0.877199314,0.632190156,0.451109812,0.618485224,0.708472435,-0.753496346,-0.585852206,0.219627948,0.750786729,0.741405757,0.696070966,0.641305826,-0.466898059,-0.466702858,-0.72290896,-0.846431472
KEGG_MEDICUS_REFERENCE_MYOSTATIN_SIGNALING_PATHWAY,0.391542952,0.460934466,-0.300700121,-0.328417919,0.521982623,-0.411900861,0.773435598,-0.393471197,0.645486227,-0.210962015,-0.29195202,-0.003068315,-0.064971832,0.328687873,0.031664391,0.215139764,0.264450468,-0.402256863,-0.157803539,0.076179414,0.29326216,-0.032127064,0.17142691,0.77784508,0.356300467,0.333925076,0.042956412,-0.350313197,-0.147002944,-0.392495368,-0.508184598,-0.498829098,-0.609521045,-0.183676089,0.489334331,-0.42670686,-0.299949036,-0.603237424,-0.450590689,-0.015451665,0.213674502,-0.132766276,-0.48595227,0.162667976,0.211082032,-0.653731613,0.085140222,-0.274729153,-0.406024127,0.381845775
KEGG_MEDICUS_REFERENCE_NAD_BIOSYNTHESIS,0.216867293,-0.42993923,-0.110326402,0.001026415,-0.133469025,0.410655344,-0.660060399,0.167721567,-0.156356488,0.525469053,0.227046148,0.057595765,0.023291505,-0.487095233,0.140031194,0.063256948,-0.178952613,0.399461279,-0.096946513,0.24148981,-0.417377428,0.314545555,-0.244701318,-0.332944648,-0.297921972,-0.388461219,0.151173494,0.516166481,0.690557177,0.417410759,0.509342571,0.19110484,-0.078354084,-0.115686322,0.006616127,0.514580667,0.117526026,0.361025807,-0.120607684,0.439539738,-0.13890205,0.059547846,0.320042525,0.307851998,0.218241588,0.171493515,-0.435537729,0.238088724,0.249192827,0.228131313
KEGG_MEDICUS_REFERENCE_NALP12_INFLAMMASOME_SIGNALING_PATHWAY,0.01823801,-0.058349171,0.099251105,0.595094543,-0.457180167,-0.183929543,-0.783815363,0.388611656,-0.510549732,-0.363885455,0.338868771,0.149127523,0.655588965,0.102000502,-0.108709345,-0.098659217,-0.113075322,0.462672894,-0.481247774,0.26749573,-0.369651041,0.699900749,0.289635928,-0.571013495,-0.18860829,-0.483587439,0.50527429,0.742632768,0.703347726,0.597947743,-0.060362718,0.344517941,0.58957831,0.48763175,-0.191684341,0.680697575,0.584064706,0.286999613,0.647886566,0.503446763,-0.013714698,0.388326408,0.612108635,-0.696472074,0.299228747,0.488434528,-0.723909591,0.15536099,0.688466948,0.543008113
KEGG_MEDICUS_REFERENCE_NLRC4_INFLAMMASOME_SIGNALING_PATHWAY,0.105324886,-0.449772391,0.099251105,0.579835625,-0.27470842,-0.111702608,-0.708383642,0.405953962,-0.718848687,-0.23840515,0.145971185,0.196677287,0.630037032,0.110255676,-0.110219021,-0.261265785,-0.114505836,0.427629402,-0.561571024,0.378407611,-0.095188273,0.628086455,0.149717007,-0.447870193,-0.260909223,-0.315635888,0.530435315,0.81796461,0.718397546,0.699663991,0.373364612,0.415793933,0.295754068,0.107010737,-0.203689007,0.747992421,0.574278057,0.220679854,0.601218058,0.586960824,0.021654787,0.60699506,0.574934584,-0.617879499,0.319211599,0.446998176,-0.722243235,0.475825091,0.761887576,0.551570321
KEGG_MEDICUS_REFERENCE_NLRP1_INFLAMMASOME_SIGNALING_PATHWAY,0.192230728,-0.539383398,0.099251105,0.635933629,-0.400097974,-0.333782478,-0.847137049,0.18908087,-0.565550844,-0.143171042,0.135721223,0.017645229,0.512994231,0.294752935,-0.09666617,-0.438048616,-0.114516234,0.330420507,-0.687038791,0.405456085,-0.536338526,0.64399024,0.16142921,-0.580942603,-0.444362633,-0.479323294,0.400154597,0.740025466,0.662956358,0.663377452,0.100288185,-0.097142245,0.735873418,-0.057746098,-0.400155835,0.577151329,0.500029386,0.084694182,0.51374585,0.373225594,-0.016236315,0.509591996,0.382627935,-0.696472074,-0.006004712,-0.049793739,-0.621130118,0.354575676,0.761887576,0.534465165
KEGG_MEDICUS_REFERENCE_NLRP3_INFLAMMASOME_SIGNALING_PATHWAY,-0.14303429,-0.041324536,-0.189972624,0.275061577,-0.19218331,-0.333923602,-0.730200016,0.338967597,-0.460005221,-0.406620814,0.068279192,0.052546638,0.60460561,0.302128245,0.007358249,-0.230940857,0.138990386,0.491920052,-0.570331123,0.248079692,-0.02229231,0.290171703,-0.142214275,-0.643046881,-0.037813381,-0.310618516,0.461765536,0.804159841,0.675911936,0.650604584,0.439812308,0.328038509,0.393002814,-0.186985794,-0.143192266,0.73010287,0.518858025,0.40888675,0.55365532,0.591871193,0.312165794,0.247745649,0.474115687,-0.723154665,0.263731303,0.305980955,-0.685039893,0.636431268,0.69571294,0.535687735
KEGG_MEDICUS_REFERENCE_NODAL_SIGNALING_PATHWAY,0.260792466,0.275830454,0.054540355,0.300562421,0.23217116,0.114339861,0.14269932,0.344012273,0.74277011,-0.197101669,-0.120583752,0.448490236,0.308034979,0.481710676,0.4334556,0.281567367,-0.3140651,0.422775566,0.196552658,0.177225042,0.007851277,-0.068827178,0.163208563,0.59518965,-0.155310893,0.208413277,0.45924365,-0.345572364,-0.173246363,-0.52944277,-0.348330806,-0.35196316,-0.285451462,-0.402338789,0.064641016,-0.196830157,0.167223175,-0.749628488,-0.362421672,0.060944336,-0.096887131,-0.482796803,-0.412875796,0.347996911,0.248548847,-0.531181676,-0.029718987,-0.233769885,-0.144994518,-0.007112393
KEGG_MEDICUS_REFERENCE_NOD_NFKB_SIGNALING_PATHWAY,0.189795727,0.102196712,0.158349374,0.269408598,0.029297291,0.42661523,0.269820622,0.236280142,0.396211834,0.018658867,0.575136399,0.181764012,-0.141243919,-0.045821451,-0.014637374,0.034744079,0.132334118,-0.004471277,-0.385828755,0.285076882,-0.08349129,0.539288447,0.32209616,0.406933846,-0.309602172,0.187217691,-0.056701471,0.363755051,-0.12929153,0.010109216,-0.101015102,0.009652353,-0.494142661,-0.420351073,-0.318556199,-0.125197748,0.272771253,-0.729522443,0.147398207,0.4155354,-0.260673346,-0.074299074,0.238074458,-0.065128664,0.129398666,-0.149043341,-0.057047577,0.1319594,-0.361474663,0.076427584
KEGG_MEDICUS_REFERENCE_NON_CANONICAL_INFLAMMASOME_SIGNALING_PATHWAY,-0.264836561,-0.650034017,0.053260305,0.639510143,-0.256165145,-0.037362961,-0.721484131,0.552659023,-0.610986226,-0.05678761,0.418793955,0.236704947,0.552657702,0.239015958,0.11261831,-0.164496327,-0.003119157,0.596388898,-0.584021598,0.474896686,-0.182958707,0.682970851,0.100686724,-0.597900671,-0.238493539,-0.50311037,0.108297676,0.838913455,0.700662957,0.650663298,0.544806425,0.40703728,0.103195739,-0.302770508,-0.052066337,0.706434437,0.771342916,0.304953235,0.500255295,0.539666467,0.141477593,0.197200894,0.622146016,-0.692175796,0.222937744,0.187550755,-0.281473409,0.571087988,0.630590748,0.454237927
KEGG_MEDICUS_REFERENCE_NON_HOMOLOGOUS_END_JOINING,0.403927341,-0.157842722,0.223419341,-0.122356552,0.353190419,-0.325495714,0.1437342,0.00925238,0.395097663,0.138184663,-0.021515377,-0.391913189,-0.368101017,0.428519123,0.253690596,0.662843802,-0.259008598,0.010203357,0.021424438,0.330650044,-0.07752773,-0.100656184,-0.086512158,0.574988058,-0.533985041,-0.003880155,0.253513387,-0.149982118,-0.353740159,-0.368581457,-0.147995747,0.061012447,-0.092964567,-0.576257676,0.321441483,-0.600157773,-0.355954278,-0.415774388,0.257007499,-0.404666819,-0.232041177,-0.476539737,-0.208120393,0.244901918,0.121645521,-0.179062133,0.103864769,-0.294882162,-0.553847887,-0.11336759
KEGG_MEDICUS_REFERENCE_NOTCH_LIGAND_UBIQUITYLATION,-0.484366959,-0.326941677,-0.256523025,0.188780632,-0.254560737,-0.342004873,0.530127218,-0.581156576,-0.04457558,-0.303804946,-0.068961766,-0.535100301,0.018902233,-0.157595451,0.079775666,-0.273479454,0.548182982,-0.4083684,0.139258217,-0.47920604,0.15499627,-0.497580757,-0.393972433,-0.504885046,0.09584099,0.663669905,-0.303791037,-0.476644937,-0.429997163,-0.703472397,-0.264122566,-0.236487187,-0.448153381,-0.495812615,-0.544940425,-0.435349867,-0.173593371,0.319010707,-0.67263066,-0.034326053,0.144024731,-0.159158475,-0.238125179,0.045694786,-0.446834734,-0.121960247,-0.116165719,-0.07122751,0.198953639,-0.646876056
KEGG_MEDICUS_REFERENCE_NOTCH_MESP2_SIGNALING,0.670003084,0.036122382,-0.022798761,0.598476651,0.033057198,-0.475999116,-0.118017636,-0.094618859,-0.7056637,-0.413539804,-0.17027123,0.272073806,0.25379398,0.438601521,-0.434100527,-0.809020649,0.302983781,-0.807093657,0.488071973,-0.513169206,-0.60855496,0.521928907,0.108565041,-0.366827452,-0.252601101,-0.150410539,-0.135761708,-0.188822347,-0.101568333,0.431616975,-0.616313568,-0.120348063,-0.184664006,0.213400282,-0.513772421,-0.082378417,-0.191818502,-0.755454907,-0.719555197,-0.384479779,0.00955776,0.534868783,0.080055079,-0.134408201,-0.303814577,-0.209772075,-0.163701844,-0.01533605,0.481868903,0.521095609
KEGG_MEDICUS_REFERENCE_NOTCH_PROTEOLYTIC_ACTIVATION,-0.043457491,0.090208093,0.176023908,0.637382816,0.409578986,0.249033693,-0.042125405,0.193822534,0.070416933,0.189453571,0.195213187,0.222293166,-0.061749189,0.243503511,0.105715109,0.102788177,0.253135618,-0.274146829,0.266866198,0.046607314,0.552990344,-0.147641168,-0.124931376,0.307415016,0.413797989,0.47221916,0.138235792,-0.171277487,-0.542126416,-0.487760021,0.388674593,-0.118187498,-0.256099067,0.429903812,-0.289648237,0.035938186,0.03555371,-0.194346388,-0.306385877,0.233884583,0.280935559,0.165012318,-0.027657835,0.224629151,-0.239083447,-0.096215104,0.520049002,0.078900799,-0.282118594,0.244811741
KEGG_MEDICUS_REFERENCE_NOTCH_SIGNALING_PATHWAY,-0.483116896,0.167081062,-0.039992675,-0.13465521,-0.086397078,-0.343466549,0.336813349,-0.430505305,0.022178493,-0.551644839,0.017066699,-0.558457074,-0.416694421,0.264449706,-0.041336876,-0.380365062,0.720222496,-0.362974272,-0.278540434,-0.45456437,0.435677074,-0.053118492,-0.364405274,-0.233259504,0.564500869,0.53158603,-0.502658896,-0.54041365,-0.616624371,-0.662632307,-0.479767258,-0.383224573,-0.401816823,-0.102022391,-0.502536254,-0.430492511,-0.14388223,0.175789161,-0.625840334,0.237515448,0.046599492,-0.37050227,0.039936053,-0.120147446,-0.596637079,-0.201011448,0.117126236,0.023416986,-0.001243863,-0.588301866
KEGG_MEDICUS_REFERENCE_NRG_ERBB4_PI3K_SIGNALING_PATHWAY,-0.016335936,0.07639766,0.105197418,-0.23522801,0.403405969,0.119648679,-0.395054257,-0.006560687,-0.043726289,-0.070531401,-0.121826156,0.134351491,0.216281941,-0.284945492,0.344702244,0.485168967,0.175027965,-0.040058261,-0.539028316,0.019868485,-0.03115591,-0.253748749,-0.030364627,0.199959309,0.191016908,0.229992735,0.362870947,0.46780147,-0.53316309,-0.454282878,-0.119088703,-0.366278545,-0.00846429,-0.242462968,-0.167502535,-0.042764937,-0.433040224,-0.242537498,-0.160555716,0.57037716,0.367869909,-0.284377595,0.200772033,0.404521037,-0.01171126,-0.253519277,-0.137382241,0.429517661,-0.147799725,-0.031501644
KEGG_MEDICUS_REFERENCE_NUCLEAR_EXPORT_OF_MRNA,0.3700529,0.299461591,0.393129517,-0.452886288,-0.204626123,0.223269716,0.090144128,0.132653004,0.04103887,0.398920298,0.237119345,-0.315455344,-0.485283737,-0.09499034,-0.280845156,0.580284447,-0.387540092,-0.156254911,0.22123748,-0.267463316,0.365895341,0.032949089,-0.104653873,0.534805297,-0.245531063,0.034069231,-0.192620913,-0.060455172,-0.071222794,-0.059670774,0.116516053,0.135221874,0.088049664,-0.107312874,-0.367896836,0.026356976,0.303112204,0.278120956,0.466118606,-0.460358776,-0.519184545,0.005735539,-0.092825583,0.459972141,0.310685764,0.119633797,0.006651704,-0.375165147,-0.664049969,-0.10173911
KEGG_MEDICUS_REFERENCE_NUCLEAR_INITIATED_ESTROGEN_SIGNALING_PATHWAY,-0.010439478,0.111456371,-0.340395122,-0.350601343,0.191493685,-0.304741875,0.23154956,0.023103592,0.09103823,-0.227697659,-0.150772679,-0.001002534,0.195989417,-0.255564571,-0.020694051,-0.501253794,0.504607126,0.102266141,-0.524478058,-0.242478871,0.484105144,-0.060707315,-0.06319646,-0.330988598,-0.244495112,-0.158977472,0.282520033,0.258730259,-0.020966796,0.0277705,-0.256773681,-0.263656693,-0.098367984,0.442054785,-0.211139195,-0.349732446,-0.449812338,-0.255012045,-0.302523457,0.267406788,0.169289163,-0.129646076,-0.028039934,-0.247179785,-0.362207651,-0.409249601,-0.057958077,0.507086827,0.183820758,-0.013288311
KEGG_MEDICUS_REFERENCE_NUCLEAR_INITIATED_PROGESTERONE_SIGNALING_PATHWAY,-0.495389273,-0.351097368,-0.011366208,0.609019586,0.64492394,-0.580368838,0.612158924,-0.620776625,-0.514088019,-0.743000025,-0.402595207,0.122650354,0.374174476,0.676213337,0.261384809,-0.446520157,0.409698723,0.027184669,-0.173584049,-0.427435154,-0.389073337,0.14138297,-0.250495812,-0.670949701,0.17026076,0.391257959,-0.363129756,0.031178881,0.478929379,0.056190024,-0.240505718,0.030046016,-0.234864206,-0.528392162,0.147800319,-0.012361274,-0.36589195,0.162774507,-0.536293112,0.394413544,0.771965482,0.018022383,-0.016888629,-0.591284579,-0.300054415,0.038894842,-0.276214306,0.638662271,0.592500989,0.156275377
KEGG_MEDICUS_REFERENCE_N_GLYCAN_BIOSYNTHESIS,-0.122020985,-0.099271462,-0.145391043,0.461329892,0.150692331,0.003470691,0.208539134,0.216946738,0.59168651,0.445950845,0.135953984,0.44067383,0.015577593,0.060458432,0.55557731,-0.183231576,0.12486541,-0.156542492,0.290232816,0.036899365,0.543848325,0.031627771,0.199550539,0.201571276,0.368187595,0.525304128,-0.10196826,-0.459301278,-0.435101772,-0.406843731,0.087369631,-0.47291018,-0.380814641,0.11034616,0.053264088,-0.191680409,-0.050555027,-0.102869863,-0.152293955,-0.059480325,0.401258913,0.236908064,0.055185358,0.015890741,-0.409170967,0.141567273,0.410552608,-0.010005659,-0.627592638,-0.022406544
KEGG_MEDICUS_REFERENCE_N_GLYCAN_PRECURSOR_BIOSYNTHESIS_ALG6_TO_OST,0.093655055,-0.216648561,0.08498248,0.292119091,-0.400787996,0.559746307,0.488301165,0.622113814,0.196546,0.554780833,-0.328894604,0.433595524,-0.129831396,-0.621388473,-0.369034926,0.239751896,-0.036540521,0.482506663,0.654158643,-0.385595955,0.540102235,0.138722309,-0.008984752,-0.473471557,-0.161022689,0.386818754,-0.451411092,-0.299726621,-0.026755084,-0.448831096,0.555209409,0.409626616,0.378208515,0.45068323,-0.194883847,0.22817212,0.114786362,0.516646538,0.419358377,-0.527700945,0.176684001,0.203906935,0.143805916,0.366454054,0.404577116,0.470975401,0.230545797,-0.566740614,-0.574991912,0.266246778
KEGG_MEDICUS_REFERENCE_N_GLYCAN_PRECURSOR_BIOSYNTHESIS_ALG7_TO_ALG11,0.387259428,0.173891796,-0.423086942,-0.636462337,0.117977564,-0.048817903,0.302436484,0.061663688,0.72000182,0.044289591,-0.142284939,-0.257100559,0.036782561,-0.325528312,-0.353677273,0.134428931,-0.090827398,-0.022488647,0.544040156,0.09070106,-0.220511956,0.269744698,0.28284312,-0.257140947,-0.239311498,-0.002082394,0.043007121,-0.037345883,0.496385639,0.241651755,0.159898935,0.509811248,0.573621335,0.574557769,0.585671913,-0.092800916,0.03442537,-0.031863252,-0.041694068,0.237542268,0.416801963,-0.363942226,-0.533122862,0.000268634,-0.020468409,0.250902296,-0.238503268,-0.632734234,-0.433804852,0.731546652
KEGG_MEDICUS_REFERENCE_N_GLYCAN_PRECURSOR_BIOSYNTHESIS_GLC_6P_TO_MAN_P_DOL,-0.042933508,-0.281757811,0.110617661,-0.323658815,0.00792424,0.241585554,0.714999259,0.264933959,0.350061503,0.62343636,0.648288612,-0.414105436,-0.444405883,-0.379365981,-0.01810725,-0.203658045,-0.332719297,-0.183613385,0.126054425,0.405573895,-0.490303831,0.155435577,0.18899048,-0.302456806,-0.080095504,-0.177780755,-0.51940249,-0.177001534,0.099539053,0.283341182,0.462145493,0.411090046,0.230972356,0.123865557,0.537128895,0.284244036,0.110843893,-0.305129261,0.519071636,-0.210196584,-0.44476672,0.365516172,0.216723853,-0.178157172,0.254722326,0.640789606,-0.072952392,-0.670929351,-0.560421909,0.155104921
KEGG_MEDICUS_REFERENCE_OKAZAKI_FRAGMENT_MATURATION,0.460368176,-0.51837956,0.442694367,-0.445657315,-0.532839187,0.511795316,0.475303119,0.064762822,-0.332017223,0.576610073,0.512886147,-0.393221416,-0.471635384,-0.510081115,-0.263693722,0.508080811,-0.730071236,0.20404209,0.136276566,0.349464853,-0.238205429,0.312423633,-0.003253412,-0.392523343,-0.292227857,-0.105148026,-0.407890082,0.079097803,0.153282122,-0.073858363,0.553504766,0.3108525,0.430911727,-0.047478716,-0.522742693,0.108177936,0.358386141,0.404527116,0.615200636,-0.621942752,-0.407844888,0.184306541,0.43413857,0.431045457,0.691466812,0.511476604,-0.445931229,-0.55317391,-0.230754133,-0.283162673
KEGG_MEDICUS_REFERENCE_ORGANIZATION_OF_THE_INNER_KINETOCHORE,0.28797493,-0.680292568,0.520460725,-0.238512475,-0.665872904,0.302288154,0.384629393,0.266741179,-0.496719117,0.693723813,0.036507777,-0.291070335,-0.672037127,-0.69449654,-0.435003266,0.423966962,-0.424477884,0.050298125,0.617917313,-0.147873738,-0.390258939,0.044169452,-0.359531016,0.065281324,-0.304065968,-0.141976928,-0.278002149,0.288045815,0.474406895,0.222836873,0.391964398,0.541190386,0.418760608,-0.109056088,-0.468583572,0.483243579,0.575374724,0.697782283,0.630938947,-0.716224691,-0.50577629,0.335869188,0.439660668,0.519142391,0.685906044,0.589798366,-0.576952316,-0.623411287,-0.51907747,-0.427954289
KEGG_MEDICUS_REFERENCE_ORGANIZATION_OF_THE_OUTER_KINETOCHORE,0.240795096,-0.571884408,0.501133377,-0.156202006,-0.689390244,0.424646379,0.483552638,0.234030286,-0.465884577,0.695359398,-0.062376744,-0.137809031,-0.534379308,-0.602976657,-0.414397522,0.435279651,-0.507466922,0.298504462,0.517835827,0.164754855,-0.272996866,-0.203042826,-0.429142889,-0.170496254,-0.35333704,0.41260018,-0.326663973,0.281029832,0.491293889,0.285755558,0.489727827,0.570708377,0.349229425,0.062093729,-0.410596254,0.317668017,0.48934761,0.566434797,0.614968521,-0.669806876,-0.481728064,0.389760476,0.476044275,0.622619037,0.61698583,0.471088774,-0.481314173,-0.556683314,-0.659298989,-0.238659545
KEGG_MEDICUS_REFERENCE_ORIGIN_UNWINDING_AND_ELONGATION,0.388663093,-0.55587506,0.578730476,-0.142089972,-0.630538729,0.52353751,0.615287677,0.460387384,-0.358549715,0.693420228,0.361852186,0.076227148,-0.604994395,-0.495485469,-0.198440549,0.54454543,-0.527584131,0.198586524,0.443497263,-0.127623807,0.489959613,0.312247414,0.26017598,0.114499901,-0.349313274,0.177079787,-0.398689834,0.329089673,0.257975286,-0.086816677,0.591209492,0.399850528,0.263997914,0.068084046,-0.556547666,0.497255104,0.347717705,0.60326055,0.670735244,-0.702392984,-0.434464118,0.412049735,0.546734036,0.526305758,0.66433101,0.612943558,-0.370101296,-0.441921189,-0.695661624,-0.533335336
KEGG_MEDICUS_REFERENCE_P15_CELL_CYCLE_G1_S,-0.245571571,-0.269204631,0.228446799,0.127950799,-0.208543763,0.353975359,0.110508668,0.461207278,-0.277086045,-0.18713685,-0.294911995,-0.024050517,0.005923022,0.158215143,0.111374114,0.37673205,-0.080595793,-0.308430371,0.020403234,-0.198784151,-0.290009495,-0.242786538,0.039298923,0.09639934,0.012707235,-0.071344209,0.325198053,0.174869905,-0.189488896,-0.376268768,-0.001519609,-0.216489672,-0.386010147,-0.494052626,-0.215263715,-0.01155376,0.286067033,-0.324915532,0.08532367,0.205240551,-0.063872827,-0.248621743,-0.052956243,0.131686491,-0.113925505,0.068114712,0.081161586,0.262846569,-0.321602409,-0.465486245
KEGG_MEDICUS_REFERENCE_P16_CELL_CYCLE_G1_S,-0.283178989,-0.341767881,0.235763445,0.221377777,-0.326157447,0.364213386,0.160019297,0.398616849,0.136740574,0.004760385,-0.299383788,0.012322156,-0.225640072,0.123031519,0.243574166,0.331372518,-0.001517533,-0.205386005,0.329524502,-0.257227464,-0.251208002,-0.354895076,0.133342214,0.217471314,0.128226159,0.102505725,0.280964723,-0.094533412,-0.054646225,-0.309753906,0.232365519,-0.241333841,-0.278699088,-0.50667396,-0.266621526,0.203038228,0.219042457,-0.141218311,0.201358103,-0.003022571,-0.16353866,-0.022016777,0.121008665,0.030821815,0.125448543,0.217123482,-0.079980512,0.224393492,-0.365861741,-0.524099786
KEGG_MEDICUS_REFERENCE_P27_CELL_CYCLE_G1_S,0.048227295,-0.371509068,0.316773982,-0.197334142,-0.317280489,0.021095418,0.440419304,0.449577323,-0.175191071,0.510574364,0.497625421,0.058171254,-0.275693711,-0.443921058,0.109468578,0.45051219,-0.45856735,0.260887832,0.41368941,0.024773177,-0.007761034,-0.401704958,0.137831038,0.25101053,0.138251119,-0.2123874,-0.160508548,0.480265548,0.270922022,0.118889462,0.456365466,0.654026591,0.231863755,-0.231600598,-0.436396186,0.512744033,0.452733006,0.523026007,0.557234614,-0.375529177,-0.026074668,0.320543347,0.239133712,0.510741733,0.559937756,0.562620149,-0.417411298,-0.31763837,-0.425426143,-0.349219832
KEGG_MEDICUS_REFERENCE_P300_P21_CELL_CYCLE_G1_S,-0.28260171,0.032589185,0.187336671,0.065033335,0.13829708,0.070865611,-0.08945644,-0.006883616,-0.008962443,-0.11431165,-0.243473152,0.096348944,-0.091876049,0.288312361,0.228366101,0.217270203,-0.102917802,-0.305072257,0.214473055,0.109039663,-0.011344908,0.103593036,0.245252254,0.224404279,0.051368114,-0.159004594,0.218110105,0.302670643,-0.322994777,-0.401482286,-0.071630441,-0.35213124,-0.168955834,-0.469630345,-0.184145166,-0.122749614,0.009133439,-0.372836265,0.092781761,-0.054978156,-0.163051236,-0.273636604,-0.133353232,0.144670813,-0.259114074,-0.008047304,0.083850945,0.281898164,-0.193516758,-0.104951631
KEGG_MEDICUS_REFERENCE_P4_PR_PI3K_SIGNALING_PATHWAY,0.069692304,0.351323379,0.463054409,0.272924188,0.003239019,0.101866823,0.023158078,-0.45313254,0.084447036,-0.094918406,-0.15985578,0.229824011,0.147689997,-0.089891697,0.547767306,-0.424538511,0.196118626,-0.481986183,-0.535326754,-0.291252665,0.32308093,-0.031014768,-0.162802796,0.444492078,-0.136391663,0.25602963,0.465613672,0.251107525,-0.529873646,-0.499904201,0.168689158,-0.4816787,-0.164434928,-0.350828092,-0.321607913,-0.011478821,-0.283671478,-0.484115971,-0.235760001,0.455060228,0.525376231,-0.041606498,0.351680367,0.268546147,-0.006626716,-0.249102636,0.355572938,0.359856695,-0.380636488,-0.391767301
KEGG_MEDICUS_REFERENCE_P4_PR_RAS_ERK_SIGNALING_PATHWAY,0.285813869,0.290807288,0.434987747,0.130649429,0.100333819,0.170830755,0.305764133,-0.099748232,0.224825259,0.189338917,0.05758912,0.306437228,0.126930823,0.154648066,0.308237434,-0.004663506,0.360258752,-0.265491166,0.341455147,-0.30560147,0.152621193,0.210108474,0.179389999,0.346370189,-0.089139154,-0.14534226,0.462819753,-0.519682245,-0.467688005,-0.274438055,-0.378894305,-0.253184873,-0.098256857,-0.019552522,-0.31388076,-0.249282495,-0.040246732,-0.50115535,-0.106414076,0.29765962,0.084692164,0.144075109,0.051305757,-0.079148909,-0.234195813,-0.206750873,-0.069297187,0.069490232,-0.450337803,-0.475236141
KEGG_MEDICUS_REFERENCE_PDGF_PDGFR_PI3K_SIGNALING_PATHWAY,-0.075409268,-0.123292486,0.3103862,0.288761669,0.287507269,-0.272518704,0.010194769,-0.376580137,0.281617639,-0.342282299,-0.187590664,0.297794635,-0.113353173,0.315593502,0.216200761,0.123400525,0.420471294,-0.393061635,-0.172559354,-0.429566613,0.208360969,0.038860321,-0.255105256,0.320390114,0.138047261,0.436329298,0.032315903,-0.294502746,-0.506265078,-0.557351668,0.134810681,-0.390842099,-0.292674569,-0.348612696,-0.457457318,-0.215864904,-0.052966571,-0.539911567,0.019930571,0.511905287,0.416383171,0.117804939,0.319616634,0.232104642,-0.326019006,-0.037288848,0.557085273,0.223069579,-0.491171784,-0.453756252
KEGG_MEDICUS_REFERENCE_PDGF_PDGFR_PLCG_CAMK_SIGNALING_PATHWAY,-0.369269541,0.15841949,0.156878943,0.601864077,-0.06345258,-0.347506048,0.103107617,-0.481053524,-0.102980415,-0.395366565,-0.262546671,0.292695957,0.287037305,0.338948887,0.053730078,-0.418676603,0.442319485,-0.32848763,-0.379196813,-0.225728383,0.334241924,0.209306257,-0.283175696,-0.178189526,0.365016525,0.165929862,-0.065346324,0.140991338,-0.249771304,-0.125619761,-0.074053615,-0.197841917,-0.287781952,-0.096552654,-0.254461738,0.130821716,0.299771797,-0.28621109,0.016681774,0.183546129,0.523461759,0.08126651,0.382500476,-0.251977529,-0.371784212,-0.097304982,0.017531915,0.525550406,0.225834277,-0.311363735
KEGG_MEDICUS_REFERENCE_PDGF_PDGFR_RAS_ERK_SIGNALING_PATHWAY,-0.177024436,0.05333274,0.35265694,0.428675482,0.222146961,-0.227288421,0.28280555,-0.195636768,0.29408428,0.05812936,-0.034464959,0.280546181,0.122905912,0.292258172,-0.088334809,0.020875786,0.542504506,-0.263850223,0.313769533,-0.283924976,0.18639953,0.208461988,0.060201553,0.291295133,0.174474378,-0.112760992,0.223938962,-0.499720628,-0.490911133,-0.352560624,-0.288071597,-0.297059429,-0.120033665,-0.142982889,-0.361408006,-0.25792995,-0.039324408,-0.54686951,0.144524677,0.424752801,0.281127461,0.06607916,0.123151334,-0.065856748,-0.306750188,-0.252600469,0.190693065,0.210062887,-0.414735248,-0.504278769
KEGG_MEDICUS_REFERENCE_PDL_PD1_SHP_PI3K_SIGNALING_PATHWAY,-0.417469057,0.130505415,0.112615017,0.456717196,-0.342185811,0.073527836,-0.559279474,-0.068731997,-0.424551997,-0.513543601,0.097155343,0.089135738,-0.306175249,-0.322168267,0.387840714,-0.344418173,0.454502098,-0.113124686,-0.645437108,0.194223827,0.443257026,0.216425993,-0.309316524,0.016551833,-0.042509025,0.020596329,-0.111642599,0.467592752,0.22389258,-0.214463574,0.172392885,-0.603403897,-0.699578578,0.001193295,-0.509697141,-0.046180245,0.141524256,0.035121397,0.287270291,0.571692653,0.164083849,-0.580017979,0.093674728,-0.039377964,-0.579636797,-0.151944767,-0.319574389,0.790055498,-0.013940901,-0.525755333
KEGG_MEDICUS_REFERENCE_PINK_PARKIN_MEDIATED_AUTOPHAGOSOME_FORMATION,0.083287394,0.138946975,0.297276378,-0.443044894,0.415429334,0.227687975,-0.145257139,0.561503674,0.209656927,0.295815625,-0.09786449,0.139313809,0.511804402,-0.019710718,-0.092258352,-0.117354014,-0.168642793,0.180315821,-0.4581568,0.29257013,0.513907925,0.322301595,0.426146197,0.137977083,0.234053634,-0.093478503,0.359966847,-0.041297066,-0.011539862,0.32887899,-0.071049176,0.096958175,0.136095785,0.135495333,0.43666722,0.273342021,-0.059279366,-0.023639316,0.199140179,-0.066480221,0.473772794,0.208042707,0.490216676,-0.44637942,0.115825693,0.220521071,0.257782482,-0.158823846,-0.326196522,0.478357348
KEGG_MEDICUS_REFERENCE_PKA_HOLOENZYME,-0.624985925,0.040282931,0.292823049,-0.066865187,0.683958694,-0.373322653,-0.17342682,-0.109039954,0.287314543,-0.258872792,-0.327025394,-0.011880779,0.461392881,0.444259661,0.382129887,0.072901603,0.254844715,-0.468775134,-0.069167561,-0.076100824,0.180363809,0.163864854,0.360689386,0.627114176,0.120736329,-0.022649341,-0.129413772,-0.404639079,-0.420439226,0.232710314,-0.417001436,0.030676717,-0.234097383,0.123438228,0.024396004,-0.164514058,-0.186309355,-0.603924572,-0.601719435,0.506194887,0.138001093,-0.11664477,0.093123985,-0.488269835,-0.300599476,0.309986939,0.261745925,0.555804832,-0.285385998,0.343577738
KEGG_MEDICUS_REFERENCE_PKR_EIF2ALPHA_SIGNALING_PATHWAY,0.556253777,-0.031828534,0.252101907,-0.157476762,-0.026531901,0.612330602,0.484498494,0.510877968,-0.19598609,0.647158186,0.342917413,0.694790511,-0.244981356,-0.391266123,-0.363263521,0.603199215,-0.496220254,0.259262433,0.543588067,-0.587515605,0.210294785,0.576953513,0.275023315,0.229584141,-0.166899884,0.101794531,-0.64560811,0.516409169,-0.132775826,0.034390841,0.218171332,0.613363098,0.339152818,0.202962071,-0.071766657,0.322549317,0.535697412,0.437785213,0.554593224,-0.181120837,-0.005030338,0.165178246,0.257137356,0.664533038,0.621965527,0.042367471,0.419609518,-0.732043874,-0.393529691,0.412877841
KEGG_MEDICUS_REFERENCE_PLASMIN_MEDIATED_ACTIVATION_OF_LATENT_TGF_BETA,-0.303729606,-0.091662489,-0.147507421,0.39217314,-0.242489409,-0.535737151,-0.546583255,0.317048518,0.060954366,-0.640555907,-0.088202003,0.460499062,-0.354842808,0.75915971,0.431666473,-0.050189051,0.536820607,-0.530263464,-0.218406321,-0.689948796,0.301491825,0.629058356,-0.293381598,-0.433042929,0.638019023,-0.139157116,-0.392508437,0.447617237,-0.413373741,-0.491188191,-0.46531638,-0.411509504,-0.52143877,-0.01128057,-0.643219242,-0.338039009,-0.108925187,-0.306921758,-0.592455555,0.050873809,0.718872178,-0.007208286,0.494916144,-0.065349007,-0.562848026,-0.059889462,0.743252705,0.698834238,0.190873243,-0.629656421
KEGG_MEDICUS_REFERENCE_PP2A_AKT_SIGNALING_PATHWAY,0.034071351,0.474417106,0.47421991,-0.275864976,0.382922706,0.104605193,0.543329833,0.147455388,0.085804183,0.199382425,-0.052921669,-0.114448396,-0.131357955,0.012020456,-0.079953946,0.341643981,0.416933667,0.399525982,-0.269418886,-0.419238955,0.400801699,0.142574918,0.307494102,0.373397701,0.416417977,0.3390957,-0.223768666,-0.121579323,-0.318597528,0.059003165,-0.041702105,0.116551536,0.034475471,0.163466866,0.267721385,0.233030686,0.220418397,-0.025254606,-0.128447313,0.256599592,0.167638846,0.220633476,0.313835908,0.062230335,0.357518189,0.331573619,-0.022459864,-0.121529608,-0.445506001,0.14833429
KEGG_MEDICUS_REFERENCE_PRE_IC_FORMATION,0.35044173,-0.591168557,0.579865407,-0.185624551,-0.771545803,0.504191847,0.593915751,0.504635141,-0.278723546,0.667869056,0.570714836,-0.051859197,-0.599215271,-0.449097289,-0.116007119,0.624178891,-0.554718783,0.203203854,0.473743431,0.134875386,0.474404494,0.214175111,0.174938975,0.254390354,-0.294104794,0.09110679,-0.329805125,0.259542929,0.318862662,-0.283160236,0.439062282,0.411905566,0.187495497,-0.12814356,-0.665121463,0.448335054,0.327426355,0.628480972,0.69506872,-0.704190808,-0.61526501,0.061510956,0.468500412,0.599614697,0.650712098,0.611927729,-0.456884303,-0.570814949,-0.703440904,-0.651624865
KEGG_MEDICUS_REFERENCE_PRL_JAK_STAT_SIGNALING_PATHWAY,-0.123691808,0.175936745,0.570775328,0.581829664,-0.27693385,0.3089864,-0.124944183,-0.485697822,0.024340053,0.074972934,0.06898888,-0.484579723,0.111331649,-0.210026832,0.716975179,-0.007409658,0.257217611,-0.469325153,-0.634788885,0.560570642,0.51735656,0.1959142,-0.451450594,-0.057814754,-0.51877718,-0.415903719,0.435823526,0.349728202,0.092439226,-0.55884715,-0.001661375,-0.522521874,0.290350468,0.279357482,-0.581418686,-0.076676785,0.400034151,-0.343345956,-0.2489917,0.511097077,0.352399856,0.13041223,0.021472393,-0.436501521,-0.655968385,-0.300604723,-0.196280597,0.812158379,0.599326643,-0.617900477
KEGG_MEDICUS_REFERENCE_PRNP_PI3K_NOX2_SIGNALING_PATHWAY,0.052465349,0.17456687,0.342389276,0.303924272,0.239176187,-0.039406409,-0.228138955,-0.098182975,-0.181453343,-0.383832628,0.259065419,0.108746152,0.382768618,0.049348756,0.217126175,-0.383099499,0.26181547,-0.287902474,-0.196208133,-0.018151272,0.102960987,0.13675483,-0.054082594,0.086083882,0.196670537,-0.193399118,0.49121408,0.317856738,0.143152989,0.128689789,0.037530007,-0.176156069,-0.127102393,0.095836308,-0.371427133,0.230524851,0.228258052,-0.223244498,0.183846123,0.340632405,0.315809714,0.064607639,0.381664397,-0.270912837,-0.045103644,0.034096027,-0.09522947,0.357720447,0.024698979,0.179972119
KEGG_MEDICUS_REFERENCE_PROK_PRKR_GI_ERK_SIGNALING_PATHWAY,-0.336579552,-0.024451863,0.472004852,0.205334137,0.189504891,0.422978071,0.289337455,0.111128979,-0.3648214,0.054588108,0.106382751,0.794820897,0.680143,0.464408108,-0.251383073,-0.105706233,0.256446217,0.035381025,0.157742303,-0.468564787,0.73607607,-0.085664801,0.1863906,0.401744806,0.369088623,-0.451292162,0.499619647,-0.534196131,-0.248426344,0.251015068,0.223230664,0.274595263,0.364020687,0.507525163,-0.540351915,0.178673876,0.336817811,-0.515556671,0.313586464,0.52269686,0.692532554,0.133740728,0.61662134,-0.246234253,-0.014850459,-0.169595202,0.523017548,0.382509822,-0.046287106,-0.159433366
KEGG_MEDICUS_REFERENCE_PROMOTION_OF_MICROTUBULE_GROWTH,0.023519492,0.256989776,0.498273601,0.224306534,-0.188965896,0.366709011,0.367916061,0.082677458,0.035864016,0.382194697,0.440566449,-0.03411026,-0.147341419,0.483276517,0.147737668,0.445538155,0.264433537,-0.003435034,0.127753617,-0.375164272,0.181433592,-0.305578243,0.068926622,0.505761905,0.554389023,0.532567607,-0.183226277,0.336399159,-0.383092758,-0.258632758,0.248548549,-0.25712784,-0.093983941,-0.26045712,-0.46835167,0.303258717,0.314002256,-0.303437829,0.415062323,0.164854919,0.282265751,0.075477782,0.429241024,0.389215643,0.370598309,0.180844634,0.167828865,0.16953117,-0.460150578,-0.474939779
KEGG_MEDICUS_REFERENCE_PTH_PTH1R_PKA_SIGNALING_PATHWAY,-0.05640504,0.280877207,-0.205753336,-0.033009228,0.478887552,-0.359673709,-0.091198527,-0.461204268,-0.067384774,0.317975624,-0.43848925,-0.216360044,-0.020116391,-0.108536495,0.227286217,-0.311681743,0.290984648,-0.443388023,-0.307946314,0.070819942,0.316531461,0.046635302,0.083697664,-0.288971443,0.308449164,0.35957628,0.185178795,0.186281496,-0.500029293,-0.494428003,-0.182126483,-0.433969552,-0.367699401,-0.167625409,-0.224575255,-0.392247689,-0.574119424,-0.450650477,-0.287024405,0.610449045,0.380474585,-0.217136993,-0.181540077,-0.195800578,-0.230343434,-0.370239139,-0.186973706,0.338420441,0.040654491,-0.259061612
KEGG_MEDICUS_REFERENCE_PURINE_SALVAGE_PATHWAY_ADENINE_TO_AMP,-0.300050974,-0.119360524,0.196819963,-0.144689139,0.45873704,0.131849485,-0.011631188,0.64866382,-0.287316974,-0.12381864,0.249780992,-0.248981434,0.365086735,-0.382457809,-0.313393502,0.407095357,-0.112079979,0.600279405,0.160383524,0.153541257,-0.595163799,-0.252713315,0.247633701,-0.232862527,-0.145594746,-0.114294769,0.07397971,0.448786181,0.341987826,0.257320867,-0.103068592,0.384635688,0.06916155,0.232923126,0.49077011,0.377154512,0.512910255,0.116606498,0.457104376,-0.148520603,0.094724345,0.545855968,0.51244035,-0.219786535,0.390395848,0.276695011,-0.577585709,-0.110008324,-0.225405223,0.54547048
KEGG_MEDICUS_REFERENCE_PURINE_SALVAGE_PATHWAY_HYPOXANTHINE_GUANINE_TO_IMP_GMP,0.180505066,-0.162722218,0.287270748,0.243474589,0.168238975,0.235680424,-0.015254328,0.615770401,-0.436172312,0.061825188,0.280581088,-0.069882674,0.306393064,-0.216487014,-0.289277917,0.411249252,-0.205042551,0.599969034,0.152078088,-0.056732254,-0.594589489,-0.190424061,0.269464535,-0.042801961,-0.210295291,-0.186030095,0.070511525,0.447042439,0.344312664,0.271363628,-0.103068592,0.551573397,0.191876493,0.061400929,0.203648839,0.430466569,0.645858905,0.424170541,0.620396731,-0.17259567,0.097948147,0.483975748,0.570669717,-0.14690568,0.518610739,0.265609217,-0.603155198,-0.114459012,-0.190100711,0.374601498
KEGG_MEDICUS_REFERENCE_PYRIN_INFLAMMASOME_SIGNALING_PATHWAY,0.027769219,-0.568224708,0.099251105,0.698420983,-0.45530679,-0.401772613,-0.778341269,0.601049851,-0.59875485,-0.141866404,0.142761618,0.144041803,0.597104924,-0.0297168,-0.086637308,0.223777674,-0.05447706,0.560969546,-0.549504699,0.301312487,-0.312144664,0.618620127,0.25528444,-0.526254512,-0.363097689,-0.123835913,0.575054571,0.730849048,0.718397546,0.591268396,0.567806551,0.172576931,0.603227926,-0.248127763,-0.383500433,0.670911867,0.578974295,0.433474779,0.653588359,0.590077138,-0.091205438,0.440956989,0.491717154,-0.621542257,0.425792555,0.377209286,-0.638433265,0.395254497,0.68755026,-0.011203722
KEGG_MEDICUS_REFERENCE_RAB7_REGULATED_MICROTUBULE_MINUS_END_DIRECTED_TRANSPORT,0.147974539,0.240666793,0.446566178,0.129620234,0.141680268,0.345576823,0.292476574,0.119601606,0.087266708,0.366042192,0.224318001,0.241122083,0.279587267,-0.081829282,-0.356362105,0.13698066,0.224108029,0.015158113,-0.073476837,-0.084877433,0.172553289,-0.106507798,0.248161384,0.239270162,0.38865486,0.263823329,0.111071343,0.114102559,0.032044205,0.244835438,0.133114639,0.057484712,0.274706346,0.130091516,0.266022147,0.319737586,0.326553451,0.164109373,0.161758661,0.122095724,0.397973299,0.298092313,0.363404433,0.383247408,0.23486869,0.186973448,0.007159843,-0.29590871,-0.170256834,0.314690839
KEGG_MEDICUS_REFERENCE_RAC_CDC42_PAK_ERK_SIGNALING_PATHWAY,0.482102448,0.20739818,0.384354221,-0.078834992,0.065875926,0.298216071,0.23808986,0.141269476,0.225270596,0.378154044,0.269027039,0.403979605,0.455328911,0.448926618,0.282193253,-0.145242824,0.210236505,-0.202452511,0.43077236,-0.287315303,0.044355859,0.153786738,0.409168332,0.303532068,0.104389658,-0.268874421,0.486540236,-0.34140264,-0.498222637,0.224697533,-0.180465617,-0.098083022,0.291147118,0.322626721,-0.37574102,-0.015306155,0.016995611,-0.448717931,0.377222626,0.182909861,0.145354825,0.503209163,0.314540486,-0.501608826,-0.036708821,0.235446533,0.216634025,-0.000270807,-0.429064924,-0.27720053
KEGG_MEDICUS_REFERENCE_RAD51_DSDNA_DESTABILIZATION,0.46028914,-0.557433957,0.462773944,0.478136824,-0.40047802,0.341694027,-0.114172902,0.41918963,-0.409643647,0.799550707,0.251392218,0.144595228,-0.568695797,-0.025563838,-0.194145036,0.549977203,-0.586078373,-0.107618158,0.40276477,0.034663297,0.582022735,0.389807632,0.372444067,0.54122653,-0.30696382,-0.114345599,-0.303186628,0.357092529,0.232731252,0.495199445,0.157257239,0.470606252,-0.043718667,0.234518448,-0.150175103,0.413243157,0.43457836,0.577682667,0.510058832,-0.728336597,0.027541767,0.436058709,0.529734125,0.279772677,0.590642756,0.453802278,-0.105336898,-0.198031083,-0.487215203,-0.1402913
KEGG_MEDICUS_REFERENCE_RECRUITMENT_AND_FORMATION_OF_THE_MCC,0.002617565,-0.79150133,0.685583259,-0.405178551,-0.924352613,0.328073578,0.577830418,0.347023378,-0.271053296,0.690856576,0.419659485,-0.323336733,-0.350897626,-0.637311029,-0.51848276,0.754721404,-0.059301381,0.4922023,0.68498962,0.133134759,0.328089117,-0.100718541,-0.314002549,0.593139367,-0.557354209,0.484768545,0.265157423,0.395334547,0.490761835,-0.338894882,0.539293468,0.600900449,0.441619326,-0.435006484,-0.842092166,0.668877684,0.595687804,0.596667085,0.780575864,-0.638894699,-0.476626547,0.116788709,0.597455418,0.685874595,0.710894485,0.62463181,-0.564608127,-0.489304089,-0.720720911,-0.770610611
KEGG_MEDICUS_REFERENCE_REGULATION_OF_COMPLEMENT_CASCADE_CFHR,-0.784322569,-0.887515786,-0.113476457,0.196824824,-0.728766226,0.255840528,-0.676799567,0.284114694,0.642882915,-0.220368032,-0.889861086,0.867310121,-0.365596248,-0.580822659,0.005322028,0.740483493,0.744993686,0.572757498,-0.316251328,0.710489606,-0.513981598,-0.258355485,-0.082615025,-0.327804829,-0.450360556,-0.49074117,-0.215528438,-0.821666967,0.984124121,0.577665524,0.04555295,-0.06891575,-0.292922442,-0.523462371,-0.165713494,-0.096247519,-0.604005051,-0.474021288,-0.619971135,-0.041313368,-0.053368331,-0.636298034,-0.681097163,-0.430633231,0.2383186,-0.853779542,0.767919692,0.32370525,0.721913847,0.042215407
KEGG_MEDICUS_REFERENCE_REGULATION_OF_COMPLEMENT_CASCADE_MAC_INHIBITION,0.30452755,-0.405878512,-0.567512484,-0.667779783,0.51882597,-0.251580669,0.068664357,-0.259940104,0.759531173,-0.23095498,-0.659624772,-0.078915285,0.392766733,-0.231688325,0.135011576,-0.242406283,0.512160041,-0.24288495,0.155336688,0.677484439,-0.073115552,-0.47180855,-0.20825577,-0.685799817,0.054760006,0.122085826,0.135103235,0.319212281,0.57850509,0.536065316,0.251077842,-0.209476534,0.428175077,-0.633955641,0.388858364,0.143953069,-0.518455576,0.183251451,-0.394102272,0.411173408,0.327315962,0.137093967,-0.428435944,-0.707238415,-0.123608583,-0.315794224,-0.52357172,0.57956099,0.740142833,0.688475528
KEGG_MEDICUS_REFERENCE_REGULATION_OF_EXTRINSIC_APOPTOTIC_PATHWAY_XIAP,0.556151849,0.278300538,0.486130707,-0.477963544,0.004240729,-0.038797325,-0.351498169,-0.42636674,0.599834536,0.375710548,0.309871421,0.466270099,0.354659838,0.760173238,0.466197076,-0.362920561,0.292977322,-0.19888849,-0.343900006,-0.493839774,-0.337496855,-0.009114672,0.38985445,0.583226549,-0.458682734,-0.162014378,0.732630197,0.534561035,-0.170095058,0.02908561,0.022752561,0.101145899,0.497496171,0.376619012,-0.126680502,-0.211571875,0.391757355,-0.408914554,0.05113995,-0.187122723,-0.186533282,-0.214445447,-0.175098945,-0.488149459,-0.153485541,-0.25429795,0.745470501,-0.415751577,-0.295958498,-0.085720854
KEGG_MEDICUS_REFERENCE_REGULATION_OF_FIBRINOLYTIC_SYSTEM_C1INH,-0.645612822,-0.467244896,-0.247271588,0.475658476,0.157835168,-0.125378841,-0.484569572,0.121916303,0.162769977,-0.374846203,0.110810323,0.002797329,0.008088743,-0.40328144,-0.217379534,-0.527362979,0.646569485,0.210260801,-0.439436243,0.102077072,0.007548716,-0.493165169,0.742714934,-0.064408078,0.349609064,0.015249955,-0.275973579,0.315768577,0.145647734,-0.503906272,0.043789018,-0.160510577,-0.287980934,-0.549446657,-0.127262711,0.240452294,-0.143156753,0.194508849,-0.217279807,0.701829979,0.518439585,-0.595320531,-0.149596052,-0.339049195,-0.454554342,-0.06247548,-0.020380671,0.647687477,0.624875449,0.15096553
KEGG_MEDICUS_REFERENCE_REGULATION_OF_FIBRINOLYTIC_SYSTEM_PAI,-0.633492737,-0.410717828,0.442920143,0.681804379,-0.770369034,-0.524956465,0.185612859,0.557882995,-0.616606028,-0.107096875,0.421548253,-0.031670125,0.612018407,-0.04054363,-0.145902602,-0.171852573,0.493321404,0.507985403,-0.476539864,-0.532951874,0.402128546,-0.07035809,-0.087024841,-0.219509894,0.549469011,-0.505196334,0.081072012,0.782400705,0.231134841,-0.619508523,0.196804808,0.216006496,0.695658975,0.252151191,-0.70820175,0.785914051,0.416971758,0.177600179,0.646789074,0.142831363,0.804836236,-0.055941532,0.713317656,-0.237314231,0.438809085,0.241889733,0.296572289,0.677111158,0.500135342,-0.369150951
KEGG_MEDICUS_REFERENCE_REGULATION_OF_GF_RTK_RAS_ERK_SIGNALING_MRAS_SHOC2_PP1_HOLOPHOSPHATASE,0.288437674,0.361725412,0.36895454,-0.024895907,0.337872257,0.522702786,0.163403531,-0.105356863,0.513260076,0.28173714,-0.198532878,0.268840051,0.148342453,0.22608275,0.019928649,0.516676958,0.444831266,0.172273632,0.550220885,-0.099457693,0.507948605,0.443288029,0.398726017,0.61770757,0.355335909,0.485454279,-0.209089422,-0.233280008,-0.018293383,0.337167152,0.258810114,0.194449689,-0.040197335,-0.15583751,0.311948304,0.301473778,0.387126619,0.053938517,0.188641948,0.292063748,0.34063985,0.508075619,-0.022404885,0.406194616,0.366252203,0.504462455,-0.02150743,0.264454192,-0.63211693,0.248442035
KEGG_MEDICUS_REFERENCE_REGULATION_OF_GF_RTK_RAS_ERK_SIGNALING_PATHWAY_ADAPTOR_PROTEINS,-0.047530879,0.342789932,-0.122911081,0.35453494,0.38318886,0.045319069,0.112264271,-0.288499578,0.303463227,-0.055548472,0.386972929,-0.031745679,-0.363496588,0.025178627,-0.027677837,-0.181985829,0.479761729,-0.417284329,-0.37306594,-0.173274196,0.426107025,0.184832023,0.540284182,0.452286263,-0.039701378,-0.090300455,0.130006132,-0.175434541,-0.454465609,-0.564990874,-0.459524141,-0.533386515,-0.516910847,-0.258884013,-0.26120764,-0.440202588,-0.386706417,-0.645365542,-0.22967058,0.561241966,-0.076541148,-0.523550856,-0.124860217,-0.478887412,-0.474684084,-0.583383819,0.283105989,0.389842851,-0.482348545,-0.133686678
KEGG_MEDICUS_REFERENCE_REGULATION_OF_GF_RTK_RAS_ERK_SIGNALING_PTP,0.01275214,0.08535138,0.247788942,-0.069169637,-0.143479515,-0.276812152,0.018755093,0.234368039,0.106495459,-0.4289207,0.076803871,-0.018011502,0.179405116,0.117959663,-0.084393056,-0.156044178,0.565242434,0.245080121,-0.026972774,0.124245284,-0.097105466,0.087710861,-0.000988162,-0.024254293,0.514491953,-0.058494966,0.245831826,0.024015501,-0.175674693,0.161461004,0.365212988,-0.280995829,0.08376031,-0.048666156,-0.024772142,0.301612847,0.1108249,-0.458051094,-0.129865719,0.403293539,0.072218618,-0.093136874,0.065395086,-0.442846579,-0.205249751,-0.031150516,-0.22320886,0.438868958,0.001470508,0.288167844
KEGG_MEDICUS_REFERENCE_REGULATION_OF_GF_RTK_RAS_ERK_SIGNALING_RASGAP,0.175995718,0.180528896,0.718683425,-0.105336891,-0.108656536,-0.278556814,-0.122941187,0.656844356,0.52286796,0.139727211,-0.039850292,0.105607576,0.422339982,-0.17612706,-0.047018448,0.423175601,0.541497687,0.370258712,-0.066010821,0.065951814,-0.163904083,0.415107268,-0.140749136,0.263796264,-0.369477397,0.025793988,0.627580182,0.011170314,-0.100860129,-0.309315604,-0.595230773,-0.155308747,0.627869839,-0.392589731,-0.250904427,0.011880846,0.022180232,-0.359604093,0.223429389,-0.233965401,0.050814143,-0.103204464,0.054894629,0.115967334,-0.143683683,-0.246343427,0.042830492,-0.133126503,-0.058007527,-0.382137464
KEGG_MEDICUS_REFERENCE_REGULATION_OF_GF_RTK_RAS_ERK_SIGNALING_RAS_UBIQUITINATION_BY_CUL3_COMPLEX,-0.017247318,0.218464807,0.12168347,0.087561584,0.237769591,0.311566801,0.039628595,0.40421535,0.554748486,0.205300988,0.076460377,0.483053068,-0.565501959,0.200847277,0.022739578,0.417925686,0.276409682,-0.158139154,0.209545314,0.068182018,-0.034102768,-0.067707358,-0.566016565,0.662952165,-0.274332261,0.115200966,0.069315873,-0.522269988,-0.223229847,-0.336871549,-0.477003158,0.136560869,0.056433924,0.215552343,0.443899999,0.038123354,0.361297495,-0.136405457,0.067331766,-0.048998376,0.108283703,0.205303538,-0.146154423,0.499683201,0.607786757,-0.04443383,0.043050543,-0.35938451,-0.355011941,-0.253001916
KEGG_MEDICUS_REFERENCE_REGULATION_OF_GF_RTK_RAS_ERK_SIGNALING_SPRED_AND_NF1,0.515174311,0.758552653,0.669074256,0.025807616,-0.170005414,-0.086536726,0.22961671,0.570499415,0.616840881,-0.228432729,-0.41252421,0.480018634,0.161250968,-0.197256813,0.007038441,0.666166491,0.532337286,-0.373345263,0.287665082,-0.517020696,0.126478491,0.362479697,0.012515758,0.858984739,0.075076701,-0.119367752,0.515644951,-0.689443454,-0.351787462,-0.148084444,-0.505756184,-0.331285061,0.1090417,-0.023058369,-0.124706732,0.063402949,0.455061079,-0.549973294,0.25220371,-0.043493954,0.167749504,0.160694723,0.118033923,0.017318824,0.041333943,0.066559349,0.044444586,-0.223783857,-0.533557237,-0.417893895
KEGG_MEDICUS_REFERENCE_REGULATION_OF_GF_RTK_RAS_ERK_SIGNALING_UBIQUITINATION_OF_RTK_BY_CBL,-0.301612262,0.285049898,-0.269187048,0.197789844,0.240837049,-0.547331018,-0.177117003,-0.340589848,0.079572388,-0.634209097,-0.187246121,-0.09702727,0.310830493,0.422526302,0.17811931,-0.211171481,0.383934089,-0.25023214,-0.356924088,-0.305089469,0.389894712,0.088356446,-0.3915249,-0.131644587,0.413688851,0.180718198,0.189585371,-0.009901318,-0.451170609,-0.496507269,-0.132005825,-0.582328784,-0.283430559,0.154897265,-0.214458703,-0.336373988,-0.581675843,-0.356480293,-0.451007198,0.389278376,0.307582359,-0.257517561,-0.114827236,-0.166841696,-0.391141469,-0.533288208,0.353950457,0.568147593,0.373795144,-0.332004321
KEGG_MEDICUS_REFERENCE_REGULATION_OF_NLRP3_INFLAMMASOME_SIGNALING_PATHWAY_NLRP3_INHIBITION,0.037260379,0.496191406,-0.357029438,0.562995883,-0.191707682,-0.143359798,-0.073783957,-0.547539179,-0.73006135,-0.283200248,0.106259253,-0.233178711,0.286019915,0.165758543,-0.494731449,-0.691554405,0.443360701,-0.120263443,-0.244096827,0.393539379,-0.003394379,0.570371707,-0.168892097,-0.622371424,-0.090851678,-0.028960664,0.233482467,0.502600485,0.471580657,0.56297342,-0.148390061,-0.372546714,-0.285965082,-0.385077797,-0.487867668,0.433756991,-0.333493258,0.0524179,0.172420661,0.678094551,0.309474186,-0.161018094,0.317603884,-0.619994982,0.254133475,0.14333628,-0.518495128,0.802248891,0.519650528,0.42175662
KEGG_MEDICUS_REFERENCE_REGULATION_OF_SERCA,-0.391860949,-0.424743615,-0.487251849,0.812762608,-0.245689268,-0.706816251,0.287844691,-0.058563436,0.05142243,-0.000688073,-0.219582924,0.002468926,0.156367345,0.033482314,0.212655489,-0.398897552,0.286379548,0.485501304,0.022458326,-0.269668359,0.290500351,-0.616765927,-0.586472437,-0.513701893,-0.120015379,0.305145057,-0.277486677,0.057931781,-0.069410443,-0.498896786,-0.383485897,-0.510545903,-0.048073648,-0.086503825,-0.523420329,0.075938299,-0.523210849,-0.091553892,-0.343926611,0.151359776,0.270285553,-0.260159569,0.245442815,0.038318222,0.441972499,-0.643334972,0.080728205,0.128010213,0.435196543,-0.183126947
KEGG_MEDICUS_REFERENCE_REGULATION_OF_TNF_NFKB_SIGNALING_PATHWAY_LUBAC_MEDIATED_LINEAR_UBIQUITINATION,0.089576344,-0.105994993,0.392178215,-0.200298328,0.577100063,0.149341656,0.134698031,0.002835149,0.519811424,0.099175259,0.71688653,0.508255887,-0.044031399,-0.297755864,-0.228243599,-0.027068483,0.087826345,0.503228315,-0.14093657,0.262633701,-0.394855079,0.096531212,0.225867879,-0.245639292,-0.063482533,-0.329698303,0.443789815,0.101298787,-0.552467743,-0.560763213,0.304738405,-0.096002887,-0.474149598,-0.139098362,0.582333303,-0.038422827,0.448637181,-0.159231959,0.398568003,0.034595872,0.0482324,0.008818543,0.015276825,-0.37635849,0.16618348,0.078939058,0.50604078,-0.592528866,-0.430421122,0.282168872
KEGG_MEDICUS_REFERENCE_RELN_VLDLR_PI3K_SIGNALING_PATHWAY,0.34292202,0.228932948,-0.001714158,-0.273384558,0.352090853,-0.079163667,0.171089826,0.010679508,0.373628436,-0.085274254,-0.103055632,0.121879236,-0.432457232,-0.04325447,0.420636254,0.365846521,0.17739558,-0.329022223,-0.083711645,-0.251110737,0.269948225,-0.274826969,-0.032420965,0.449582284,-0.235966714,0.214713846,0.189129168,-0.308854927,-0.396611316,-0.35917266,0.084664949,-0.217311407,-0.396145404,-0.387117153,-0.270626177,-0.109683289,-0.040771723,-0.376444034,-0.159329251,0.305320701,0.121918718,-0.100466433,0.112400443,0.358756376,-0.359243266,-0.080268646,0.261277994,-0.097241702,-0.598400661,-0.448148787
KEGG_MEDICUS_REFERENCE_RETROGRADE_AXONAL_TRANSPORT,0.284247901,0.222055528,0.212603773,0.09663323,-0.176377703,-0.002898735,0.166684507,0.008319661,-0.17433437,0.013886919,0.352028862,0.32452739,-0.104964282,0.129304125,0.090196635,-0.134259322,-0.018415237,-0.102564532,0.07172658,-0.084820556,-0.16716009,-0.299510709,0.242936893,0.09627257,0.496298042,0.107172217,-0.239293218,0.236230851,-0.091752909,5.90E-05,-0.289128853,0.069020129,0.191340759,-0.269565776,-0.003352617,0.291140865,0.308331295,-0.018724311,-0.15723444,-0.08165258,0.211820268,0.195385639,0.187856226,0.2936555,0.203883389,0.247118864,0.011741126,-0.342222688,0.179681895,-0.065701683
KEGG_MEDICUS_REFERENCE_RIG_I_IRF7_3_SIGNALING_PATHWAY,0.500245223,0.356306617,-0.403397477,0.118676859,0.485389317,0.155651415,-0.405326444,0.237911588,0.249899707,-0.04703015,0.433251571,0.398710303,-0.321352422,0.514906366,0.68073749,0.307349405,-0.237678281,0.323490403,-0.453927834,-0.446743296,-0.045481581,-0.000283903,0.449562211,0.39686868,0.128287123,0.025859638,0.125740117,-0.123063488,-0.037826714,-0.294487834,-0.125704619,0.209893849,-0.222914642,-0.148437882,-0.221394853,-0.25941651,0.418327115,-0.502086598,0.29007561,-0.153410983,-0.337215487,-0.203698181,-0.128242797,0.02634163,0.511959334,-0.381670173,0.029083703,-0.442942752,-0.221242731,0.08540909
KEGG_MEDICUS_REFERENCE_RIG_I_NFKB_SIGNALING_PATHWAY,0.399639682,0.209660296,-0.304928714,-0.089203821,0.399310848,0.44961871,0.135706835,0.279122735,0.505279076,0.019657312,0.395416722,0.199243631,-0.233967212,-0.099448746,0.301240604,0.265378032,0.133778181,0.102806254,-0.360887145,-0.16589349,0.218645313,0.170883664,0.306080575,0.514207101,-0.067833808,0.350924724,0.104781821,0.29650074,-0.323144962,-0.429912523,-0.042850297,-0.217498997,-0.489851413,-0.066656416,-0.077527076,-0.443350004,0.000506916,-0.760928359,0.170798173,0.261649014,-0.522212051,-0.377763182,-0.064979154,0.311101526,0.20210239,-0.420224251,-0.104386409,0.057733448,-0.585422139,0.063061183
KEGG_MEDICUS_REFERENCE_RORA_MEDIATED_TRANSCRIPTION,0.466035183,0.441935993,-0.481644827,-0.537702211,0.900405954,0.026356948,-0.469967175,-0.441587731,0.335047361,0.052894014,-0.076138926,-0.245786148,0.160620896,-0.666495521,-0.033298571,-0.182454207,0.174269211,-0.417363908,-0.680168583,0.824067883,-0.028882237,0.226864353,0.662914617,-0.677762742,-0.617861976,0.810555879,-0.412385364,0.373558079,0.34982197,0.443866148,0.03675582,-0.215760466,0.237250216,-0.562112984,0.49700262,-0.434480385,0.382596862,-0.619936852,-0.697606074,0.467207939,0.027875507,-0.256300395,-0.270894684,-0.063627931,-0.609397549,-0.185343801,0.333775769,0.457407966,0.103473162,0.45027378
KEGG_MEDICUS_REFERENCE_RTK_PLCG_ITPR_SIGNALING_PATHWAY,-0.442502093,-0.063547527,-0.286922285,0.3372764,0.144171228,-0.439740288,-0.301747188,-0.395747044,0.065222035,-0.518841437,-0.188036547,0.000645527,0.076631277,0.32059626,0.201313665,-0.213330171,0.33159336,-0.152278878,-0.251989884,-0.253387262,-0.003962971,0.263066292,-0.224547935,-0.19704669,0.096816751,0.153132825,-0.175967384,-0.003667682,-0.337775858,-0.335928903,-0.26027634,-0.310915761,-0.086600757,-0.017224978,-0.130075304,-0.106271167,-0.328470973,-0.263626538,-0.38086042,0.35733079,0.275605362,-0.216475955,0.130671753,-0.18113117,-0.336882831,-0.321586915,0.176710466,0.344037193,0.337466266,-0.15834264
KEGG_MEDICUS_REFERENCE_SEROTONIN_METABOLISM,-0.730154787,-0.551573139,-0.267967031,-0.5141428,0.94099141,0.606044204,0.143660075,-0.078190577,0.701308074,0.611895492,-0.786738836,0.61800003,0.647361299,-0.66251628,0.698411261,-0.765113234,0.529824399,-0.193223236,0.374788278,0.588816656,0.473137206,-0.08155945,-0.018087254,-0.587998335,-0.34932452,0.1096364,0.601746899,-0.784214882,0.440121148,0.247389147,0.099763117,-0.291835814,0.726490747,-0.696977898,0.659990979,0.207149871,-0.648456822,-0.155305252,0.308079693,0.703743798,-0.307910495,-0.512610972,-0.625710419,-0.600992332,0.086139522,-0.200178059,-0.282922453,0.603247632,0.618488633,0.79554264
KEGG_MEDICUS_REFERENCE_SIALYL_LEWIS_X_ANTIGEN_BIOSYNTHESIS,-0.092926284,0.386773707,-0.203692059,0.539179479,-0.595854081,0.458107954,-0.259751721,-0.224128308,-0.120437784,0.09042261,-0.153716157,0.271271573,0.744030621,0.551523176,0.574590494,-0.774365149,-0.016581745,-0.195600229,0.38425861,0.2688123,-0.654515925,0.594998901,-0.32442117,-0.473861835,0.108264535,-0.437745127,0.674601908,0.406417732,0.103728348,-0.098754499,0.088108643,-0.028376261,0.601234527,0.727540514,-0.505909952,0.619467206,-0.198626375,-0.456270701,-0.016119007,-0.158503107,-0.075069927,0.372821974,0.059911576,-0.684997634,-0.660239866,0.099845773,-0.31941674,0.537919156,0.85437156,-0.519864951
KEGG_MEDICUS_REFERENCE_SKELETAL_TYPE_VGCC_RYR_SIGNALING,0.050332442,-0.171688231,0.230969823,0.182072603,-0.038643204,-0.477171799,-0.4543631,-0.243736057,-0.280230284,-0.552131062,0.020520657,-0.127461095,0.118125673,0.51203515,0.187190556,-0.135049112,0.001067476,-0.185592056,-0.142929427,-0.081552977,0.079960509,0.046796525,-0.148630714,-0.268261822,0.508251365,-0.321076514,-0.02591324,0.374428962,0.073319822,0.028552626,-0.075728401,-0.118522792,-0.335737192,-0.447378594,0.004338128,-0.191348043,0.008670248,0.09418472,-0.442732057,0.159289161,0.487181467,-0.138422845,-0.151631501,-0.298828138,0.092735929,-0.170270207,-0.222733839,0.313852807,0.576753138,0.006940885
KEGG_MEDICUS_REFERENCE_SPINDLE_ASSEMBLY_CHECKPOINT_SIGNALING,0.012950335,-0.277557866,0.219120932,-0.422451462,-0.360247671,0.122537011,0.233943853,0.333241027,-0.045005125,0.603049488,0.251035666,-0.354558068,-0.430314883,-0.52371018,-0.481008843,0.562912559,-0.386018488,0.341087812,0.476247412,-0.009183501,-0.292861868,0.238181169,-0.007397047,0.415865859,-0.468183897,-0.171045079,-0.400194841,0.102980098,0.098743767,-0.26171987,0.247345842,0.47371694,0.072460763,-0.397148827,-0.245124269,0.450455581,0.506277749,0.490662003,0.462164054,-0.575285596,-0.321575671,0.03709974,0.418249828,0.582485002,0.489431105,0.534616701,-0.436068076,-0.522689852,-0.529462123,-0.089202492
KEGG_MEDICUS_REFERENCE_STEROID_HORMONE_BIOSYNTHESIS_PROGESTERONE_TO_CORTISOL_CORTISONE,-0.604401551,0.999458826,-0.432668891,-0.831694778,-0.878235772,-0.338684946,0.312528186,0.083611437,0.602417245,0.197077659,-0.805177235,-0.783710652,0.861459367,0.13881122,0.743483359,-0.964643276,0.232434383,-0.827906557,-0.263461712,0.826463426,-0.77974204,0.968431496,0.24830883,-0.793632182,0.420582664,0.140975918,-0.409037612,0.764408767,-0.109948588,0.251736268,0.59682511,-0.351673131,0.706142329,0.912149364,0.607828989,-0.711193289,-0.414449355,-0.689185533,-0.578605574,-0.436817895,-0.284026337,-0.215297195,-0.747091188,0.584919275,-0.976549112,0.115360332,0.823937945,-0.343555515,0.218183458,-0.478127537
KEGG_MEDICUS_REFERENCE_STRAD_STK11_TSC_SIGNALING_PATHWAY,0.431066665,0.205188822,-0.513879708,-0.430707925,-0.027119836,0.240205761,-0.238921363,-0.318292291,0.143362632,0.281505267,-0.079156137,-0.35819003,-0.392114674,0.186007753,-0.168552968,0.195833312,-0.149496532,-0.433540881,-0.081555453,0.193501805,-0.205797668,-0.681711873,0.117156794,0.141682719,-0.429750577,-0.510818414,-0.10516347,-0.563102627,-0.353610916,-0.325564267,-0.352557029,-0.15844464,-0.454179117,-0.14589643,-0.134467694,-0.354659762,-0.324900651,-0.17836007,-0.435141539,-0.036642599,-0.599785269,-0.515943197,-0.443148139,-0.063320392,-0.538283521,-0.244626102,0.467975464,-0.574177081,-0.031046931,-0.661119616
KEGG_MEDICUS_REFERENCE_TAC3_TACR3_PLC_PKC_SIGNALING_PATHWAY,0.26735862,0.166728387,-0.526149891,-0.317262255,0.42349858,-0.341841314,-0.643572573,-0.378844774,0.120277413,-0.781609098,0.085732335,-0.219737488,0.339954378,0.467566199,0.621809834,-0.289259088,0.454124386,-0.49247902,-0.458450283,0.196702673,0.026441657,-0.111316407,-0.333150227,0.321989543,-0.305937298,-0.183286707,0.664342268,-0.116840012,-0.283565738,-0.564662937,-0.142046535,-0.657276164,0.005997451,0.092232809,-0.671295699,-0.468055792,-0.177169115,-0.615590474,-0.57012697,0.320571804,-0.206616179,-0.497179813,-0.184805488,-0.521467196,-0.548481753,-0.519996138,-0.204417696,0.35257079,0.29008882,-0.065183179
KEGG_MEDICUS_REFERENCE_TBK1_MEDIATED_AUTOPHAGOSOME_FORMATION,0.223026113,0.423888877,0.272336007,-0.284008114,0.501770088,0.444492631,-0.313112513,0.465146246,0.229996415,0.312368362,-0.03987861,-0.015208577,0.525292388,0.321261715,0.105220509,0.072617177,-0.169344647,0.099713935,-0.505564513,0.375799806,0.466044403,0.296132988,0.052671143,0.327680209,0.145322856,-0.162542587,0.686518148,-0.023523688,0.278604482,0.551347021,-0.068123016,0.088300896,0.287430415,0.000999741,0.384706736,-0.093058355,-0.090929821,-0.089442716,0.055096655,0.210971301,0.395553234,0.145230098,0.054132577,-0.579667975,0.285311851,-0.005277862,0.264361682,-0.20222188,-0.117162521,0.584660529
KEGG_MEDICUS_REFERENCE_TCR_PLCG_ITPR_SIGNALING_PATHWAY,-0.420037985,-0.006621998,-0.124659348,0.214941493,-0.458081708,0.395245272,-0.573819873,-0.381267534,-0.325760905,-0.517055444,0.033646634,-0.256153326,-0.133540896,-0.098164476,0.645477576,-0.179969802,0.486720104,0.316005638,-0.757020856,0.460321304,-0.090031348,0.23548862,-0.386485099,-0.185264555,-0.123055343,-0.082288009,0.433522074,0.495780024,0.328016525,-0.073725406,0.394578384,-0.536543242,-0.595520895,-0.418142562,-0.404407918,0.117382141,0.407440047,-0.213580083,-0.23416587,0.117457871,-0.146852577,-0.670778393,0.129298163,-0.309260626,-0.454510939,-0.147532412,-0.344182611,0.804958881,0.361764996,-0.402474429
KEGG_MEDICUS_REFERENCE_TELOMERASE_RNA_MATURATION,0.500231604,0.362157424,0.183097129,-0.684943424,0.550714999,0.053765058,0.516433005,0.05900397,0.472951185,0.135420426,0.211077158,-0.226056339,-0.568837965,0.017683147,-0.503212428,0.530531197,0.171435816,-0.545990738,-0.598063107,0.012450379,0.318154042,0.019126669,-0.228480787,0.222876338,-0.556328106,-0.299615907,-0.196636455,-0.060086611,-0.510229055,-0.069612947,-0.638569117,-0.542896515,-0.447598101,-0.097347528,-0.280179632,-0.647093575,-0.366727505,-0.286051633,0.664326936,-0.152917484,-0.550732893,-0.457030335,-0.637361749,-0.07235655,0.279033055,-0.196946037,0.62887348,-0.56808969,-0.692078672,0.538163118
KEGG_MEDICUS_REFERENCE_TELOMERE_ELONGATION,0.182325759,0.000598475,0.388534485,-0.443029429,-0.166636606,0.393362099,0.152148454,0.257255718,0.046656242,0.16898448,-0.217427114,-0.194306834,-0.226410827,-0.520174074,-0.545246773,0.533366971,-0.446298673,0.223386162,-0.40638956,0.033747113,-0.060088421,0.23262738,0.371258348,-0.028703022,-0.141811657,-0.078077131,-0.343846865,0.380437425,0.082867768,0.288778338,-0.054088247,0.086910407,0.20211129,0.125012189,0.241811975,0.039877836,0.080341379,0.273385929,0.444422224,-0.404839313,-0.025939041,0.12090362,0.40581579,0.231146057,0.261455635,0.257686661,0.252287507,-0.148395446,-0.220786798,0.109375948
KEGG_MEDICUS_REFERENCE_TESTOSTERONE_BIOSYNTHESIS,0.483846084,-0.348528384,-0.410043823,-0.638398102,0.197200507,0.303065055,-0.00695026,0.411201869,-0.128984251,-0.182023283,-0.424232966,0.200250562,0.637338352,-0.14727473,0.015261379,-0.400170713,-0.595285485,0.353834383,-0.012543994,-0.055765059,-0.408410017,-0.074181031,-0.184153723,-0.804795682,0.511892191,-0.644965336,0.242257874,0.285268665,0.540115226,0.598422926,0.322107491,0.474600642,0.614393006,0.376207136,0.538661944,0.293915937,-0.361119105,0.469443969,-0.434909792,-0.22309906,0.559191891,0.65409636,0.080368179,-0.721471637,0.529029445,-0.085597802,-0.351304173,0.317594895,0.582207034,0.575787088
KEGG_MEDICUS_REFERENCE_TETHERING_OF_LATE_ENDOSOMES_AND_LYSOSOMES,0.525295282,0.281638335,0.438832888,-0.022208255,0.713067228,0.309755684,-0.332828826,-0.110712317,0.437925722,0.252225131,0.173596315,0.523325662,0.439364832,0.640835464,0.182322075,0.27411947,0.09824473,0.024593148,-0.022342502,-0.448466843,0.279441449,0.304001159,0.521588041,0.612144107,0.298257251,-0.240576308,0.391785992,-0.178679547,-0.429636656,-0.076759389,-0.16193133,-0.310504821,-0.049106337,0.538763988,-0.094526849,-0.475273174,-0.234079733,-0.59567592,0.004157358,0.55061553,0.229102726,-0.03988704,-0.022457208,-0.095874797,-0.184416084,-0.095366639,-0.096559929,-0.086026359,-0.225066261,0.575871849
KEGG_MEDICUS_REFERENCE_TGFA_EGFR_PI3K_SIGNALING_PATHWAY,0.427820322,0.268963393,0.338100941,0.066341728,-0.142341367,-0.203436286,-0.186581304,0.264387366,0.114152318,-0.242698321,0.08005291,0.519313568,-0.015783764,-0.105884714,0.650812911,0.26594023,0.033173872,-0.237881022,-0.231321771,-0.431100004,0.216592803,-0.330985971,0.147995076,0.579322968,-0.473405921,0.384007347,0.451054734,-0.031242671,-0.64416085,-0.532760671,-0.109679543,-0.532268255,-0.204080186,-0.126459285,-0.521263238,0.031169771,-0.372506544,-0.476538498,-0.183050891,0.345510915,0.293841116,0.072750248,0.08066147,0.050249174,-0.386337061,-0.180792968,0.543112902,0.232508339,-0.491620484,-0.542135229
KEGG_MEDICUS_REFERENCE_TGFA_EGFR_PLCG_PKC_SIGNALING_PATHWAY,-0.109765382,0.613807807,0.190070223,0.154273716,-0.388981559,-0.433261117,-0.64703666,-0.093002771,-0.100240761,-0.269801345,0.47093835,-0.110500072,0.06145485,0.074046443,0.727576201,0.087503986,0.101134035,-0.027386418,-0.162556685,-0.331748039,-0.02366047,0.018201527,0.141753975,-0.011641549,-0.558742571,0.231592799,0.434338448,-0.045059001,-0.305640966,-0.239586362,-0.199983605,-0.574587131,-0.458111389,-0.466392466,-0.685025218,-0.054197405,-0.460654873,-0.313930782,-0.314465354,0.207291761,0.079146052,-0.111759864,-0.094215324,-0.483813233,-0.452561863,-0.156914403,0.217455647,0.5374376,-0.039805734,-0.606383863
KEGG_MEDICUS_REFERENCE_TGFA_EGFR_RAS_ERK_SIGNALING_PATHWAY,0.385880025,0.36246518,0.393578042,0.028559401,-0.053421836,0.059569662,0.127740315,0.250066,0.24092953,0.28078964,0.265735824,0.356235848,0.148198798,0.082689969,0.271553632,0.22238751,0.287498721,-0.12908554,0.4295015,-0.27861808,0.120701119,0.139813923,0.293906138,0.478477271,-0.293206319,-0.117573502,0.407397975,-0.47975432,-0.505787752,-0.201388619,-0.418685785,-0.25460215,-0.055062402,0.057089789,-0.421322646,-0.128032838,0.02018493,-0.522713328,0.029724821,0.2640585,-0.092306625,0.166304135,0.043333556,-0.191240957,-0.317619913,-0.137862925,0.054174688,-0.020619337,-0.520011427,-0.56553496
KEGG_MEDICUS_REFERENCE_TGF_BETA_SIGNALING_PATHWAY,-0.231243635,0.344780625,0.31823332,0.256082635,0.197509631,-0.094635838,-0.189792187,0.096451813,0.301572181,-0.39606745,-0.09133574,0.460302532,0.506687158,0.603260985,0.383508073,0.469234522,0.042871796,0.29105787,-0.332656948,-0.526887962,-0.06200361,0.689417363,-0.013747777,0.226965853,0.455246457,0.209476534,0.299138261,0.593030902,-0.044183003,-0.484731777,-0.327239054,-0.361446916,-0.24111082,-0.458460844,-0.408859647,-0.144765343,0.304110655,-0.497709962,-0.513795045,0.441877716,0.69372514,0.086823105,0.579402402,-0.402262602,-0.418619207,-0.070448102,0.006069314,0.50065986,0.234845576,0.291112048
KEGG_MEDICUS_REFERENCE_THYROID_HORMONE_SIGNALING_PATHWAY,0.157536613,0.233499308,-0.364557818,0.005852624,0.589875378,-0.096495041,-0.020780264,-0.001171842,0.499553272,0.037744253,-0.257267086,0.602387207,0.368220596,0.308245105,0.612491054,-0.023061233,0.143631485,-0.308861656,-0.408787991,-0.355829673,0.555133908,0.038456719,0.472255307,-0.217696788,0.200729822,0.178942075,0.507046176,-0.157039711,-0.548493846,0.096428993,0.303419885,-0.56584386,-0.335373346,0.165877622,-0.181025924,-0.46358794,-0.572305071,-0.486073265,0.13935456,0.628751019,0.226759713,0.163475028,0.080478804,0.413948892,-0.234731625,-0.620753535,0.643884991,0.147211091,-0.196886485,0.140191798
KEGG_MEDICUS_REFERENCE_TIGHT_JUNCTION_ACTIN_SIGNALING_PATHWAY,-0.075259574,0.330757506,0.150418297,0.006194927,-0.116566024,-0.199450734,-0.16005275,0.083028167,-0.08286961,-0.392367173,0.235605927,0.305313074,0.419898383,0.173453172,0.005720764,-0.353445192,-0.038321194,0.064793086,0.2106124,0.062372213,-0.191814643,-0.292553202,-0.288295594,-0.012642367,0.542025654,-0.040602226,0.318781664,-0.032232677,0.007902717,0.333117217,0.161618524,0.262822259,0.401363985,0.277294548,-0.235098083,0.439647666,0.166640443,0.045588113,-0.202892124,-0.095693585,0.133200401,0.359525241,0.337513509,-0.341708026,0.376319652,0.294999525,0.15648754,0.264453479,0.146761268,0.310174396
KEGG_MEDICUS_REFERENCE_TLR1_2_4_NFKB_SIGNALING_PATHWAY,-0.102648118,0.310441413,-0.057962162,0.541009295,0.347487345,0.277264752,-0.215043482,0.068565975,0.228611377,-0.067172649,0.521787361,0.25390176,0.108899183,0.251650377,0.26133087,-0.056339108,0.159000803,0.09543956,-0.102872694,0.081405855,0.038110486,0.399702482,0.176660525,0.180739029,-0.24128717,0.00843188,0.431480552,0.370815535,0.324137569,0.237916099,0.04343654,0.072109217,-0.215126841,-0.068040491,-0.018844663,0.167832115,0.285309195,-0.34016765,0.075390706,0.44432399,-0.016117221,0.226476571,0.215891659,-0.095961534,0.295248231,-0.084117085,-0.153858749,0.269076231,-0.219665441,0.20638463
KEGG_MEDICUS_REFERENCE_TLR2_4_MAPK_SIGNALING_PATHWAY,0.108271308,0.320280334,0.170800658,-0.027371213,0.33837758,-0.216366905,-0.251322332,0.122038758,0.12902362,-0.025604537,0.246408532,0.072347986,0.338360922,0.375425414,-2.80E-05,-0.226005023,0.056692529,0.119058431,0.136180958,-0.1857726,-0.156472183,0.106574141,0.098473761,0.092528793,0.302728434,-0.202467367,0.266126634,0.17558699,-0.098287718,-0.052085356,-0.019394761,-0.179705742,-0.095406753,0.183870693,0.079540776,-0.022369503,-0.179683131,-0.221559874,0.093064583,0.548218705,0.294393807,0.173336959,0.104904199,-0.299812976,-0.115888665,-0.199954545,-0.019109967,0.227157107,-0.215094401,-0.006690449
KEGG_MEDICUS_REFERENCE_TLR3_IRF3_SIGNALING_PATHWAY,0.375220089,0.450024188,-0.326822557,0.051993292,0.23285835,-0.029457502,-0.375898224,0.168463339,-0.28165893,-0.111371841,0.057367437,0.267412721,0.025491114,0.421480888,0.251515369,0.397474739,-0.381557518,-0.099593821,-0.746694063,-0.370842865,0.176088357,0.104030468,0.423849109,-0.139701137,-0.391520844,-0.378836789,0.657197312,0.094314079,-0.486342019,-0.417462939,-0.562105059,-0.623408645,-0.097428322,0.017288304,-0.399571701,-0.625114512,-0.408736473,-0.624592253,0.151804499,-0.342534117,-0.449735097,-0.219215619,-0.309544841,-0.233161531,0.104463702,-0.645176527,0.389996208,-0.033114888,-0.044001164,-0.253308091
KEGG_MEDICUS_REFERENCE_TLR3_IRF7_SIGNALING_PATHWAY,0.292456235,0.020950233,0.161895901,0.002634746,0.255535435,0.161175799,-0.533113835,0.422980748,0.091319639,0.023280996,0.358708251,0.465068817,0.335714774,0.454674326,0.414527511,0.446775916,-0.491106839,0.5286675,-0.681912967,-0.253270324,-0.344492519,0.307603506,0.559546857,-0.253515206,-0.30641077,-0.573760032,0.647294833,0.251571127,-0.119507212,-0.051441375,-0.390293954,-0.248051106,0.281950476,0.122299943,-0.129934053,-0.499841234,0.268711963,-0.619618215,0.367969118,-0.169872913,-0.101839618,-0.041374574,0.026189831,-0.325054305,0.320028054,-0.607291068,0.415748251,-0.130484724,0.122270348,0.184511807
KEGG_MEDICUS_REFERENCE_TLR3_NFKB_SIGNALING_PATHWAY,0.115544322,0.216686807,0.138134673,0.077708266,0.31595437,0.427373956,-0.182686486,0.081054721,0.348379171,0.018170834,0.243405957,0.180205763,-0.009397619,0.055821768,-0.047727756,0.537703409,-0.073980404,0.168263373,-0.287602077,0.061804557,-0.172504062,0.497226835,0.454447069,0.380171766,-0.324884584,-0.077134461,0.45686213,0.072946847,-0.232093949,-0.01354035,-0.004684635,-0.157769917,0.009193312,0.224462201,-0.133459222,-0.389716112,0.068875248,-0.650751358,-0.142179352,0.249959008,-0.060656104,-0.078899925,0.024643437,0.04435736,0.191255934,-0.54288211,0.20638598,0.146622277,-0.412543974,0.215734101
KEGG_MEDICUS_REFERENCE_TLR4_IRF3_7_SIGNALING_PATHWAY,0.475405718,0.306236678,-0.046835295,0.318135676,0.057153627,0.138467611,-0.310311258,0.330419656,-0.35941647,-0.061095569,0.381268351,0.311159767,0.120613374,0.487562751,0.248241295,0.393766717,-0.358188312,0.469062143,-0.630116956,-0.301535849,-0.247016802,0.179382028,0.369327826,-0.165673389,-0.049812835,-0.153202363,0.629442083,0.22183849,0.171938688,0.012328114,-0.252291513,-0.089498385,0.078325855,0.031274169,-0.399909037,-0.268934441,0.268569072,-0.589067031,0.384680551,-0.107525615,-0.044818603,-0.038767406,0.17035227,-0.388903963,0.43164781,-0.523063599,0.056118045,-0.259386426,0.428981606,-0.296176152
KEGG_MEDICUS_REFERENCE_TLR5_NFKB_SIGNALING_PATHWAY,0.040378818,0.330270745,-0.133671523,0.453459178,0.393850319,0.23094227,-0.167546947,-0.02389471,0.369939614,-0.050859722,0.487372236,0.184455196,-0.085313244,0.221964448,0.099981623,-0.061894521,0.032648705,-0.009859029,-0.164479817,0.081383796,0.026709666,0.229454786,0.250752178,0.216331971,-0.287611082,0.036168573,0.403074375,0.284815071,0.16069514,0.16493056,-0.033268995,0.025883106,-0.268697135,-0.110806607,-0.077958476,-0.05400854,0.221729788,-0.352550689,-0.008595549,0.41002915,-0.216134986,0.250093897,0.088122164,0.229729868,0.193268385,-0.105057793,-0.201073024,0.243222111,-0.115204475,0.334560812
KEGG_MEDICUS_REFERENCE_TLR7_8_9_IRF5_SIGNALING_PATHWAY,0.202899414,0.109332592,0.120665958,0.828152473,0.310527112,0.179438481,-0.629164952,-0.159967624,0.058178902,0.161999923,0.484513359,0.527223351,0.53013075,0.597283768,0.461072242,-0.458027521,-0.292892086,0.156637104,-0.102962099,0.293024095,0.285786192,0.62189934,-0.315336603,0.526782529,0.418821305,-0.039196755,0.675541601,0.647290555,0.294164475,0.405396625,0.145926729,0.052611664,0.039051198,0.24890854,0.231110673,0.280380011,0.457928192,-0.410860733,0.173501456,0.544367182,0.250716284,0.557404887,0.412756976,-0.48011816,0.129662981,-0.513290072,-0.437898076,0.508528591,0.176825502,0.093403122
KEGG_MEDICUS_REFERENCE_TLR7_9_IRF7_SIGNALING_PATHWAY,0.020019035,0.025077382,-0.621647119,0.750511243,0.235071485,-0.036859207,-0.549382252,0.30656466,0.197408146,0.246082379,0.608379427,0.565171685,0.503045638,0.715947429,0.652502887,-0.335903096,-0.415784979,0.660607772,0.157374427,0.254342038,-0.122209009,0.639366762,-0.376143042,0.409919624,0.481021076,-0.102028425,0.539807045,0.720370081,0.068999212,0.412530116,0.038888388,0.375439863,0.147639797,0.179464821,0.398136157,0.269654968,0.574934584,-0.688133,0.464629663,0.375656228,0.323145441,0.503313687,0.457234242,-0.305777961,0.438143966,-0.206442299,-0.109360224,0.001222091,-0.041297336,0.049806009
KEGG_MEDICUS_REFERENCE_TNFSF10_RIPK1_3_SIGNALING_PATHWAY,0.464107879,0.551863988,0.692965572,-0.472461519,0.365995482,-0.544380229,-0.060193017,-0.103842603,0.488163939,-0.036091311,-0.092302833,-0.257864066,0.582143253,0.387026893,0.108867732,0.269202466,0.418319673,0.460738523,-0.401045586,-0.401535966,-0.49094845,0.160967247,0.481209187,0.648699288,-0.531195526,-0.482535399,0.681123478,0.663317795,0.073288998,0.015477278,-0.177659478,-0.314533101,0.600099679,0.525813451,0.093042649,0.287394581,0.55694849,-0.257098644,-0.013597249,0.461878553,-0.610734945,-0.569322855,-0.549463852,0.198797109,-0.119347868,-0.202249856,0.426987408,-0.601424075,0.190115999,0.361066798
KEGG_MEDICUS_REFERENCE_TNF_JNK_SIGNALING_PATHWAY,0.233757969,0.617001934,0.097723988,-0.254946282,0.595430063,-0.196812461,-0.189199903,-0.005470881,0.386085188,-0.191032554,0.391351008,-0.2371489,-0.164196436,0.101788295,0.128887554,-0.13281442,0.292422795,-0.26876852,-0.225298334,0.126044872,-0.178645487,-0.266586474,0.087551234,0.137536875,-0.148740764,-0.110020205,0.111645073,0.17326491,-0.291402243,-0.161441166,-0.193904012,-0.242663954,-0.109898523,-0.027192401,-0.099270864,-0.086822438,-0.119767587,-0.395979662,-0.097865228,-0.007254052,-0.004207114,0.021138893,-0.286701246,-0.018060865,-0.288715826,-0.297189554,-0.13830217,0.175658876,0.244997072,0.094618619
KEGG_MEDICUS_REFERENCE_TNF_NFKB_SIGNALING_PATHWAY,0.069733193,0.479691264,-0.019598988,0.021044075,0.479497403,0.347618525,0.025401755,0.148585907,0.556656287,0.123003886,0.536534178,-0.01192192,-0.487413247,-0.186656391,0.233736894,0.055255704,0.255932883,-0.222514665,-0.252217993,0.376708386,-0.087147801,-0.018565847,0.135935457,0.263999283,-0.287614481,0.075273882,0.196454013,0.200689849,-0.209488862,-0.130346109,-0.099840532,-0.198431878,-0.344673582,-0.019204587,-0.144676538,-0.340727676,-0.051579169,-0.527771639,0.100008449,-0.154293734,-0.197366529,-0.151821785,-0.178894676,0.154266715,0.026464454,-0.358819064,0.027121146,0.034230491,-0.210667566,0.123019538
KEGG_MEDICUS_REFERENCE_TNF_P38_SIGNALING_PATHWAY,-0.162125538,0.492221156,0.147693665,-0.006444846,0.276737836,0.059111031,0.099106781,-0.037096705,0.503717048,-0.053789622,0.282803837,0.261861014,0.096781537,-0.190217596,0.107027416,-0.240004562,0.217502231,-0.31412967,-0.085415224,0.421626446,-0.108199867,-0.061592124,-0.134841064,0.111915111,-0.019426656,0.055253785,0.347746941,0.214674534,-0.039463791,-0.15936448,0.114547922,-0.238352009,0.052866004,0.084609172,0.08367991,-0.184193721,-0.131063251,-0.11351376,0.179666762,-0.215309022,0.012624566,-0.119688742,-0.218713058,0.272475427,-0.208175064,-0.365006004,0.277197167,-0.15137822,-0.21351049,0.08184944
KEGG_MEDICUS_REFERENCE_TNF_RIPK1_3_SIGNALING_PATHWAY,0.441445059,0.333097768,-0.091688476,-0.034744157,0.345777816,0.14202105,-0.00514394,0.012982798,0.489797925,-0.034744157,0.633310431,-0.156419818,0.055770394,0.00415125,0.208399743,-0.485669065,0.2992019,-0.129591192,-0.269502118,0.555628498,-0.597243919,-0.228443383,-0.215553059,0.03961989,-0.339392872,0.024184122,0.547646522,0.135162507,0.096162279,-0.246650506,-0.140240051,-0.077249346,0.287699666,-0.114142191,-0.021426953,-0.127668463,0.51988251,-0.580642608,0.196285478,-0.377179082,-0.371995429,-0.344192517,-0.452934488,-0.216049682,-0.228122846,-0.073151528,-0.072306836,-0.148630605,0.700361961,-0.003514615
KEGG_MEDICUS_REFERENCE_TRAIP_DEPENDENT_REPLISOME_DISASSEMBLY,0.32042617,-0.476543781,0.495161784,0.240005725,-0.769598969,0.580710063,0.705092525,0.432762689,-0.287962778,0.694544798,0.636501744,-0.103323699,-0.494707794,-0.481054971,0.081065023,0.548433313,-0.493677187,0.097658611,0.304452112,0.157158407,0.622609684,0.154406622,-0.056174593,0.163464164,-0.379352341,0.2720291,0.148237538,0.356825379,0.237564684,-0.333879577,0.478562984,0.213524341,0.13801125,-0.019568941,-0.646596491,0.374212883,0.149225717,0.544724069,0.678084821,-0.613672504,-0.369532196,0.291935156,0.637407493,0.41003177,0.613720711,0.525214236,-0.333972007,-0.545784111,-0.696361025,-0.579810143
KEGG_MEDICUS_REFERENCE_TRANSCRIPTIONAL_ACTIVATION_BY_ACETYLATION_OF_H3K27,-0.159836817,0.35876502,0.042623498,0.170331182,0.097499132,-0.027423227,-0.204533141,-0.064573117,0.184323304,0.134428307,-0.021226846,0.154693188,-0.128818219,0.022247851,-0.349291203,0.038739552,-0.133664677,-0.343830994,0.009321037,-0.196589429,0.269097875,-0.512304458,-0.120472576,0.312458481,0.040058146,0.073769568,0.070038137,-0.361142836,-0.336708269,-0.275687728,-0.061327071,-0.244625818,-0.102105007,-0.334864403,-0.400748348,-0.039682888,-0.209798074,-0.062490415,-0.150669633,-0.090933719,-0.0978421,-0.15390057,-0.10953585,0.358610539,-0.090887591,-0.512482432,0.163691415,0.058065802,-0.426433834,-0.237362251
KEGG_MEDICUS_REFERENCE_TRANSCRIPTION_COUPLED_NER,0.409479261,0.09708545,0.101652958,-0.338331164,0.030933544,0.020372755,0.290980292,0.485516319,-0.102501576,0.142150128,-0.326218397,0.014671904,-0.215338107,-0.493445111,-0.335740691,0.533691412,-0.361947816,0.11983337,0.41608403,0.242139549,-0.358001273,0.257839372,-0.008009511,0.117339066,-0.102029066,-0.235911033,-0.348712977,-0.149626551,0.160991124,0.292463582,0.140462439,0.407334913,0.236066235,0.023135255,0.422475745,0.210478386,0.451547646,0.388594145,0.404047299,-0.396107973,-0.173475498,0.372226288,0.205127019,0.399751538,0.333347492,0.021312416,-0.014080972,-0.428546478,-0.473359559,0.358540757
KEGG_MEDICUS_REFERENCE_TRANSLATION_INITIATION,0.311421981,-0.091279117,0.414011411,-0.492389276,-0.565790953,0.477690579,0.39291566,0.817049265,-0.605340079,-0.570665075,0.248602732,-0.643689365,0.505276922,-0.608797592,-0.793313239,0.496943026,0.044223642,0.625515921,0.617016365,0.333816625,-0.632439141,0.432192396,0.654270861,-0.144320399,0.501219363,-0.274440222,-0.580154424,-0.270484177,0.596657962,0.628789572,0.580866168,0.808733508,0.637372923,-0.287132942,0.85124503,0.702900387,0.682919725,0.814657187,0.316245893,-0.467841839,0.497882202,0.561339736,0.583018704,0.307340918,0.494618497,0.709021846,-0.317028943,0.574299935,-0.329297787,0.355478176
KEGG_MEDICUS_REFERENCE_TRANSPORT_OF_CALCIUM,-0.811473931,-0.63096742,-0.015064045,-0.011758615,0.071668408,-0.156953996,0.327079199,-0.582987552,0.040539477,-0.492614736,0.507306513,0.048710085,-0.403481869,0.770250767,0.694208912,-0.566015695,0.727403933,-0.017770161,0.851344038,-0.152715136,-0.640500848,-0.205123579,-0.712971315,0.396269265,-0.545163015,0.621352777,-0.008488777,0.779631968,0.499009123,-0.498106994,-0.32835331,0.31561489,-0.161491058,-0.089211618,-0.662419732,0.069484618,0.676619159,-0.177212021,0.105862117,-0.864423597,-0.31915619,0.022911781,0.082356125,-0.626556017,0.851082696,0.583258163,-0.587006635,-0.045913765,-0.435594443,-0.784773588
KEGG_MEDICUS_REFERENCE_TRAPPI_RAB1_SIGNALING_PATHWAY,0.560207877,0.085288846,0.291666309,-0.164768951,0.488019589,0.28714414,0.468395159,0.358622666,0.222180132,0.170341965,-0.344019937,0.475863499,0.419949583,-0.153389007,-0.238940336,-0.13329632,-0.237580606,0.301619663,0.233476848,0.285719309,0.014387025,0.425676268,0.388338316,0.17698828,0.141452457,0.435827176,-0.305997462,-0.335884647,0.18366426,0.62673544,0.059566787,0.56870294,0.640704477,0.728560109,0.735096511,-0.038929418,0.465767816,0.343476155,0.072743682,-0.23417694,-0.00427159,0.643775731,0.177660012,0.620152895,0.556038902,0.45465378,0.078068592,-0.606708321,-0.454502235,0.682400722
KEGG_MEDICUS_REFERENCE_TRH_TRHR_PLCB_PKC_SIGNALING_PATHWAY,0.547721674,0.195198123,-0.513603124,-0.369119625,0.366031857,-0.344896094,-0.637949973,-0.434899322,0.119729347,-0.657645483,0.085740072,-0.285949654,0.40431123,0.520963982,0.548355806,-0.260941593,0.422638955,-0.552078282,-0.358290733,-0.061646753,-0.174434069,-0.11583877,0.089094577,0.321821732,-0.162290281,-0.183303249,0.678900076,-0.319371639,-0.404957619,-0.597244101,-0.161904296,-0.667037639,0.004147423,0.089870841,-0.62436907,-0.449115463,-0.461208881,-0.642028988,-0.239727548,0.278132984,-0.107047099,-0.491044526,-0.156199895,-0.482707631,-0.585821262,-0.453863938,-0.195085257,0.345274541,0.253020751,-0.280704213
KEGG_MEDICUS_REFERENCE_TSC1_2_MTORC1_SIGNALING_PATHWAY,0.358999245,0.347755236,-0.392920708,-0.441631805,0.067568594,0.181206693,0.493519649,0.032113034,-0.14501067,0.441704779,0.100543404,0.019641715,-0.466121051,-0.165864709,0.131897576,0.004013735,-0.165075349,-0.324191822,0.214223493,-0.444666636,0.199620998,-0.443029331,-0.282484755,0.057094845,-0.295756209,-0.363890289,-0.209828907,-0.566945001,-0.431065711,-0.241695365,0.040266126,-0.313991802,-0.546083831,0.017531125,-0.346551381,-0.422413517,-0.504590979,-0.242238505,-0.170505624,-0.290213785,-0.477093186,0.044838015,-0.241789688,0.304874924,-0.552150576,-0.022069215,0.59892691,-0.495359316,-0.643263683,-0.619225348
KEGG_MEDICUS_REFERENCE_TSH_DUOX2_TG_SIGNALING_PATHWAY,0.415290871,-0.017236877,-0.513434599,-0.353385646,0.488513357,-0.331875492,-0.64002711,-0.441890295,0.118874252,-0.732491321,0.085740072,-0.183707012,0.454195513,0.342531418,0.642780511,-0.286456039,0.457240626,-0.459984977,-0.429315843,0.30928453,-0.139289576,-0.033471835,-0.205143214,0.278938059,-0.349833901,-0.183303249,0.71647294,0.058119577,-0.007656906,-0.589890287,-0.147895451,-0.628484851,0.171732685,0.091011985,-0.621611351,-0.393320887,-0.372982787,-0.566427013,-0.571435512,0.259383452,-0.311029105,-0.493306682,-0.38115008,-0.548152025,-0.513130197,-0.471909243,-0.299417963,0.311311627,0.429547043,-0.06354357
KEGG_MEDICUS_REFERENCE_TSH_TG_SIGNALING_PATHWAY,-0.182311052,0.37195289,0.007619197,-0.053576857,0.261399228,-0.172294773,0.004374098,-0.413330032,0.417192619,0.082983452,0.009593389,-0.085257612,-0.069801938,-0.184092357,0.11314167,-0.278005664,0.15146205,-0.430010841,-0.0328342,0.131271672,0.183437391,0.066664792,0.007625295,0.078575586,-0.072585589,0.345695781,0.192279062,0.12347409,-0.358054949,-0.356589146,-0.032310788,-0.299295517,-0.19986438,-0.182720482,0.003534159,-0.440284478,-0.39046661,-0.330526432,-0.027423526,0.247240137,0.055471245,-0.321677979,-0.218189184,0.357183077,-0.175040414,-0.299619111,0.127544863,-0.078769305,-0.421554361,-0.095246171
KEGG_MEDICUS_REFERENCE_TYPE_II_INTERFERON_TO_JAK_STAT_SIGNALING_PATHWAY,-0.181396757,0.084561568,0.120037102,0.41015799,-0.098577623,0.146489332,-0.399540485,0.316064721,-0.111780797,0.201946677,0.511093868,0.200984471,0.165540108,0.142249809,0.680185182,0.22037253,0.334255653,0.423696239,-0.602542257,-0.15581346,0.252596749,0.556732854,-0.115718619,0.38863802,0.027978339,-0.091198028,0.100902527,0.657916438,0.53052371,0.146744486,0.325350887,0.100131002,-0.046112319,-0.013708259,-0.190093776,0.248931887,0.455522788,0.068165821,0.157911265,0.481402864,0.276628878,-0.338881873,0.356345976,-0.319056064,-0.117719802,0.006243141,-0.058582222,0.362223967,-0.076876972,-0.191245003
KEGG_MEDICUS_REFERENCE_TYPE_I_IFN_SIGNALING_PATHWAY,0.465723298,0.3945912,-0.342693722,0.041887531,-0.167053721,-0.400397887,-0.686248332,-0.304266401,-0.288517246,0.055871469,0.482137387,0.168887988,-0.390765355,0.606115116,0.547674064,0.285081493,-0.329424177,0.318155399,-0.714970697,-0.398933751,-0.338373584,0.216552143,0.213016652,0.421388336,-0.523050317,-0.376265944,0.003708441,0.331066085,-0.11704076,-0.303491081,-0.024471826,-0.102357701,-0.485548732,0.021164141,-0.572691448,-0.58664704,0.380832168,-0.534964656,0.080537988,0.380045784,-0.568791573,-0.634903473,-0.373047075,0.432190985,-0.146576204,-0.608655407,0.516724109,-0.304999512,0.181492086,-0.470157772
KEGG_MEDICUS_REFERENCE_TYPE_I_INTERFERON_TO_JAK_STAT_SIGNALING_PATHWAY,0.362797328,0.1913915,-0.263299914,0.071696725,-0.304897612,-0.371876471,-0.689918737,-0.194989708,-0.315205746,0.055866426,0.261779706,-0.122987774,-0.267055988,0.403706202,0.563089121,0.248371449,-0.348012061,0.177908362,-0.70985067,-0.346502223,-0.37635193,0.019441761,0.179528933,0.298515356,-0.566009565,-0.317231527,0.15168891,0.397025868,-0.092142333,-0.403945656,-0.037558423,-0.108026465,-0.351258319,-0.246584241,-0.559036304,-0.608182514,0.181171955,-0.399229996,-0.128753719,0.284964864,-0.619446489,-0.568241539,-0.422123656,0.325271115,-0.23733981,-0.616013383,0.422415431,-0.074205888,0.305311592,-0.55507259
KEGG_MEDICUS_REFERENCE_TYROSINE_DEGRADATION,0.164763347,-0.73085643,-0.126037532,-0.470507311,0.625586431,0.781183034,-0.669098672,0.623060267,-0.344094436,0.479122773,0.193710479,0.338236031,-0.070233733,-0.907315053,-0.575530539,0.090550968,-0.004194621,0.72997113,-0.03256947,0.69574605,-0.144878006,0.201374358,0.211199937,-0.887585709,-0.529227102,-0.866307088,-0.178615295,0.452881686,0.49824604,0.291139228,0.064482032,0.260331023,0.443990192,0.426199928,0.432350008,0.147464741,-0.411772144,0.325348441,0.209057498,0.288114401,0.251705222,0.038148476,-0.003518585,0.132894262,0.751336874,0.217606985,-0.459603625,-0.13291188,0.464784939,0.831417584
KEGG_MEDICUS_REFERENCE_UCHL1_MEDIATED_HYDROLYSIS,0.134281989,-0.465089317,0.538362646,-0.293425208,-0.472257262,0.487986707,0.534424926,0.780260301,-0.86367856,-0.271989699,0.374521752,-0.32766772,0.312434209,-0.548870824,-0.681908097,0.57623719,-0.103130921,0.593169235,0.202191353,0.259064665,0.480065173,0.317791335,0.136450072,-0.340308066,0.380296065,0.440980895,-0.324528511,0.405731922,0.383752905,0.145155458,0.511398474,0.584087067,0.455633889,0.144925089,0.453655267,0.784838396,0.633409281,0.761165451,-0.054272236,-0.235367693,0.591226103,0.152293091,0.572228092,0.032029024,0.623393532,0.660074383,0.52214508,0.440183379,-0.239014707,0.51319418
KEGG_MEDICUS_REFERENCE_UREA_CYCLE,-0.342080498,-0.529741099,0.039864906,-0.596241064,-0.388530127,0.669646583,0.365502732,0.669149974,0.709484294,0.277330361,0.697385252,-0.120228392,0.697571284,0.090253998,-0.709033419,0.37996685,0.053359279,0.920516059,0.015744966,0.575315725,0.072766506,-0.311627742,-0.379660906,-0.010992202,0.261635542,-0.360784697,0.270501645,0.078101575,0.619229585,0.449077101,0.795019848,0.685473561,0.832470397,-0.060404281,0.555539212,0.21707021,0.356694453,0.345491215,0.475644027,0.201346309,0.06424628,0.440664258,0.075967729,-0.31176705,0.274162156,0.398331646,0.448149833,-0.00741881,-0.536436082,0.25622097
KEGG_MEDICUS_REFERENCE_VALINE_DEGRADATION,0.065670169,-0.016483665,0.084280904,-0.248667966,0.665433213,0.400343954,-0.368449177,0.296305381,0.498736462,0.307500877,-0.399567796,0.502085185,0.211777274,0.226067609,0.342126858,0.129531728,0.105438618,0.457959132,0.143683849,0.612028362,0.250331237,0.586521783,0.110885417,-0.120071478,-0.341074435,0.172854633,-0.226410943,-0.350194857,-0.26447737,0.394143426,0.327031399,0.399711823,0.315514357,0.348748431,0.584405853,-0.128951496,0.125705924,0.203574465,-0.470554814,0.016180974,-0.228232687,0.614892774,-0.343805136,-0.202934407,-0.075075105,0.219231723,0.038447653,-0.534927703,-0.475189054,0.669024178
KEGG_MEDICUS_REFERENCE_VGCC_CA2_APOPTOTIC_PATHWAY,-0.252468288,-0.13412114,-0.173653802,-0.586765306,-0.243101036,-0.040427991,0.453287682,0.101581276,0.452315738,-0.007165428,-0.136538089,-0.107091791,0.46284638,0.123541603,-0.489273494,0.184071343,0.093788405,0.537450003,-0.00937481,0.282766075,0.164163958,-0.038668747,-0.085614213,-0.39538625,0.28085846,0.471457256,0.347820842,0.10108745,0.431671168,0.321098796,0.27377363,0.088889082,0.507809262,-0.005237586,0.269116712,0.366542853,0.044370374,0.262501465,-0.01688835,0.186659587,0.054374547,0.34148141,0.12933134,0.040118293,0.254453728,0.25077538,-0.086727689,-0.245439653,-0.137302043,-0.07642953
KEGG_MEDICUS_REFERENCE_V_D_J_RECOMBINATION,0.365475984,-0.355283107,0.149645422,0.258926263,0.445926303,-0.221380405,-0.09345613,0.187805269,0.420405935,-0.0102203,0.202125202,-0.196612207,-0.153810119,0.354635543,0.1783371,0.658416599,-0.373000845,0.336854889,0.050489204,0.451573306,-0.207772631,0.041634519,-0.048747993,0.53393188,-0.488576489,-0.028719845,0.363767484,-0.160824887,0.162966823,-0.27286376,0.105508132,0.169673044,0.022386205,-0.70907922,0.425654656,-0.368975022,-0.103301042,-0.337564275,0.161595293,-0.247338862,-0.039305503,-0.355509443,-0.084152981,0.217061404,0.284883684,-0.174498133,-0.056776262,-0.324776534,-0.346098365,0.049020145
KEGG_MEDICUS_REFERENCE_WEE1_CELL_CYCLE_G2_M,-0.089333886,-0.743062639,0.789772353,-0.291230689,-0.900734023,-0.077061902,0.321074671,0.426444457,-0.05502839,0.573485954,0.552675244,-0.216116225,-0.576406699,-0.65078512,-0.302909013,0.629753267,-0.465710161,0.053132534,0.577833577,-0.0438549,0.078234976,0.538132744,-0.125067677,0.63558631,-0.637387003,0.034712893,-0.181465439,0.038544837,0.202005087,-0.241292186,0.169347102,0.371943734,0.599104791,-0.637134609,-0.764831513,0.460120823,0.350259261,0.513372537,0.560187692,-0.790765894,-0.420243235,-0.219774975,0.329675507,0.526980689,0.619876556,0.100151215,-0.277724515,-0.261946918,-0.629039461,-0.538548077
KEGG_MEDICUS_REFERENCE_WNT5A_ROR_SIGNALING_PATHWAY,-0.563577991,-0.378253377,-0.472952494,0.367353112,-0.015358555,-0.335571081,0.374200321,-0.24044571,-0.090898315,-0.120628798,-0.277553447,0.257359679,-0.096272167,0.610879178,0.287878699,-0.214346831,0.323579422,0.011541047,0.084580598,-0.133632717,0.369255564,0.007791891,-0.213601874,-0.183738297,0.429377615,0.337967771,-0.38654071,-0.327203888,-0.462235228,-0.29731195,-0.438568073,-0.286297909,-0.156134182,-0.173053576,-0.294189949,-0.15309139,-0.369474138,0.164400639,-0.012412431,0.284155437,0.468729153,0.357739162,-0.155251623,0.320782522,-0.489423245,-0.236772287,0.404564945,0.22166925,-0.104316723,-0.273548773
KEGG_MEDICUS_REFERENCE_WNT_SIGNALING_MODULATION_LGR_RSPO,-0.400553734,-0.334019144,-0.385896189,0.295599548,0.023656564,0.109042132,0.031125787,-0.362730796,-0.099234672,-0.526876562,-0.489389742,0.05694704,0.137061658,0.560878529,0.373216902,0.005645939,0.452345869,-0.006018435,0.203953172,-0.079940558,0.422877584,-0.045308842,-0.479003468,-0.447034889,0.394843166,0.043471047,-0.201388171,-0.326980077,-0.234965928,-0.087914562,-0.100864149,-0.398248027,-0.239737954,-0.102024775,-0.288844035,-0.2122395,-0.281214013,-0.075483836,0.000756602,0.170987259,0.382473599,0.33281792,-0.302241906,0.225072559,-0.113313819,-0.44439608,0.308976382,0.527168432,0.216416491,0.262822013
KEGG_MEDICUS_REFERENCE_WNT_SIGNALING_MODULATION_SOST_LRP4,-0.625496987,-0.214032261,-0.531015117,0.379327596,0.190610914,-0.155947631,0.412685581,-0.414314028,0.05043586,-0.484870701,-0.544219562,0.132464722,-0.110931152,0.375246261,0.323561102,0.023162385,0.555568781,-0.076904141,0.33577096,0.028962438,0.496041271,-0.265279729,-0.474377873,-0.318179248,0.409847908,0.333897949,-0.167808751,-0.548857204,-0.305168372,-0.240170438,-0.416883394,-0.377947237,-0.205242794,0.082628561,-0.164785739,-0.454400688,-0.592108313,0.156424346,-0.163583594,0.079150177,0.455884689,0.298547248,-0.402622019,0.185087509,-0.411647314,-0.421333109,0.378414669,0.267678418,-0.261315741,-0.150115745
KEGG_MEDICUS_REFERENCE_WNT_SIGNALING_MODULATION_WNT_ACYLATION,-0.288472095,-0.190968114,-0.202164123,0.510786135,0.256952964,-0.521113324,-0.265640351,0.01701812,-0.49396788,-0.579587043,-0.038100676,0.387264028,0.110735831,0.540318434,-0.078601623,-0.180303335,-0.406870629,0.226023992,-0.121978685,-0.129411942,-0.33335532,0.079052696,-0.420757078,-0.621319452,0.224490193,0.044686812,-0.558457883,0.278654655,-0.26757633,0.038555305,-0.564338603,0.167123118,-0.155299285,-0.514786847,-0.186156122,0.081446531,-0.184668359,0.255742949,-0.383373059,-0.187437931,0.307833227,0.152317103,-0.003862173,-0.116811543,-0.11351009,0.259960531,-0.180395116,0.310138516,0.523368089,-0.02348922
KEGG_MEDICUS_REFERENCE_WNT_SIGNALING_MODULATION_WNT_INHIBITOR,-0.413720363,-0.178768026,-0.247328862,0.31105858,0.070590088,-0.172126817,-0.37965805,-0.230964001,-0.396843376,-0.674162888,-0.136733235,0.225409237,0.137885708,0.57996063,-0.144289604,-0.500268719,0.158748102,0.22099511,-0.222818438,0.000552932,-0.176445775,0.13060726,-0.424863073,-0.653911576,0.366900768,0.284698129,-0.570305297,0.296219334,-0.017965347,0.038583175,-0.247993591,0.061688772,-0.102902627,-0.39623859,-0.19726303,0.149558891,-0.074748378,0.235386879,-0.273388326,0.042142378,0.473398007,0.319796845,-0.003749918,-0.14288458,-0.159723663,0.203550809,-0.05013749,0.502667933,0.515630989,0.123666514
KEGG_MEDICUS_REFERENCE_WNT_SIGNALING_PATHWAY,-0.421222368,-0.139996556,-0.357140269,0.297247249,0.298886833,-0.279527551,-0.018123645,-0.264649133,-0.199500261,-0.46062159,-0.346256304,0.171662543,0.053768664,0.461531523,0.166496128,-0.211532288,0.128809393,-0.035626879,-0.18288773,0.092541651,0.083804383,-0.005647572,-0.363967043,-0.2799288,0.079443607,0.111986355,-0.194945872,-0.289877279,-0.421665088,-0.34006042,-0.424094108,-0.356254012,-0.204622233,-0.389074597,-0.060779775,-0.352915743,-0.350547683,-0.104704709,-0.233498671,-0.083807779,0.192353692,-0.071821693,-0.319280873,0.161531108,-0.327792991,-0.203427963,0.118004227,0.285537321,0.08503875,-0.106637172
KEGG_MEDICUS_VARIANT_AML1_ETO_FUSION_TO_PU.1_MEDIATED_TRANSCRIPTION,0.518137043,0.243272995,-0.081295678,0.907029331,0.304565268,0.033633694,-0.146433084,-0.351502757,-0.672328287,-0.447816522,0.734367951,0.124298834,0.656860384,0.629615757,0.537149565,-0.458269422,0.347920238,-0.33015998,-0.657411093,-0.367016593,0.225862135,0.581089427,0.231367668,0.525753208,0.278302869,-0.494342591,0.52038115,0.676621149,0.292753873,0.364750134,0.024534915,0.448725687,-0.649956657,0.456645313,-0.398536687,0.571130865,0.628995339,-0.155891461,0.128304611,0.731793813,0.691017761,0.104426722,0.797664718,-0.66841108,-0.582300008,0.207838701,-0.469708894,0.547566951,0.278913659,-0.588559054
KEGG_MEDICUS_VARIANT_AMPLIFIED_CCND1_TO_CELL_CYCLE_G1_S,0.267351036,-0.228254985,0.383812349,0.454909539,-0.2932629,0.451189506,0.733560474,0.302566944,0.121838651,0.287701492,0.057248413,0.139313685,-0.294741648,0.189499842,0.421566738,0.428029177,-0.059916982,-0.27850951,0.666158489,-0.45926684,-0.223572841,-0.433946941,0.157022905,0.253229622,0.075564925,0.235085871,0.135433478,0.068685504,-0.01900257,-0.147965995,0.27859437,0.454259155,-0.075774853,-0.308183396,-0.405631939,0.327983378,0.368271984,-0.153149879,0.328735739,-0.356018202,-0.274829696,0.164766224,0.107190677,0.375319748,0.286832118,0.4261854,-0.257729375,-0.137805046,-0.766707476,-0.618160787
